numPlayed,heuristicList,remainingTime
3,5.0;4.0;2.0;1.0,400.0;144.4444444444444;64.28571428571428
1,6.0;5.0,500.0
1,6.0;5.0,500.0
1,5.0;4.0,400.0
1,6.0;5.0,500.0
1,7.0;6.0,600.0
1,7.0;6.0,600.0
1,5.0;4.0,400.0
