numPlayed,heuristicList,remainingTime
4,10.0;7.0;6.0;4.0;2.147483647E9,233.33333333333337;283.33333333333337;205.26315789473682;999600.0
1,11.0;10.0,1000.0
1,10.0;8.0,400.0
1,12.0;9.0,300.0
1,12.0;9.0,300.0
1,11.0;10.0,1000.0
1,11.0;9.0,450.0
1,12.0;10.0,500.0
1,10.0;9.0,900.0
1,12.0;9.0,300.0
1,12.0;9.0,300.0
