numPlayed,heuristicList,remainingTime
3,9.0;6.0;4.0;2.147483647E9,200.0;153.33333333333326;999700.0
1,11.0;10.0,1000.0
1,13.0;10.0,333.33333333333337
1,11.0;9.0,450.0
1,10.0;8.0,400.0
1,10.0;9.0,900.0
1,10.0;9.0,900.0
1,10.0;9.0,900.0
1,10.0;9.0,900.0
1,12.0;10.0,500.0
1,10.0;9.0,900.0
