numPlayed,heuristicList,remainingTime
4,12.0;9.0;6.0;4.0;2.147483647E9,300.0;200.0;137.03703703703707;999600.0
1,10.0;9.0,900.0
1,11.0;10.0,1000.0
1,13.0;10.0,333.33333333333337
1,12.0;10.0,500.0
1,9.0;7.0,350.0
1,12.0;10.0,500.0
1,11.0;10.0,1000.0
1,10.0;9.0,900.0
1,12.0;11.0,1100.0
1,11.0;9.0,450.0
