numPlayed,heuristicList,remainingTime
7,12.0;9.0;6.0;4.0;3.0;2.0;0.0;1.0,300.0;200.0;137.03703703703707;95.65217391304344;50.0;-28.30188679245282;-62.22222222222217
1,12.0;10.0,500.0
1,10.0;9.0,900.0
1,12.0;10.0,500.0
1,12.0;9.0,300.0
1,10.0;9.0,900.0
1,13.0;12.0,1200.0
1,10.0;9.0,900.0
