numPlayed,heuristicList,remainingTime
17,35.0;34.0;33.0;32.0;33.0;34.0;34.0;33.0;32.0;32.0;32.0;32.0;32.0;32.0;32.0;32.0;32.0;2.147483647E9,3400.0;3300.0;3200.0;5366.666666666667;12777.77777777778;31033.33333333332;27789.999999999996;17781.818181818184;15661.764705882357;15326.086956521742;15722.413793103446;16520.0;17581.707317073167;18840.42553191489;20259.433962264153;21816.949152542373;998300.0
14,33.0;31.0;29.0;26.0;26.0;26.0;26.0;26.0;29.0;29.0;29.0;27.0;29.0;29.0;29.0,1550.0;1450.0;1143.4782608695655;1326.3157894736842;1632.0754716981132;2017.6470588235293;2471.0843373493976;4140.540540540541;6683.076923076925;10571.428571428569;11090.338164251209;17068.965517241373;26663.829787234034;43270.37037037038
12,34.0;33.0;32.0;32.0;32.0;32.0;32.0;32.0;32.0;32.0;32.0;32.0;32.0,3300.0;3200.0;4528.571428571428;6320.000000000001;8500.0;11050.0;13963.157894736842;17236.36363636364;20867.999999999996;24857.142857142848;29203.22580645161;33905.88235294118
11,34.0;33.0;32.0;32.0;32.0;32.0;32.0;32.0;32.0;32.0;32.0;33.0,3300.0;3200.0;4528.571428571428;6320.000000000001;8500.0;11050.0;13963.157894736842;17236.36363636364;20867.999999999996;24857.142857142848;45686.66666666667
10,35.0;34.0;33.0;32.0;31.0;33.0;33.0;33.0;33.0;33.0;33.0,3400.0;3300.0;3200.0;3100.0;5525.0;8940.0;13510.0;19399.999999999996;26775.0;35800.0
9,35.0;34.0;33.0;32.0;33.0;34.0;33.0;32.0;33.0;34.0,3400.0;3300.0;3200.0;5366.666666666667;12777.77777777778;15300.000000000002;12345.454545454546;16211.11111111111;31870.588235294104
2,33.0;32.0;33.0,3200.0;999800.0
1,32.0;33.0,999900.0
