numPlayed,heuristicList,remainingTime
20,24.0;23.0;20.0;18.0;18.0;19.0;16.0;16.0;14.0;13.0;13.0;13.0;12.0;11.0;12.0;11.0;10.0;8.0;6.0;4.0;2.0,230.0;101.66666666666666;86.19047619047619;101.17647058823528;144.44444444444443;132.35294117647055;137.0212765957447;124.70588235294122;114.70588235294122;113.02521008403363;115.70934256055361;114.20454545454547;109.64953271028034;114.38095238095238;114.63844797178126;111.27272727272725;100.37272342227868;84.94736842105266;67.35013032145963;49.09003831417624
5,24.0;22.0;21.0;20.0;20.0;20.0,110.0;138.88888888888889;152.3076923076923;193.99999999999997;249.38271604938274
4,23.0;21.0;20.0;20.0;20.0,105.0;132.22222222222223;195.0;277.1428571428571
1,24.0;24.0,999990.0
1,24.0;24.0,999990.0
1,24.0;24.0,999990.0
1,24.0;24.0,999990.0
1,24.0;24.0,999990.0
1,24.0;24.0,999990.0
1,24.0;24.0,999990.0
1,24.0;24.0,999990.0
