numPlayed,heuristicList,remainingTime
10,24.0;18.0;17.0;17.0;17.0;17.0;15.0;15.0;15.0;15.0;16.0,30.0;46.190476190476204;71.36363636363636;104.00000000000003;143.859649122807;142.41379310344828;153.46153846153845;170.88435374149654;192.71186440677968;240.62500000000006
10,24.0;20.0;17.0;17.0;17.0;16.0;16.0;16.0;16.0;16.0;16.0,50.0;48.0952380952381;66.25000000000001;91.76470588235293;107.14285714285714;128.75;155.06329113924053;185.531914893617;219.90825688073397;258.0645161290323
6,24.0;23.0;21.0;20.0;20.0;20.0;20.0,230.0;141.11111111111111;142.14285714285714;176.36363636363637;223.88888888888886;281.57894736842104
4,24.0;23.0;21.0;20.0;2.147483647E9,230.0;141.11111111111111;142.14285714285714;999960.0
4,24.0;20.0;20.0;20.0;20.0,50.0;96.66666666666666;160.0;240.0
1,24.0;24.0,999990.0
1,24.0;24.0,999990.0
1,24.0;23.0,230.0
1,24.0;24.0,999990.0
1,24.0;24.0,999990.0
1,24.0;24.0,999990.0
