numPlayed,heuristicList,remainingTime
11,24.0;23.0;21.0;20.0;20.0;19.0;19.0;19.0;18.0;18.0;17.0;18.0,230.0;141.11111111111111;142.14285714285714;176.36363636363637;186.66666666666666;213.33333333333337;249.01639344262293;257.5609756097561;276.99029126213594;275.3731343283582;310.2380952380953
8,24.0;22.0;20.0;20.0;20.0;19.0;19.0;19.0;2.147483647E9,110.0;100.0;138.57142857142856;191.99999999999994;210.2150537634409;244.2857142857144;287.92452830188677;999920.0
6,24.0;22.0;20.0;20.0;20.0;20.0;20.0,110.0;100.0;138.57142857142856;191.99999999999994;257.6923076923077;335.00000000000006
1,24.0;24.0,999990.0
1,24.0;24.0,999990.0
1,24.0;24.0,999990.0
1,24.0;24.0,999990.0
1,24.0;24.0,999990.0
1,24.0;24.0,999990.0
1,24.0;24.0,999990.0
1,24.0;24.0,999990.0
