numPlayed,heuristicList,remainingTime
13,24.0;22.0;19.0;18.0;18.0;17.0;16.0;16.0;16.0;16.0;15.0;13.0;15.0;14.0,110.0;76.66666666666667;83.80952380952381;106.25;118.40277777777777;123.14285714285714;136.19565217391303;154.15204678362568;175.8088235294117;184.52380952380952;170.45045045045043;189.99999999999994;198.3050847457627
7,24.0;22.0;20.0;20.0;20.0;18.0;18.0;2.147483647E9,110.0;100.0;138.57142857142856;191.99999999999994;175.92592592592595;188.46153846153842;999930.0
5,24.0;22.0;20.0;20.0;20.0;20.0,110.0;100.0;138.57142857142856;191.99999999999994;257.6923076923077
1,24.0;24.0,999990.0
1,24.0;24.0,999990.0
1,24.0;24.0,999990.0
1,24.0;24.0,999990.0
1,24.0;23.0,230.0
