numPlayed,heuristicList,remainingTime
34,48.0;48.0;47.0;43.0;42.0;42.0;40.0;40.0;38.0;38.0;36.0;36.0;36.0;37.0;35.0;34.0;34.0;34.0;32.0;32.0;31.0;32.0;32.0;32.0;33.0;32.0;33.0;30.0;31.0;31.0;30.0;30.0;30.0;31.0;2.147483647E9,999900.0;9433.333333333332;2756.25;2482.3529411764703;2778.846153846154;2724.390243902439;2931.2499999999995;2874.2616033755276;2995.5882352941185;2922.222222222222;2982.440476190476;3119.4029850746274;3428.5714285714284;3520.8955223880594;3553.79746835443;3643.9560439560437;3775.4854368932038;3744.351464435146;3768.566176470589;3748.9247311827967;3852.8081692195483;3979.6271637816244;4125.821596244131;4370.574712643678;4543.2692307692305;4815.739804516346;4840.461893764435;4973.493975903615;5121.425694724123;5200.598802395209;5297.413491786088;5409.573770491805;5615.283842794759;996600.0
1,48.0;48.0,999900.0
1,48.0;48.0,999900.0
1,48.0;48.0,999900.0
1,48.0;48.0,999900.0
1,48.0;48.0,999900.0
1,48.0;48.0,999900.0
1,48.0;48.0,999900.0
