numPlayed,heuristicList,remainingTime
12,48.0;42.0;42.0;41.0;40.0;38.0;39.0;38.0;38.0;36.0;37.0;34.0;2.147483647E9,700.0;1366.6666666666667;1909.5238095238092;2305.882352941176;2318.7134502923977;2835.135135135135;3164.285714285714;3600.0;3594.5121951219517;3979.591836734693;3769.2209450830132;998800.0
11,48.0;46.0;42.0;42.0;42.0;42.0;40.0;38.0;38.0;38.0;38.0;39.0,2300.0;1411.1111111111113;1872.7272727272725;2550.0;3388.8888888888887;3475.0000000000005;3220.0;3305.8823529411757;3540.697674418605;3865.3846153846152;4492.846924177397
11,48.0;46.0;42.0;42.0;41.0;39.0;38.0;38.0;38.0;38.0;38.0;38.0,2300.0;1411.1111111111113;1872.7272727272725;2233.3333333333335;2258.333333333333;2331.1111111111113;2572.5;2906.6666666666665;3308.333333333333;3766.666666666666;4276.25
1,48.0;48.0,999900.0
1,48.0;48.0,999900.0
1,48.0;47.0,4700.0
1,48.0;48.0,999900.0
1,48.0;47.0,4700.0
1,48.0;48.0,999900.0
1,48.0;48.0,999900.0
1,48.0;48.0,999900.0
