numPlayed,heuristicList,remainingTime
21,10.0;10.0;10.0;10.0;10.0;10.0;10.0;10.0;9.0;9.0;10.0;10.0;10.0;10.0;10.0;10.0;10.0;10.0;10.0;10.0;10.0;2.147483647E9,999900.0;999800.0;999700.0;999600.0;999500.0;999400.0;999300.0;14433.333333333336;9656.25;14928.571428571428;22886.11111111111;35240.00000000001;55412.5;91388.88888888889;167125.0;402400.00000000035;998300.0;998200.0;998100.0;998000.0;997900.0
1,10.0;10.0,999900.0
1,10.0;10.0,999900.0
1,10.0;10.0,999900.0
1,10.0;10.0,999900.0
1,10.0;10.0,999900.0
1,10.0;10.0,999900.0
1,10.0;10.0,999900.0
