numPlayed,heuristicList,remainingTime
3,7.0;5.0;5.0;5.0,250.0;466.66666666666663;766.6666666666667
2,6.0;5.0;1.0,500.0;60.0
1,5.0;5.0,999900.0
1,6.0;5.0,500.0
1,6.0;5.0,500.0
1,5.0;5.0,999900.0
1,6.0;5.0,500.0
1,6.0;5.0,500.0
