numPlayed,heuristicList,remainingTime
40,13.0;9.0;7.0;8.0;8.0;8.0;8.0;9.0;9.0;9.0;9.0;8.0;8.0;7.0;6.0;7.0;7.0;7.0;8.0;7.0;6.0;6.0;6.0;6.0;7.0;7.0;7.0;7.0;7.0;7.0;6.0;7.0;7.0;7.0;7.0;7.0;6.0;7.0;6.0;6.0;7.0,225.0;222.22222222222223;394.11764705882354;618.1818181818181;895.0617283950619;1224.9999999999998;2100.0;3361.9047619047624;5134.615384615387;7583.333333333332;7033.333333333333;6933.333333333331;5443.749999999999;4004.000000000001;3921.4876033057844;3932.3943661971825;4004.9079754601216;4702.409638554216;4780.319148936171;4356.521739130435;4099.632352941177;3944.5859872611445;3857.0224719101116;4166.844919786096;4489.7959183673465;4825.8536585365855;5175.000000000001;5537.219730941704;5912.499999999998;5812.5;6217.580340264651;6636.385836385838;7068.91651865009;7515.172413793105;7975.153545505305;7846.15384615384;8333.333333333334;8233.333333333332;8172.868217054263;8695.431472081222
21,13.0;8.0;7.0;7.0;8.0;8.0;8.0;8.0;8.0;9.0;9.0;8.0;7.0;6.0;7.0;6.0;6.0;6.0;7.0;7.0;6.0;2.147483647E9,160.0;211.11111111111114;310.52631578947364;581.8181818181818;940.0;1385.7142857142858;1919.354838709677;2541.176470588235;4499.999999999999;7954.545454545454;8365.432098765432;6272.727272727273;4356.756756756758;4319.259259259259;3710.743801652892;3399.999999999999;3238.9799635701265;3569.3877551020423;3918.181818181818;3818.181818181818;997900.0
9,11.0;9.0;7.0;8.0;8.0;8.0;8.0;9.0;9.0;9.0,450.0;350.0;645.4545454545455;1028.5714285714284;1500.0;2060.0;4112.5;8155.555555555553;17287.499999999985
5,9.0;7.0;8.0;8.0;8.0;8.0,350.0;1500.0;3850.0;7800.0;13749.999999999998
2,8.0;7.0;8.0,700.0;999800.0
1,8.0;8.0,999900.0
1,8.0;8.0,999900.0
1,8.0;8.0,999900.0
