numPlayed,heuristicList,remainingTime
24,7.0;6.0;5.0;5.0;3.0;3.0;3.0;3.0;3.0;3.0;3.0;2.0;2.0;2.0;2.0;2.0;2.0;2.0;2.0;2.0;2.0;2.0;2.0;2.0;2.0,600.0;500.0;671.4285714285713;377.7777777777778;333.33333333333337;339.9999999999999;370.58823529411757;417.20430107526886;476.7123287671229;547.6190476190477;484.27672955974845;450.0000000000002;433.3333333333335;428.68217054263596;432.9896907216496;444.44444444444434;461.9047619047619;484.61538461538476;512.0567375886526;543.8596491228068;579.754601226994;619.5402298850577;663.063063063063;710.204081632653
15,8.0;7.0;5.0;5.0;3.0;3.0;3.0;2.0;2.0;2.0;2.0;2.0;2.0;2.0;2.0;2.147483647E9,700.0;344.44444444444457;418.18181818181824;266.66666666666663;238.7387387387388;243.9999999999999;189.9999999999999;162.96296296296305;150.0;146.1538461538462;149.1111111111111;157.64705882352928;171.05263157894706;188.88888888888914;998500.0
11,7.0;5.0;5.0;4.0;3.0;3.0;3.0;3.0;3.0;3.0;3.0;3.0,250.0;466.66666666666663;433.33333333333337;333.33333333333337;333.33333333333337;366.66666666666674;420.0;488.8888888888889;571.4285714285713;666.666666666667;774.0740740740741
11,7.0;6.0;4.0;3.0;3.0;3.0;3.0;3.0;3.0;3.0;3.0;3.0,600.0;277.7777777777778;207.1428571428571;218.18181818181813;255.55555555555554;310.52631578947376;380.43478260869574;464.19753086419746;561.2903225806449;671.4285714285713;794.4444444444443
2,6.0;5.0;5.0,500.0;966.6666666666665
1,7.0;7.0,999900.0
1,8.0;7.0,700.0
1,8.0;7.0,700.0
1,8.0;7.0,700.0
1,8.0;7.0,700.0
1,7.0;7.0,999900.0
