numPlayed,heuristicList,remainingTime
13,7.0;6.0;5.0;5.0;4.0;3.0;3.0;3.0;3.0;3.0;3.0;3.0;3.0;3.0,600.0;500.0;671.4285714285713;571.4285714285716;423.0769230769232;394.73684210526324;406.0;438.70967741935465;486.4864864864867;546.5116279069766;617.3469387755101;698.1818181818178;788.5245901639341
12,7.0;6.0;5.0;4.0;3.0;3.0;3.0;3.0;3.0;3.0;3.0;3.0;3.0,600.0;500.0;400.0;300.0;294.44444444444446;320.0;364.0;422.2222222222224;492.85714285714266;575.0;668.148148148148;771.9999999999995
12,7.0;6.0;5.0;4.0;3.0;3.0;3.0;3.0;3.0;3.0;3.0;3.0;3.0,600.0;500.0;400.0;300.0;294.44444444444446;320.0;364.0;422.2222222222224;492.85714285714266;575.0;668.148148148148;771.9999999999995
9,8.0;7.0;6.0;5.0;4.0;3.0;3.0;3.0;2.0;2.147483647E9,700.0;600.0;500.0;400.0;300.0;276.0;280.0;221.21212121212125;999100.0
4,7.0;6.0;5.0;5.0;5.0,600.0;500.0;671.4285714285713;920.0
2,6.0;5.0;5.0,500.0;966.6666666666665
1,8.0;7.0,700.0
1,8.0;7.0,700.0
