numPlayed,heuristicList,remainingTime
3,7.0;5.0;4.0;4.0,25.0;25.555555555555557;35.0
3,7.0;5.0;4.0;2.147483647E9,25.0;25.555555555555557;999970.0
1,5.0;4.0,40.0
1,7.0;6.0,60.0
1,5.0;4.0,40.0
1,6.0;5.0,50.0
1,6.0;5.0,50.0
1,5.0;4.0,40.0
1,6.0;5.0,50.0
1,6.0;5.0,50.0
1,6.0;5.0,50.0
