numPlayed,heuristicList,remainingTime
2,3.0;1.0;1.0,50.0;66.66666666666669
2,3.0;1.0;0.0,50.0;-11.111111111111114
1,4.0;2.0,100.0
1,2.0;1.0,100.0
1,2.0;1.0,100.0
1,4.0;2.0,100.0
1,3.0;1.0,50.0
1,3.0;1.0,50.0
