numPlayed,heuristicList,remainingTime
37,21.0;19.0;17.0;12.0;11.0;9.0;8.0;7.0;6.0;5.0;5.0;5.0;5.0;5.0;5.0;5.0;5.0;5.0;5.0;5.0;5.0;5.0;5.0;5.0;5.0;5.0;4.0;4.0;4.0;4.0;4.0;4.0;4.0;4.0;4.0;2.0;1.0;1.0,950.0;850.0;444.8275862068965;392.5925925925925;333.33333333333326;296.9230769230769;263.48314606741576;226.78062678062656;184.61538461538476;159.34065934065939;144.44444444444434;136.84210526315792;134.88372093023236;137.60683760683742;144.41219158200306;154.90716180371373;168.8237688237689;185.9728506787328;206.21707060063227;229.45430637738355;255.60704355885082;284.61538461538476;316.4323132065065;351.02040816326553;388.34951456310637;388.48484848484804;391.71597633136116;397.7667493796539;406.42004306126455;417.50278706800464;430.87533156498694;446.4237516869098;464.0541848089015;483.68860055607047;418.57122322840314;320.5087440381558;233.21046811647557
3,21.0;18.0;17.0;17.0,600.0;833.3333333333333;1253.8461538461538
3,22.0;19.0;18.0;17.0,633.3333333333334;883.3333333333333;1037.4999999999998
2,20.0;17.0;17.0,566.6666666666667;1100.0
1,22.0;20.0,1000.0
1,19.0;18.0,1800.0
1,22.0;20.0,1000.0
1,21.0;20.0,2000.0
1,18.0;18.0,999900.0
1,21.0;19.0,950.0
1,20.0;19.0,1900.0
