numPlayed,heuristicList,remainingTime
37,23.0;18.0;16.0;13.0;12.0;11.0;10.0;9.0;8.0;7.0;6.0;5.0;4.0;4.0;4.0;4.0;4.0;4.0;4.0;4.0;4.0;4.0;3.0;3.0;3.0;3.0;3.0;3.0;3.0;3.0;3.0;3.0;3.0;3.0;3.0;3.0;3.0;2.147483647E9,360.0;442.8571428571428;396.875;407.4074074074073;419.7530864197531;422.8070175438595;413.63636363636374;392.0792079207922;359.07335907335914;315.9509202453987;264.1089108910892;204.85829959514172;162.5;130.86053412462888;106.67539267015695;88.05620608899312;73.83474576271192;63.24951644100588;55.78291814946601;51.07084019769354;48.84969325153406;24.858757062147106;4.013961605584882;-14.146341463414501;-29.965753424657578;-43.70529327610893;-55.56680161943359;-65.70881226053689;-74.25757575757552;-81.31487889273376;-86.96369636963709;-91.27234490010505;-94.29758308157079;-96.08695652173901;-96.68059424326839;-96.11260053619299;996300.0
7,23.0;18.0;16.0;13.0;12.0;11.0;10.0;10.0,360.0;442.8571428571428;396.875;407.4074074074073;419.7530864197531;422.8070175438595;457.1428571428571
7,23.0;18.0;16.0;13.0;12.0;11.0;10.0;10.0,360.0;442.8571428571428;396.875;407.4074074074073;419.7530864197531;422.8070175438595;457.1428571428571
1,18.0;16.0,800.0
1,18.0;18.0,999900.0
1,21.0;21.0,999900.0
1,21.0;18.0,600.0
1,21.0;18.0,600.0
1,19.0;18.0,1800.0
1,22.0;19.0,633.3333333333334
1,21.0;19.0,950.0
