numPlayed,heuristicList,remainingTime
13,21.0;17.0;14.0;12.0;10.0;9.0;8.0;8.0;8.0;8.0;8.0;8.0;8.0;8.0,425.0;395.2380952380952;383.33333333333337;348.14814814814827;333.33333333333337;316.94915254237276;329.41176470588243;358.86524822695037;400.89686098654715;453.4883720930234;515.5858930602958;586.5853658536587;666.115702479339
10,23.0;18.0;16.0;13.0;12.0;11.0;10.0;10.0;10.0;10.0;10.0,360.0;442.8571428571428;396.875;407.4074074074073;419.7530864197531;422.8070175438595;457.1428571428571;511.1111111111111;580.2816901408453;662.6016260162601
9,22.0;19.0;16.0;12.0;10.0;9.0;8.0;7.0;6.0;2.147483647E9,633.3333333333334;533.3333333333334;372.72727272727263;309.67741935483866;284.7222222222222;264.7058823529412;240.98360655737702;210.64425770308117;999100.0
1,21.0;19.0,950.0
1,21.0;20.0,2000.0
1,18.0;16.0,800.0
1,21.0;21.0,999900.0
1,18.0;18.0,999900.0
