numPlayed,heuristicList,remainingTime
4,11.0;9.0;7.0;6.0;2.147483647E9,45.0;35.0;33.529411764705884;999960.0
2,10.0;8.0;7.0,40.0;45.55555555555556
1,11.0;10.0,100.0
1,12.0;10.0,50.0
1,12.0;10.0,50.0
1,11.0;10.0,100.0
1,10.0;9.0,90.0
1,12.0;10.0,50.0
1,10.0;9.0,90.0
1,12.0;10.0,50.0
1,12.0;10.0,50.0
