numPlayed,heuristicList,remainingTime
8,9.0;7.0;6.0;4.0;3.0;2.0;1.0;0.0;1.0,35.0;38.888888888888886;25.625;18.66666666666667;11.904761904761905;4.594594594594582;-3.3018867924528337;-6.15384615384616
1,10.0;9.0,90.0
1,11.0;10.0,100.0
1,12.0;10.0,50.0
1,13.0;12.0,120.0
1,12.0;11.0,110.0
1,12.0;10.0,50.0
1,11.0;10.0,100.0
1,10.0;9.0,90.0
1,12.0;11.0,110.0
1,11.0;9.0,45.0
