numPlayed,heuristicList,remainingTime
8,12.0;10.0;9.0;7.0;4.0;4.0;4.0;3.0;2.147483647E9,50.0;58.8888888888889;44.375;24.210526315789465;19.72222222222223;18.78048780487805;15.13513513513513;999920.0
2,12.0;10.0;9.0,50.0;58.8888888888889
2,12.0;10.0;9.0,50.0;58.8888888888889
1,10.0;9.0,90.0
1,12.0;11.0,110.0
1,10.0;9.0,90.0
1,13.0;12.0,120.0
1,10.0;9.0,90.0
