numPlayed,heuristicList,remainingTime
7,9.0;6.0;6.0;4.0;4.0;4.0;4.0;2.147483647E9,20.0;36.66666666666667;26.66666666666667;28.33333333333333;33.33333333333333;40.47619047619048;999930.0
2,10.0;8.0;7.0,40.0;45.55555555555556
1,11.0;10.0,100.0
1,13.0;12.0,120.0
1,11.0;10.0,100.0
1,10.0;9.0,90.0
1,10.0;9.0,90.0
1,10.0;9.0,90.0
1,10.0;9.0,90.0
1,12.0;11.0,110.0
1,10.0;9.0,90.0
