numPlayed,heuristicList,remainingTime
5,25.0;20.0;19.0;19.0;19.0;2.147483647E9,400.0;611.1111111111111;942.1052631578948;1369.2307692307693;999500.0
4,26.0;21.0;20.0;21.0;20.0,420.0;644.4444444444445;1224.9999999999998;1600.0
4,25.0;20.0;19.0;20.0;19.0,400.0;611.1111111111111;1162.4999999999998;1516.6666666666665
4,23.0;19.0;18.0;19.0;18.0,475.0;700.0;1369.2307692307693;1740.0
4,26.0;21.0;20.0;20.0;20.0,420.0;644.4444444444445;994.7368421052633;1446.1538461538462
4,23.0;19.0;18.0;18.0;18.0,475.0;700.0;1068.7499999999998;1545.4545454545455
4,23.0;19.0;18.0;19.0;18.0,475.0;700.0;1369.2307692307693;1740.0
2,22.0;20.0;20.0,1000.0;1966.6666666666665
