numPlayed,heuristicList,remainingTime
30,6.0;5.0;5.0;5.0;5.0;5.0;5.0;5.0;5.0;5.0;5.0;5.0;5.0;5.0;5.0;5.0;3.0;3.0;3.0;3.0;3.0;3.0;3.0;3.0;2.0;2.0;2.0;2.0;1.0;1.0;1.0,500.0;966.6666666666665;1600.0;2400.0;3366.6666666666665;4500.0;5800.0;7266.666666666666;8899.999999999998;10700.0;12666.666666666666;14800.0;17100.0;19566.666666666668;22199.999999999996;7600.000000000002;4932.098765432098;3836.8421052631584;3257.142857142858;2911.1111111111104;2691.5492957746474;2548.7804878048782;2456.63082437276;2111.9047619047624;1870.2290076335876;1692.8888888888878;1558.579881656805;1295.9459459459458;1095.1747907434765;935.6955380577424
1,5.0;5.0,999900.0
1,5.0;5.0,999900.0
1,5.0;5.0,999900.0
1,5.0;5.0,999900.0
1,5.0;5.0,999900.0
1,5.0;5.0,999900.0
1,5.0;5.0,999900.0
