numPlayed,heuristicList,remainingTime
19,7.0;6.0;5.0;5.0;5.0;4.0;3.0;3.0;3.0;3.0;2.0;2.0;2.0;2.0;2.0;2.0;2.0;2.0;2.0;2.147483647E9,600.0;500.0;671.4285714285713;920.0;787.037037037037;575.0;517.391304347826;511.1111111111111;531.0810810810813;438.77551020408146;387.70491803278696;358.9041095890411;344.1176470588234;339.1752577319587;341.7431192660549;350.41322314049603;364.2857142857142;382.7586206896549;998100.0
15,5.0;4.0;3.0;3.0;3.0;3.0;2.0;2.0;2.0;2.0;2.0;2.0;2.0;2.0;2.0;2.0,400.0;300.0;385.71428571428567;519.9999999999999;692.3076923076924;536.3636363636363;496.7741935483871;500.0;526.5306122448978;568.9655172413795;623.8805970149253;689.4736842105262;764.705882352941;848.9361702127662;941.7475728155337
1,5.0;5.0,999900.0
1,5.0;5.0,999900.0
1,5.0;5.0,999900.0
1,5.0;5.0,999900.0
1,5.0;5.0,999900.0
1,5.0;5.0,999900.0
1,5.0;5.0,999900.0
1,5.0;5.0,999900.0
1,5.0;5.0,999900.0
