numPlayed,heuristicList,remainingTime
16,8.0;7.0;6.0;5.0;5.0;5.0;5.0;5.0;5.0;5.0;5.0;5.0;5.0;5.0;5.0;5.0;2.147483647E9,700.0;600.0;500.0;575.0000000000001;704.5454545454545;871.4285714285711;1070.5882352941176;1300.0;1558.6956521739125;1846.1538461538462;2162.068965517241;2506.2499999999995;2878.5714285714284;3278.9473684210534;3707.3170731707314;998400.0
13,8.0;6.0;5.0;5.0;5.0;5.0;5.0;5.0;5.0;5.0;5.0;5.0;5.0;5.0,300.0;322.2222222222222;450.0;628.5714285714287;851.851851851852;1118.181818181818;1426.9230769230771;1777.7777777777778;2170.588235294118;2605.2631578947367;3081.746031746032;3600.000000000001;4160.0
1,5.0;5.0,999900.0
1,5.0;5.0,999900.0
1,5.0;5.0,999900.0
1,5.0;5.0,999900.0
1,5.0;5.0,999900.0
1,5.0;5.0,999900.0
1,5.0;5.0,999900.0
1,5.0;5.0,999900.0
1,5.0;5.0,999900.0
