numPlayed,heuristicList,remainingTime
91,31.0;30.0;29.0;30.0;30.0;29.0;29.0;29.0;30.0;29.0;28.0;27.0;28.0;27.0;28.0;25.0;24.0;22.0;24.0;24.0;25.0;24.0;23.0;22.0;23.0;22.0;24.0;24.0;24.0;23.0;23.0;23.0;24.0;24.0;24.0;23.0;22.0;23.0;24.0;25.0;25.0;24.0;24.0;25.0;25.0;25.0;24.0;23.0;25.0;24.0;25.0;21.0;22.0;22.0;20.0;21.0;21.0;22.0;21.0;21.0;21.0;22.0;22.0;25.0;24.0;23.0;24.0;23.0;23.0;23.0;24.0;24.0;24.0;23.0;20.0;15.0;14.0;14.0;13.0;12.0;11.0;10.0;10.0;10.0;8.0;10.0;8.0;7.0;8.0;8.0;8.0;2.147483647E9,3000.0;2900.0;7350.0;14799.999999999998;11351.851851851852;11585.714285714284;12747.368421052632;21850.000000000004;21750.000000000004;16552.63157894737;12320.0;12665.0;11567.592592592593;12580.87431693989;10027.624309392264;8256.25;6598.173515981734;6346.575342465754;6246.575342465752;6515.366430260048;6545.768025078371;6393.188010899183;6118.95271590465;6150.210970464135;6039.3258426966295;6347.417840375587;6670.764119601328;7008.80503144654;7163.501339177017;7340.381991814462;7536.788227767114;7945.618345618343;8367.27702303603;8801.706484641636;9030.050233225691;9062.58776328987;9330.434782608696;9825.781491798207;10566.681985294119;11337.579617834394;11868.421052631578;12412.048192771083;13259.55631399317;14138.691483361534;15049.706375838927;15634.36734693878;15875.718558980363;16855.813953488374;17477.777777777777;18515.52717255197;17958.535739070085;17869.245901639344;17822.032318210066;17148.425872925014;16898.250336473757;16702.30352303523;16835.853658536587;16706.20083294771;16613.22623239436;16552.245069240453;16774.690481022935;17007.756813417192;18053.359683794468;18848.351648351647;19361.586812904876;20189.373088685017;20715.485564304458;21249.37454010302;21791.025641025644;22680.251346499095;23589.354992264674;24518.42385516506;25081.268513678322;24531.256181998022;22445.700354609922;20500.66260270342;18925.929040525385;17432.461873638345;16030.4003954523;14723.210542078465;13509.937837395719;12496.967422308964;11638.690063346741;10725.239127662288;10105.656890796374;9416.52810109744;8751.286414024235;8231.36495643756;7770.8399847966575;7360.025873221217;990900.0
6,33.0;32.0;32.0;32.0;32.0;32.0;32.0,3200.0;6366.666666666667;10600.0;15900.0;22266.666666666664;29700.0
5,34.0;33.0;32.0;33.0;33.0;34.0,3300.0;3200.0;8100.0;16300.0;999500.0
4,34.0;33.0;32.0;33.0;34.0,3300.0;3200.0;8100.0;999600.0
2,33.0;32.0;33.0,3200.0;999800.0
1,32.0;33.0,999900.0
1,32.0;32.0,999900.0
1,32.0;33.0,999900.0
