numPlayed,heuristicList,remainingTime
84,35.0;34.0;33.0;32.0;34.0;33.0;32.0;33.0;34.0;33.0;32.0;33.0;33.0;34.0;33.0;32.0;32.0;32.0;32.0;32.0;32.0;32.0;32.0;32.0;32.0;32.0;32.0;32.0;32.0;32.0;32.0;32.0;32.0;33.0;31.0;30.0;29.0;30.0;30.0;29.0;29.0;29.0;30.0;30.0;30.0;30.0;29.0;28.0;27.0;28.0;28.0;27.0;29.0;28.0;25.0;24.0;22.0;24.0;24.0;25.0;24.0;23.0;22.0;23.0;22.0;24.0;24.0;24.0;23.0;23.0;23.0;24.0;24.0;24.0;23.0;23.0;24.0;25.0;25.0;25.0;21.0;22.0;22.0;20.0;2.147483647E9,3400.0;3300.0;3200.0;8200.000000000002;10409.090909090908;9020.0;12345.454545454546;24599.999999999996;28468.421052631576;22312.5;27349.01960784313;32922.22222222222;59799.999999999985;65700.00000000001;48217.391304347824;41350.0;38146.34146341463;36660.00000000001;36132.20338983051;36205.882352941175;36690.909090909096;37476.744186046504;38494.73684210527;39700.0;41061.94690265487;42559.01639344262;44175.57251908397;45900.0;47723.48993288591;49639.2405063291;51641.91616766467;53727.272727272706;61583.67952522254;57826.15384615385;50989.19107391911;43534.88372093025;40979.24528301886;39136.08247422681;36045.45454545454;33817.12062256809;32171.143847487;32083.52180936995;32100.37821482602;32205.12091038406;32384.899328859065;31615.061728395063;30138.063439065103;28223.145400593472;27413.694267515926;26778.29261443415;25699.346405228764;25919.82378854626;25628.850574712636;23963.125386040767;22245.386945744976;20222.3726627982;19225.800751049268;18410.69540463603;17981.326984126987;17395.604395604394;16695.68498769483;15919.586485123546;15444.307561597281;14878.437582475592;14704.44081700988;14562.419161676647;14448.408882783882;14219.078708741385;14024.657818332642;13860.665478312541;13848.646757624909;13851.03092783505;13866.559971547966;13774.891774891774;13701.792615738836;13759.017700526234;13939.04198453475;14124.030418250957;14313.832317526387;14056.542122460574;13936.550167567199;13834.66103930361;13547.13244713244;991600.0
5,34.0;33.0;32.0;33.0;33.0;34.0,3300.0;3200.0;8100.0;16300.0;999500.0
2,33.0;32.0;35.0,3200.0;999800.0
2,30.0;29.0;30.0,2900.0;999800.0
2,33.0;32.0;33.0,3200.0;999800.0
1,32.0;33.0,999900.0
1,32.0;32.0,999900.0
1,32.0;32.0,999900.0
1,35.0;35.0,999900.0
1,32.0;32.0,999900.0
1,32.0;32.0,999900.0
