numPlayed,heuristicList,remainingTime
10,22.0;20.0;18.0;17.0;16.0;14.0;11.0;10.0;10.0;9.0;2.147483647E9,100.0;90.0;98.23529411764704;104.00000000000003;92.76729559748426;70.42553191489361;59.64788732394365;56.84210526315792;53.19838056680163;999900.0
5,20.0;16.0;14.0;15.0;14.0;14.0,40.0;45.55555555555556;80.58823529411764;101.53846153846155;130.0
2,20.0;18.0;17.0,90.0;112.22222222222223
1,20.0;19.0,190.0
1,22.0;21.0,210.0
1,20.0;19.0,190.0
1,21.0;20.0,200.0
1,20.0;20.0,999990.0
