numPlayed,heuristicList,remainingTime
9,20.0;17.0;15.0;14.0;11.0;10.0;9.0;7.0;5.0;2.0,56.66666666666667;59.33333333333333;67.5;53.33333333333334;48.55072463768117;45.294117647058826;37.58389261744968;27.924528301886795;15.099337748344354
4,21.0;17.0;14.0;15.0;13.0,42.5;39.523809523809526;64.76190476190476;68.8888888888889
2,21.0;18.0;17.0,60.0;83.33333333333333
1,21.0;19.0,95.0
1,21.0;20.0,200.0
1,21.0;21.0,999990.0
1,21.0;21.0,999990.0
1,21.0;20.0,200.0
1,21.0;19.0,95.0
1,19.0;19.0,999990.0
1,21.0;19.0,95.0
