numPlayed,heuristicList,remainingTime
10,22.0;18.0;15.0;13.0;12.0;10.0;10.0;8.0;6.0;3.0;2.0,45.0;42.38095238095238;41.66666666666667;44.0;40.625000000000014;42.727272727272734;38.636363636363626;31.028037383177562;19.1362126245847;9.798994974874375
4,21.0;17.0;13.0;13.0;12.0,42.5;32.5;42.14285714285714;49.09090909090909
1,21.0;20.0,200.0
1,21.0;20.0,200.0
1,21.0;20.0,200.0
1,21.0;20.0,200.0
1,21.0;20.0,200.0
1,20.0;18.0,90.0
1,20.0;19.0,190.0
1,20.0;19.0,190.0
1,20.0;17.0,56.66666666666667
