numPlayed,heuristicList,remainingTime
5,20.0;17.0;15.0;14.0;14.0;14.0,56.66666666666667;59.33333333333333;67.5;86.66666666666667;112.08333333333331
5,20.0;17.0;15.0;14.0;14.0;14.0,56.66666666666667;59.33333333333333;67.5;86.66666666666667;112.08333333333331
4,21.0;19.0;17.0;16.0;2.147483647E9,95.0;85.0;92.35294117647058;999960.0
3,21.0;18.0;17.0;16.0,60.0;83.33333333333333;97.49999999999999
1,21.0;21.0,999990.0
1,20.0;19.0,190.0
1,20.0;20.0,999990.0
1,20.0;19.0,190.0
1,20.0;19.0,190.0
1,21.0;20.0,200.0
1,21.0;20.0,200.0
