numPlayed,heuristicList,remainingTime
6,8.0;5.0;4.0;3.0;2.0;1.0;1.0,166.66666666666669;183.33333333333331;162.5;114.28571428571433;48.14814814814815;9.677419354838776
1,6.0;5.0,500.0
1,6.0;5.0,500.0
1,6.0;5.0,500.0
1,6.0;5.0,500.0
1,6.0;5.0,500.0
1,6.0;5.0,500.0
1,6.0;5.0,500.0
