numPlayed,heuristicList,remainingTime
1,11.0;4.0,57.14285714285714
1,11.0;10.0,1000.0
1,11.0;4.0,57.14285714285714
1,12.0;10.0,500.0
1,10.0;7.0,233.33333333333337
1,11.0;10.0,1000.0
1,12.0;9.0,300.0
1,11.0;6.0,120.0
1,12.0;8.0,200.0
1,12.0;2.147483647E9,999900.0
0,12.0,
