numPlayed,heuristicList,remainingTime
2,12.0;5.0;1.0,71.42857142857142;9.090909090909093
1,11.0;7.0,175.0
1,13.0;7.0,116.66666666666669
1,13.0;7.0,116.66666666666669
1,11.0;7.0,175.0
1,14.0;8.0,133.33333333333334
1,11.0;7.0,175.0
1,11.0;9.0,450.0
