numPlayed,heuristicList,remainingTime
1,12.0;8.0,200.0
1,13.0;10.0,333.33333333333337
1,13.0;10.0,333.33333333333337
1,13.0;7.0,116.66666666666669
1,11.0;7.0,175.0
1,10.0;7.0,233.33333333333337
1,12.0;5.0,71.42857142857142
1,10.0;5.0,100.0
1,14.0;2.147483647E9,999900.0
0,10.0,
0,10.0,
