numPlayed,heuristicList,remainingTime
1,11.0;8.0,266.6666666666667
1,10.0;9.0,900.0
1,12.0;9.0,300.0
1,11.0;9.0,450.0
1,12.0;7.0,140.0
1,13.0;6.0,85.7142857142857
1,11.0;7.0,175.0
1,10.0;6.0,150.0
1,13.0;7.0,116.66666666666669
1,11.0;2.147483647E9,999900.0
0,10.0,
