numPlayed,heuristicList,remainingTime
16,7.0;6.0;5.0;5.0;5.0;4.0;3.0;3.0;3.0;3.0;3.0;3.0;3.0;3.0;3.0;3.0;3.0,600.0;500.0;671.4285714285713;920.0;787.037037037037;575.0;517.391304347826;511.1111111111111;531.0810810810813;568.1818181818182;618.3006535947711;679.310344827586;750.0;829.6296296296296;917.7215189873414;1013.953488372093
8,6.0;4.0;3.0;3.0;3.0;3.0;3.0;3.0;3.0,200.0;188.88888888888886;250.0;342.8571428571429;462.96296296296305;609.090909090909;780.769230769231;977.7777777777778
4,7.0;5.0;5.0;5.0;5.0,250.0;466.66666666666663;766.6666666666667;1150.0
3,6.0;5.0;5.0;5.0,500.0;966.6666666666665;1600.0
3,6.0;5.0;5.0;5.0,500.0;966.6666666666665;1600.0
3,6.0;5.0;5.0;5.0,500.0;966.6666666666665;1600.0
3,6.0;5.0;5.0;2.147483647E9,500.0;966.6666666666665;999700.0
2,6.0;5.0;5.0,500.0;966.6666666666665
