numPlayed,heuristicList,remainingTime
43,60.0;57.0;56.0;56.0;54.0;54.0;54.0;54.0;52.0;51.0;51.0;49.0;49.0;49.0;46.0;46.0;46.0;46.0;44.0;44.0;45.0;44.0;44.0;44.0;45.0;44.0;44.0;44.0;45.0;44.0;45.0;42.0;41.0;40.0;40.0;39.0;39.0;37.0;35.0;33.0;34.0;33.0;31.0;2.147483647E9,1900.0;2783.333333333333;4253.846153846154;4153.846153846154;4790.59829059829;5715.384615384614;6838.461538461538;6649.645390070922;6400.0;6547.058823529412;6164.782608695652;6129.6551724137935;6277.142857142857;5841.592920353982;5678.70036101083;5668.292682926829;5754.8812664907655;5622.321428571428;5597.098646034816;5766.782407407408;5852.672347017817;5983.076923076923;6148.969619715317;6457.957244655581;6669.407894736843;6904.209097080786;7159.790874524715;7552.16606498195;7837.50530335172;8263.371150729334;8327.769461077845;8308.482347546995;8220.396600566572;8180.325014509577;8080.488888888887;8025.259003453379;7830.776173285198;7531.300313821803;7159.597637504614;6935.363790186126;6701.608981323399;6407.082152974503;995700.0
7,55.0;53.0;53.0;52.0;51.0;51.0;51.0;51.0,2650.0;5266.666666666666;5766.666666666667;5666.666666666666;6555.555555555556;7833.333333333334;9380.0
7,56.0;53.0;53.0;53.0;51.0;51.0;52.0;51.0,1766.6666666666667;3500.0;5822.222222222223;5120.000000000001;5715.053763440861;7900.0;8837.5
1,63.0;63.0,999900.0
1,56.0;56.0,999900.0
1,53.0;53.0,999900.0
1,56.0;56.0,999900.0
1,63.0;63.0,999900.0
1,63.0;63.0,999900.0
1,63.0;63.0,999900.0
1,56.0;56.0,999900.0
