numPlayed,heuristicList,remainingTime
52,63.0;59.0;55.0;55.0;55.0;55.0;55.0;51.0;50.0;47.0;47.0;45.0;43.0;41.0;41.0;41.0;40.0;40.0;40.0;38.0;38.0;38.0;38.0;34.0;30.0;30.0;32.0;33.0;33.0;33.0;33.0;30.0;28.0;31.0;29.0;28.0;27.0;28.0;29.0;27.0;26.0;25.0;24.0;22.0;23.0;24.0;24.0;21.0;18.0;16.0;11.0;5.0;2.0,1475.0;1375.0;1921.4285714285716;2670.0;3586.5384615384614;4662.5;4173.076923076923;3968.421052631579;3511.4537444933912;3420.5298013245038;3254.9707602339186;3061.538461538462;2863.11844077961;2794.8402948402936;2801.248699271592;2800.0;2843.460243460244;2919.310344827586;2920.7752877044213;2955.7235421166297;3016.17145640526;3096.98314108252;3022.719539327313;2834.604904632153;2705.2631578947376;2679.282723466229;2704.305135951662;2742.4567958897715;2791.797328687572;2850.877192982456;2830.6126295947215;2769.9699699699695;2808.2247557003257;2801.2773722627744;2779.8353909465022;2745.5123113582204;2747.7941176470595;2782.5922421948917;2776.0205219718937;2754.9390500210184;2720.7578905708906;2674.8603351955317;2597.861942577886;2553.9146200758196;2538.7417737386404;2530.103031208004;2470.6106600776566;2366.5782493368706;2242.192257503262;2054.044710762848;1803.841479524438;1549.6755447941878
3,56.0;53.0;53.0;53.0,1766.6666666666667;3500.0;5822.222222222223
3,56.0;53.0;53.0;53.0,1766.6666666666667;3500.0;5822.222222222223
1,63.0;63.0,999900.0
1,56.0;56.0,999900.0
1,56.0;56.0,999900.0
1,56.0;56.0,999900.0
1,56.0;56.0,999900.0
1,63.0;63.0,999900.0
1,63.0;63.0,999900.0
1,56.0;56.0,999900.0
