numPlayed,heuristicList,remainingTime
32,54.0;53.0;53.0;51.0;51.0;52.0;51.0;51.0;51.0;51.0;51.0;52.0;51.0;52.0;51.0;51.0;51.0;51.0;52.0;52.0;50.0;48.0;48.0;46.0;46.0;46.0;46.0;47.0;46.0;47.0;43.0;44.0;2.147483647E9,5300.0;10566.666666666666;5711.111111111111;6350.0;9925.925925925927;10930.769230769232;12497.058823529413;14425.39682539682;16644.0;19120.689655172413;26359.999999999996;28800.000000000004;38566.66666666666;40633.33333333332;43131.25000000001;45973.333333333336;49107.333333333336;63013.04347826088;80750.0;67402.29885057473;46826.31578947369;38166.666666666664;29396.875;25006.349206349205;22475.96153846154;20911.827956989244;20618.279569892467;19863.04801670146;19983.301587301587;18087.955625990493;17225.086625086624;996800.0
24,56.0;53.0;52.0;51.0;51.0;51.0;52.0;51.0;51.0;51.0;52.0;51.0;52.0;51.0;52.0;51.0;51.0;51.0;51.0;52.0;51.0;51.0;51.0;51.0;52.0,1766.6666666666667;2583.333333333333;3162.5;4183.333333333333;5473.958333333333;8311.764705882353;9832.558139534882;11600.0;13588.524590163932;18533.333333333336;20627.619047619046;27152.94117647059;29175.949367088608;37468.42105263157;39238.63636363636;41391.99999999999;43850.892857142855;46567.74193548387;57763.24786324787;60148.717948717946;62843.35664335665;65802.56410256411;68995.46351084812;83645.5696202532
1,63.0;63.0,999900.0
1,56.0;56.0,999900.0
1,63.0;63.0,999900.0
1,63.0;63.0,999900.0
1,56.0;56.0,999900.0
1,56.0;56.0,999900.0
