numPlayed,heuristicList,remainingTime
74,31.0;29.0;30.0;29.0;28.0;27.0;29.0;29.0;29.0;30.0;30.0;31.0;31.0;30.0;29.0;30.0;30.0;30.0;30.0;31.0;29.0;30.0;31.0;30.0;30.0;28.0;25.0;26.0;28.0;28.0;30.0;30.0;28.0;26.0;26.0;28.0;30.0;28.0;26.0;26.0;26.0;28.0;28.0;28.0;30.0;30.0;28.0;25.0;26.0;30.0;30.0;28.0;30.0;30.0;30.0;30.0;30.0;30.0;30.0;30.0;31.0;30.0;28.0;28.0;28.0;29.0;26.0;28.0;26.0;26.0;28.0;28.0;28.0;30.0;2.147483647E9,145.0;590.0;580.0;470.0;397.9166666666667;646.6666666666666;980.0;1410.0;3156.0000000000005;10649.999999999993;999890.0;999880.0;999870.0;999860.0;999850.0;999840.0;999830.0;999820.0;999810.0;999800.0;999790.0;999780.0;999770.0;999760.0;999750.0;30051.666666666646;8378.571428571426;7116.097560975609;6367.557755775578;7921.111111111111;9967.088607594937;8598.4;6035.000000000001;4822.115384615385;4797.723935389134;5661.142857142854;5587.000000000001;4779.907407407407;4256.936416184971;3896.0396039603966;4017.545526524149;4142.7853881278525;4271.648351648351;4887.289719626169;5603.1172069825425;5701.809523809523;4959.368662087013;4646.956521739131;5263.548387096772;5973.856209150326;6108.259224219489;6939.636363636364;7909.422174070063;9050.467289719629;10406.780735107734;12038.707294552169;14031.282442748088;16508.299319727892;19657.229686500315;27458.375634517775;34727.22560975611;30906.30397236615;28122.500000000004;26016.8924302789;27637.912457912447;20747.026239067058;20000.807537012122;16501.381766381768;14213.144375553587;14154.568527918782;14116.831309041834;14097.577639751553;15876.73640167364;999260.0
4,33.0;31.0;31.0;31.0;33.0,155.0;306.6666666666667;510.0;999960.0
4,33.0;31.0;31.0;31.0;33.0,155.0;306.6666666666667;510.0;999960.0
3,29.0;26.0;26.0;29.0,86.66666666666667;170.0;999970.0
1,29.0;29.0,999990.0
1,31.0;31.0,999990.0
1,31.0;31.0,999990.0
1,31.0;31.0,999990.0
