numPlayed,heuristicList,remainingTime
4,4.0;2.0;1.0;0.0;1.0,10.0;5.555555555555557;-1.5384615384615365;0.0
1,5.0;5.0,999990.0
1,8.0;5.0,16.666666666666668
1,8.0;5.0,16.666666666666668
1,5.0;3.0,15.0
1,5.0;4.0,40.0
1,6.0;4.0,20.0
1,5.0;4.0,40.0
1,5.0;4.0,40.0
1,5.0;4.0,40.0
1,5.0;4.0,40.0
