numPlayed,heuristicList,remainingTime
2,4.0;2.0;2.147483647E9,10.0;999980.0
1,5.0;5.0,999990.0
1,8.0;5.0,16.666666666666668
1,8.0;5.0,16.666666666666668
1,5.0;4.0,40.0
1,5.0;4.0,40.0
1,8.0;5.0,16.666666666666668
1,8.0;5.0,16.666666666666668
1,8.0;5.0,16.666666666666668
1,5.0;4.0,40.0
1,8.0;5.0,16.666666666666668
