numPlayed,heuristicList,remainingTime
41,33.0;29.0;28.0;26.0;25.0;24.0;26.0;26.0;26.0;26.0;28.0;25.0;24.0;23.0;22.0;23.0;23.0;24.0;24.0;24.0;24.0;25.0;25.0;25.0;26.0;24.0;23.0;22.0;23.0;23.0;24.0;24.0;24.0;26.0;25.0;24.0;23.0;22.0;25.0;26.0;26.0;26.0,72.5;110.0;116.81818181818181;128.42105263157896;138.135593220339;194.70588235294116;260.90909090909093;336.74418604651163;422.21052631578937;657.1428571428571;668.9937106918238;632.0;576.3101604278075;518.6021505376344;523.469387755102;536.9411764705883;587.5519421860886;641.1557788944723;697.704918032787;757.1637426900584;863.0818965517242;976.949152542373;1098.888888888889;1301.0344827586207;1361.44578313253;1350.78853046595;1287.3488372093025;1303.75;1325.8409785932722;1411.6161616161614;1500.1583434835568;1591.4666666666667;1840.5043050430504;2026.1481481481483;2121.753760886778;2122.5494505494507;2044.6600985221676;2242.604373757455;2564.5824634655532;2932.307692307693;3353.7238979118333
38,32.0;30.0;26.0;28.0;26.0;23.0;23.0;23.0;22.0;21.0;20.0;20.0;21.0;23.0;23.0;23.0;24.0;24.0;24.0;24.0;25.0;25.0;25.0;25.0;25.0;25.0;24.0;24.0;20.0;20.0;23.0;23.0;23.0;23.0;24.0;24.0;24.0;23.0;2.147483647E9,150.0;87.77777777777777;166.25;182.85714285714283;150.0;153.41463414634146;168.25688073394494;175.7407407407408;177.92553191489355;176.44628099173553;181.72297297297297;200.9467455621301;245.31073446327684;294.2522522522522;347.7979274611399;427.35751295336786;517.4870466321244;618.8082901554403;731.9430051813472;911.83970856102;1128.0924855491328;1388.1595092024534;1701.4488017429196;2079.9999999999995;2539.473684210527;2787.3529411764716;3047.697841726618;2327.6767676767677;1948.0025940337227;2037.453874538744;2130.298245614035;2226.44370122631;2325.8146964856237;2574.1290322580644;2841.042345276872;3127.5000000000014;3221.14241001565;999620.0
6,33.0;31.0;29.0;29.0;31.0;32.0;33.0,155.0;145.0;202.85714285714283;490.0;2133.333333333333;999940.0
4,32.0;29.0;29.0;29.0;32.0,96.66666666666667;190.0;315.5555555555556;999960.0
4,32.0;29.0;29.0;29.0;32.0,96.66666666666667;190.0;315.5555555555556;999960.0
4,33.0;30.0;30.0;30.0;33.0,100.0;196.66666666666669;326.6666666666667;999960.0
1,29.0;29.0,999990.0
1,30.0;30.0,999990.0
