numPlayed,heuristicList,remainingTime
6,12.0;9.0;6.0;5.0;3.0;0.0;1.0,300.0;200.0;183.33333333333331;118.18181818181813;8.438818565400823;-33.33333333333326
1,13.0;12.0,1200.0
1,14.0;13.0,1300.0
1,13.0;12.0,1200.0
1,13.0;12.0,1200.0
1,13.0;13.0,999900.0
1,14.0;13.0,1300.0
1,13.0;12.0,1200.0
1,12.0;9.0,300.0
1,13.0;12.0,1200.0
1,12.0;9.0,300.0
