numPlayed,heuristicList,remainingTime
8,13.0;9.0;7.0;6.0;5.0;4.0;3.0;3.0;2.147483647E9,225.0;222.22222222222223;230.43478260869563;221.0526315789474;192.52873563218384;147.6190476190477;127.27272727272714;999200.0
1,13.0;12.0,1200.0
1,13.0;12.0,1200.0
1,12.0;9.0,300.0
1,12.0;9.0,300.0
1,12.0;9.0,300.0
1,14.0;13.0,1300.0
1,13.0;12.0,1200.0
