numPlayed,heuristicList,remainingTime
15,37.0;36.0;35.0;34.0;34.0;34.0;34.0;33.0;32.0;31.0;30.0;29.0;28.0;27.0;26.0;2.147483647E9,360.0;350.0;340.0;420.00000000000006;531.8181818181818;667.142857142857;674.3902439024391;624.516129032258;564.7826086956521;510.6060606060606;464.6448087431694;426.0162601626017;393.22981366459635;364.95145631067965;999850.0
8,37.0;35.0;34.0;33.0;33.0;33.0;33.0;33.0;33.0,175.0;225.55555555555557;252.30769230769232;323.99999999999994;417.90123456790127;530.0;659.0243902439025;804.4444444444447
8,37.0;35.0;34.0;33.0;33.0;33.0;33.0;33.0;32.0,175.0;225.55555555555557;252.30769230769232;323.99999999999994;417.90123456790127;530.0;659.0243902439025;681.4285714285716
8,37.0;35.0;34.0;33.0;33.0;33.0;33.0;33.0;32.0,175.0;225.55555555555557;252.30769230769232;323.99999999999994;417.90123456790127;530.0;659.0243902439025;681.4285714285716
7,37.0;36.0;35.0;34.0;34.0;34.0;34.0;34.0,360.0;350.0;340.0;420.00000000000006;531.8181818181818;667.142857142857;823.5294117647057
7,37.0;36.0;35.0;34.0;34.0;34.0;34.0;34.0,360.0;350.0;340.0;420.00000000000006;531.8181818181818;667.142857142857;823.5294117647057
7,37.0;36.0;35.0;34.0;34.0;34.0;34.0;34.0,360.0;350.0;340.0;420.00000000000006;531.8181818181818;667.142857142857;823.5294117647057
7,37.0;36.0;35.0;34.0;34.0;34.0;34.0;34.0,360.0;350.0;340.0;420.00000000000006;531.8181818181818;667.142857142857;823.5294117647057
7,37.0;36.0;35.0;34.0;34.0;34.0;34.0;34.0,360.0;350.0;340.0;420.00000000000006;531.8181818181818;667.142857142857;823.5294117647057
7,37.0;36.0;35.0;34.0;34.0;34.0;34.0;34.0,360.0;350.0;340.0;420.00000000000006;531.8181818181818;667.142857142857;823.5294117647057
7,37.0;36.0;35.0;34.0;34.0;34.0;34.0;34.0,360.0;350.0;340.0;420.00000000000006;531.8181818181818;667.142857142857;823.5294117647057
