numPlayed,heuristicList,remainingTime
18,8.0;7.0;7.0;7.0;7.0;7.0;7.0;7.0;7.0;7.0;7.0;7.0;7.0;7.0;7.0;7.0;7.0;7.0;7.0,70.0;136.66666666666666;226.66666666666669;340.0;476.66666666666663;636.6666666666669;820.0;1026.6666666666665;1256.6666666666665;1510.0000000000002;1786.6666666666665;2086.6666666666665;2410.0;2756.6666666666665;3126.6666666666665;3519.9999999999986;3936.666666666666;4376.666666666665
18,8.0;7.0;7.0;7.0;7.0;7.0;7.0;7.0;7.0;7.0;7.0;7.0;7.0;7.0;7.0;7.0;7.0;7.0;2.147483647E9,70.0;136.66666666666666;226.66666666666669;340.0;476.66666666666663;636.6666666666669;820.0;1026.6666666666665;1256.6666666666665;1510.0000000000002;1786.6666666666665;2086.6666666666665;2410.0;2756.6666666666665;3126.6666666666665;3519.9999999999986;3936.666666666666;999820.0
18,8.0;7.0;7.0;7.0;7.0;7.0;7.0;7.0;7.0;7.0;7.0;7.0;7.0;7.0;7.0;7.0;7.0;7.0;7.0,70.0;136.66666666666666;226.66666666666669;340.0;476.66666666666663;636.6666666666669;820.0;1026.6666666666665;1256.6666666666665;1510.0000000000002;1786.6666666666665;2086.6666666666665;2410.0;2756.6666666666665;3126.6666666666665;3519.9999999999986;3936.666666666666;4376.666666666665
17,8.0;7.0;7.0;7.0;7.0;7.0;7.0;7.0;7.0;7.0;7.0;7.0;7.0;7.0;7.0;7.0;7.0;7.0,70.0;136.66666666666666;226.66666666666669;340.0;476.66666666666663;636.6666666666669;820.0;1026.6666666666665;1256.6666666666665;1510.0000000000002;1786.6666666666665;2086.6666666666665;2410.0;2756.6666666666665;3126.6666666666665;3519.9999999999986;3936.666666666666
17,8.0;7.0;7.0;7.0;7.0;7.0;7.0;7.0;7.0;7.0;7.0;7.0;7.0;7.0;7.0;7.0;7.0;7.0,70.0;136.66666666666666;226.66666666666669;340.0;476.66666666666663;636.6666666666669;820.0;1026.6666666666665;1256.6666666666665;1510.0000000000002;1786.6666666666665;2086.6666666666665;2410.0;2756.6666666666665;3126.6666666666665;3519.9999999999986;3936.666666666666
17,8.0;7.0;7.0;7.0;7.0;7.0;7.0;7.0;7.0;7.0;7.0;7.0;7.0;7.0;7.0;7.0;7.0;7.0,70.0;136.66666666666666;226.66666666666669;340.0;476.66666666666663;636.6666666666669;820.0;1026.6666666666665;1256.6666666666665;1510.0000000000002;1786.6666666666665;2086.6666666666665;2410.0;2756.6666666666665;3126.6666666666665;3519.9999999999986;3936.666666666666
1,7.0;7.0,999990.0
1,7.0;7.0,999990.0
