numPlayed,heuristicList,remainingTime
34,36.0;34.0;31.0;27.0;27.0;29.0;30.0;27.0;21.0;24.0;24.0;25.0;19.0;18.0;16.0;15.0;14.0;13.0;15.0;14.0;16.0;12.0;6.0;6.0;10.0;8.0;9.0;10.0;10.0;9.0;7.0;9.0;7.0;1.0;1.0,1700.0;1246.6666666666665;916.6666666666667;1040.0;1538.888888888889;2374.9999999999995;2493.2584269662925;1756.3786008230459;1818.75;1940.9448818897636;2212.6874279123417;1903.030303030303;1693.0232558139537;1481.526104417671;1321.039903264813;1189.662027833002;1075.8180809761507;1060.3524229074892;1030.7592472420506;1073.4126984126979;1010.089332632685;821.3463241806912;680.1122592167371;643.175487465181;578.4344545740337;542.4172440338725;530.3225806451619;522.5352112676055;501.5958695141985;452.2362136343904;441.3172427899367;401.73160173160204;277.9968863518425;170.3762251027506
13,35.0;32.0;29.0;29.0;26.0;30.0;23.0;25.0;25.0;25.0;21.0;25.0;23.0;25.0,1066.6666666666667;966.6666666666667;1338.0952380952378;1238.0952380952378;2205.4263565891474;1597.6744186046512;1740.869565217391;1951.8518518518513;2210.9826589595377;1979.3388429752067;2351.061173533084;2483.5443037974687;2925.958702064897
5,36.0;31.0;31.0;30.0;28.0;31.0,620.0;1206.6666666666665;1627.777777777778;1635.2941176470588;2866.666666666667
3,34.0;31.0;31.0;33.0,1033.3333333333335;2033.3333333333335;10600.0
2,33.0;31.0;31.0,1550.0;3066.666666666667
1,30.0;29.0,2900.0
1,31.0;31.0,999900.0
1,34.0;34.0,999900.0
