numPlayed,heuristicList,remainingTime
41,25.0;23.0;22.0;22.0;17.0;15.0;15.0;15.0;15.0;15.0;17.0;17.0;17.0;18.0;20.0;17.0;15.0;15.0;13.0;12.0;11.0;10.0;9.0;8.0;7.0;7.0;7.0;7.0;8.0;8.0;8.0;8.0;7.0;7.0;7.0;5.0;4.0;3.0;2.0;1.0;0.0;1.0,115.0;145.55555555555554;215.0;108.23529411764707;81.37254901960785;79.01960784313727;83.89705882352942;92.54901960784312;103.82352941176467;134.40366972477062;168.95114942528738;207.479674796748;267.8947368421052;393.27272727272714;442.8571428571428;428.33333333333326;424.66469428007895;381.2264150943396;338.695652173913;299.184505606524;263.28749999999997;230.90909090909088;201.6882369859074;175.19650655021832;156.0730018879799;141.72209903917218;130.65378900445768;125.91115140525835;122.35826716812932;119.76744186046511;117.97253342970725;113.27528466175482;109.48517940717625;106.44859813084116;97.62546009516115;87.07280832095103;75.17727272727285;62.27777777777783;48.66004962779152;34.55753760055967;24.109811565951873
6,23.0;20.0;18.0;18.0;19.0;20.0;20.0,66.66666666666667;71.33333333333333;101.17647058823528;176.0;357.4074074074074;660.0000000000001
5,22.0;21.0;20.0;19.0;20.0;20.0,210.0;200.0;190.0;320.0;483.33333333333326
5,22.0;20.0;19.0;19.0;20.0;20.0,100.0;125.55555555555554;185.0;380.0;675.0000000000001
5,22.0;21.0;20.0;19.0;20.0;21.0,210.0;200.0;190.0;320.0;772.2222222222222
3,21.0;20.0;19.0;20.0,200.0;190.0;485.0
3,20.0;19.0;19.0;20.0,190.0;376.66666666666663;999970.0
3,20.0;19.0;19.0;19.0,190.0;376.66666666666663;626.6666666666666
