numPlayed,heuristicList,remainingTime
37,8.0;7.0;7.0;7.0;7.0;7.0;7.0;7.0;7.0;7.0;7.0;7.0;7.0;7.0;7.0;7.0;7.0;7.0;7.0;7.0;7.0;5.0;5.0;5.0;5.0;5.0;5.0;5.0;5.0;5.0;5.0;5.0;5.0;5.0;5.0;5.0;5.0;2.147483647E9,700.0;1366.6666666666665;2266.6666666666665;3400.0;4766.666666666667;6366.666666666666;8200.0;10266.666666666666;12566.666666666664;15100.0;17866.666666666668;20866.666666666668;24099.999999999996;27566.66666666667;31266.666666666664;35200.0;39366.666666666664;43766.66666666666;48400.0;53266.666666666664;18500.0;12016.981132075472;9333.7807606264;7900.0;7031.91489361702;6468.824940047962;6089.719626168224;5830.769230769232;5655.118755118754;5540.0;5470.588235294117;5436.81592039801;5431.6062176165815;5449.839228295821;5487.7192982456145;5542.372881355932;996300.0
21,8.0;7.0;7.0;7.0;7.0;7.0;7.0;7.0;7.0;7.0;7.0;7.0;7.0;7.0;7.0;7.0;7.0;7.0;7.0;7.0;7.0;7.0,700.0;1366.6666666666665;2266.6666666666665;3400.0;4766.666666666667;6366.666666666666;8200.0;10266.666666666666;12566.666666666664;15100.0;17866.666666666668;20866.666666666668;24099.999999999996;27566.66666666667;31266.666666666664;35200.0;39366.666666666664;43766.66666666666;48400.0;53266.666666666664;58366.66666666667
21,8.0;7.0;7.0;7.0;7.0;7.0;7.0;7.0;7.0;7.0;7.0;7.0;7.0;7.0;7.0;7.0;7.0;7.0;7.0;7.0;7.0;7.0,700.0;1366.6666666666665;2266.6666666666665;3400.0;4766.666666666667;6366.666666666666;8200.0;10266.666666666666;12566.666666666664;15100.0;17866.666666666668;20866.666666666668;24099.999999999996;27566.66666666667;31266.666666666664;35200.0;39366.666666666664;43766.66666666666;48400.0;53266.666666666664;58366.66666666667
21,8.0;7.0;7.0;7.0;7.0;7.0;7.0;7.0;7.0;7.0;7.0;7.0;7.0;7.0;7.0;7.0;7.0;7.0;7.0;7.0;7.0;7.0,700.0;1366.6666666666665;2266.6666666666665;3400.0;4766.666666666667;6366.666666666666;8200.0;10266.666666666666;12566.666666666664;15100.0;17866.666666666668;20866.666666666668;24099.999999999996;27566.66666666667;31266.666666666664;35200.0;39366.666666666664;43766.66666666666;48400.0;53266.666666666664;58366.66666666667
21,8.0;7.0;7.0;7.0;7.0;7.0;7.0;7.0;7.0;7.0;7.0;7.0;7.0;7.0;7.0;7.0;7.0;7.0;7.0;7.0;7.0;7.0,700.0;1366.6666666666665;2266.6666666666665;3400.0;4766.666666666667;6366.666666666666;8200.0;10266.666666666666;12566.666666666664;15100.0;17866.666666666668;20866.666666666668;24099.999999999996;27566.66666666667;31266.666666666664;35200.0;39366.666666666664;43766.66666666666;48400.0;53266.666666666664;58366.66666666667
1,7.0;7.0,999900.0
1,7.0;7.0,999900.0
1,7.0;7.0,999900.0
