numPlayed,heuristicList,remainingTime
52,15.0;12.0;13.0;13.0;13.0;13.0;13.0;13.0;13.0;14.0;12.0;13.0;11.0;11.0;11.0;11.0;10.0;10.0;10.0;11.0;11.0;10.0;11.0;11.0;9.0;9.0;9.0;10.0;10.0;9.0;8.0;8.0;8.0;9.0;9.0;8.0;9.0;7.0;6.0;7.0;7.0;7.0;5.0;6.0;7.0;7.0;7.0;7.0;6.0;6.0;6.0;7.0;1.0,400.0;1233.3333333333333;2500.0;4200.0;6333.333333333333;8899.999999999998;11900.0;15333.333333333332;108450.0;20071.428571428572;24395.555555555555;11160.0;8300.0;7181.481481481482;6678.260869565217;5692.307692307692;5189.170896785112;4923.529411764706;5239.615384615384;5579.19621749409;5464.307692307692;5868.786127167629;6292.098092643053;5812.844036697248;5500.000000000001;5295.121951219511;5471.590909090909;5663.829787234041;5558.664837677185;5227.710843373496;4987.96992481203;4813.4366925064605;4895.0;4989.3835616438355;4889.719381064779;5016.143497757848;4768.221771467208;4410.414153598713;4275.250278086763;4169.246646026831;4086.8463265960863;3773.67506516073;3629.8026580749083;3619.643765903308;3618.6071817192606;3625.6392536281965;3639.876828329483;3557.711442786069;3489.5030873272553;3433.2589700687877;3480.887096774193;3005.664906385022
3,15.0;13.0;14.0;15.0,650.0;2700.0;999700.0
3,13.0;12.0;12.0;13.0,1200.0;2366.6666666666665;999700.0
1,13.0;13.0,999900.0
1,13.0;13.0,999900.0
1,14.0;14.0,999900.0
1,14.0;14.0,999900.0
1,13.0;14.0,999900.0
