numPlayed,heuristicList,remainingTime
6,5.0;3.0;2.0;2.0;2.0;2.0;2.0,15.0;12.222222222222229;15.0;20.0;26.851851851851848;35.45454545454545
4,4.0;3.0;2.0;2.0;2.147483647E9,30.0;20.0;24.285714285714278;999960.0
4,4.0;3.0;2.0;2.0;2.0,30.0;20.0;24.285714285714278;32.0
4,4.0;3.0;2.0;2.0;2.0,30.0;20.0;24.285714285714278;32.0
2,4.0;3.0;3.0,30.0;56.66666666666667
1,4.0;3.0,30.0
1,4.0;3.0,30.0
1,4.0;3.0,30.0
1,5.0;4.0,40.0
1,5.0;4.0,40.0
1,5.0;4.0,40.0
