numPlayed,heuristicList,remainingTime
5,4.0;3.0;2.0;2.0;2.0;2.0,30.0;20.0;24.285714285714278;32.0;42.30769230769231
5,4.0;3.0;2.0;2.0;2.0;2.0,30.0;20.0;24.285714285714278;32.0;42.30769230769231
5,4.0;3.0;2.0;2.0;2.0;2.147483647E9,30.0;20.0;24.285714285714278;32.0;999950.0
2,3.0;2.0;2.0,20.0;36.666666666666664
2,4.0;3.0;3.0,30.0;56.66666666666667
2,3.0;2.0;2.0,20.0;36.666666666666664
1,5.0;4.0,40.0
1,5.0;4.0,40.0
