numPlayed,heuristicList,remainingTime
36,12.0;8.0;8.0;7.0;8.0;9.0;9.0;9.0;8.0;8.0;6.0;7.0;7.0;7.0;8.0;6.0;6.0;6.0;6.0;7.0;7.0;7.0;7.0;6.0;7.0;7.0;7.0;6.0;6.0;6.0;6.0;7.0;6.0;6.0;6.0;1.0;0.0,200.0;366.66666666666663;433.33333333333337;755.5555555555554;1645.833333333333;3185.7142857142867;5775.0;5377.777777777778;5462.5;3180.0;3080.0;3110.0;3215.78947368421;4005.5555555555557;3500.0;3240.506329113924;3109.171075837743;3054.545454545454;3406.8965517241377;3778.688524590165;4169.921874999999;4580.597014925372;4511.441144114409;4960.509554140128;5430.769230769231;5922.222222222223;5837.967914438503;5803.883495145634;5808.592592592593;5844.262295081968;6406.666666666666;6447.940074906366;6513.612565445026;6600.0;4782.485875706216;3497.3977695167277
7,11.0;8.0;8.0;7.0;8.0;9.0;9.0;9.0,266.6666666666667;500.0;558.3333333333334;1000.0;2454.5454545454545;5700.0;14140.0
6,10.0;7.0;8.0;8.0;8.0;8.0;9.0,233.33333333333337;733.3333333333334;1500.0;2533.333333333333;3833.333333333333;22899.99999999999
6,10.0;7.0;8.0;8.0;8.0;8.0;9.0,233.33333333333337;733.3333333333334;1500.0;2533.333333333333;3833.333333333333;22899.99999999999
4,9.0;7.0;8.0;8.0;8.0,350.0;1500.0;3850.0;7800.0
4,9.0;7.0;8.0;8.0;8.0,350.0;1500.0;3850.0;7800.0
2,8.0;7.0;8.0,700.0;999800.0
1,8.0;8.0,999900.0
