numPlayed,heuristicList,remainingTime
27,55.0;51.0;51.0;38.0;34.0;34.0;33.0;31.0;31.0;30.0;30.0;29.0;28.0;29.0;26.0;25.0;23.0;24.0;23.0;21.0;19.0;19.0;17.0;16.0;14.0;16.0;10.0;2.147483647E9,1275.0;2516.6666666666665;805.8823529411766;632.7272727272727;657.7909270216962;711.9658119658118;746.964856230032;817.687074829932;883.7499999999998;971.8309859154929;1047.226386806597;1109.5115681233933;1219.8630136986303;1247.5065616797901;1264.3040136635354;1243.00441826215;1270.9205933682374;1285.3146853146845;1262.100926879505;1208.6352657004832;1175.6265157639446;1115.8045977011498;1054.4433750401026;973.3562035448831;944.7636458605375;828.1124497991964;997300.0
2,57.0;54.0;53.0,1800.0;2633.333333333333
1,55.0;53.0,2650.0
1,54.0;54.0,999900.0
1,54.0;54.0,999900.0
1,55.0;54.0,5400.0
1,54.0;53.0,5300.0
1,55.0;54.0,5400.0
1,53.0;53.0,999900.0
1,54.0;54.0,999900.0
1,54.0;53.0,5300.0
