numPlayed,heuristicList,remainingTime
21,55.0;54.0;53.0;53.0;53.0;49.0;49.0;50.0;48.0;48.0;44.0;40.0;39.0;35.0;23.0;21.0;21.0;17.0;14.0;13.0;8.0;2.0,5400.0;5300.0;7528.571428571428;10520.000000000002;5353.535353535353;4928.571428571428;5716.666666666666;5548.717948717949;5761.764705882354;4846.153846153846;3834.1563786008237;3333.6283185840703;2795.4113924050635;1940.0000000000005;1484.5360824742265;1232.2580645161288;1005.3009471432933;813.6465324384785;668.3536394876601;510.82024432809794;341.33625410733885
4,55.0;53.0;53.0;53.0;53.0,2650.0;5266.666666666666;8766.666666666666;13149.999999999996
2,54.0;53.0;53.0,5300.0;10566.666666666666
2,54.0;53.0;53.0,5300.0;10566.666666666666
2,54.0;53.0;53.0,5300.0;10566.666666666666
2,54.0;53.0;53.0,5300.0;10566.666666666666
2,54.0;53.0;53.0,5300.0;10566.666666666666
1,54.0;54.0,999900.0
