numPlayed,heuristicList,remainingTime
27,55.0;51.0;51.0;37.0;37.0;36.0;34.0;33.0;32.0;32.0;32.0;32.0;32.0;32.0;32.0;32.0;32.0;32.0;32.0;32.0;32.0;32.0;29.0;29.0;23.0;25.0;25.0;2.147483647E9,1275.0;2516.6666666666665;748.1481481481483;724.0;781.4569536423842;825.233644859813;884.8591549295775;948.0662983425414;1042.4999999999995;1160.2316602316605;1297.4832214765097;1452.2255192878338;1623.2712765957444;1809.87951807229;2011.5638766519824;2227.991886409736;2458.9285714285716;2704.2031523642736;2963.688524590164;3237.2881355932204;3524.927325581396;3595.2631578947367;3687.7403846153848;3397.9508196721326;3311.643835616439;3262.493135639759;997300.0
2,55.0;53.0;53.0,2650.0;5266.666666666666
1,54.0;54.0,999900.0
1,55.0;54.0,5400.0
1,54.0;53.0,5300.0
1,54.0;53.0,5300.0
1,55.0;54.0,5400.0
1,54.0;53.0,5300.0
1,54.0;54.0,999900.0
1,54.0;54.0,999900.0
1,54.0;54.0,999900.0
