numPlayed,heuristicList,remainingTime
22,55.0;51.0;42.0;37.0;37.0;36.0;34.0;33.0;32.0;32.0;32.0;32.0;32.0;32.0;32.0;32.0;33.0;31.0;29.0;25.0;24.0;21.0;2.147483647E9,1275.0;658.974358974359;584.1269841269842;688.0;809.8591549295775;891.8367346938774;977.8210116731518;1060.1226993865027;1174.9367088607592;1314.655172413793;1475.6097560975613;1655.8139534883721;1854.0983606557384;2069.7297297297296;2302.2249690976514;2619.025522041764;2808.851422550053;2872.3880597014922;2707.2383949645955;2558.3892617449665;2329.9097065462756;997800.0
5,57.0;55.0;53.0;51.0;49.0;50.0,2750.0;2650.0;2550.0;2450.0;3090.909090909091
2,55.0;53.0;53.0,2650.0;5266.666666666666
1,54.0;53.0,5300.0
1,54.0;53.0,5300.0
1,54.0;53.0,5300.0
1,54.0;54.0,999900.0
1,54.0;53.0,5300.0
1,55.0;54.0,5400.0
1,55.0;54.0,5400.0
1,54.0;53.0,5300.0
