numPlayed,heuristicList,remainingTime
61,42.0;40.0;38.0;36.0;34.0;32.0;31.0;32.0;30.0;29.0;30.0;31.0;31.0;29.0;30.0;28.0;28.0;29.0;27.0;27.0;27.0;27.0;27.0;27.0;27.0;28.0;28.0;27.0;27.0;28.0;27.0;27.0;25.0;23.0;23.0;22.0;22.0;21.0;21.0;16.0;16.0;15.0;15.0;15.0;15.0;15.0;15.0;15.0;14.0;12.0;11.0;11.0;11.0;11.0;11.0;11.0;10.0;8.0;6.0;4.0;0.0;2.0,200.0;190.0;180.0;170.0;160.0;160.94339622641513;186.66666666666663;193.33333333333337;197.56410256410254;219.06474820143882;255.36977491961414;294.8837209302326;310.00000000000006;342.5;350.0;362.2742474916389;390.96544715447146;395.6;404.5379146919431;416.77327647476886;431.66666666666663;448.79218472468915;467.8551912568306;488.6453576864536;523.3188720173536;559.3939393939394;583.2558139534882;608.5401459854014;649.2655367231638;676.5486725663716;705.1076115485566;705.4146498870602;682.0671609245529;665.4285714285714;642.7150730889049;625.9395532194482;604.1968291953335;587.6679480139117;535.6842359767893;495.46436285097184;457.760567925137;427.61403508771923;403.1034482758622;382.9148202855737;366.1190965092401;352.0408163265307;340.1771144278606;326.644340254521;308.5185185185186;289.8907103825136;273.78254211332296;259.7363083164299;247.40083313433638;236.50218143523398;226.82352941176475;215.94202898550725;201.9105199516324;185.30185295875685;166.66853251236114;143.08731808731818;125.37549407114614
16,42.0;40.0;39.0;37.0;36.0;35.0;35.0;35.0;36.0;34.0;34.0;33.0;33.0;34.0;34.0;33.0;34.0,200.0;258.8888888888889;231.875;238.66666666666669;247.6190476190476;280.5882352941177;325.8620689655172;415.78231292516995;434.40944881889766;466.66666666666674;475.17006802721085;496.4406779661017;556.5779467680609;621.310344827586;654.6686746987953;729.8324022346369
10,39.0;37.0;36.0;36.0;36.0;36.0;34.0;34.0;34.0;34.0;34.0,185.0;238.8888888888889;355.0;505.71428571428555;687.9629629629629;567.6470588235294;569.8000000000001;610.5050505050507;671.3414634146342;745.9183673469389
2,39.0;38.0;38.0,380.0;756.6666666666666
2,38.0;37.0;37.0,370.0;736.6666666666666
2,39.0;38.0;38.0,380.0;756.6666666666666
1,38.0;38.0,999990.0
1,38.0;38.0,999990.0
