numPlayed,heuristicList,remainingTime
17,20.0;17.0;15.0;13.0;11.0;10.0;9.0;8.0;8.0;8.0;8.0;8.0;8.0;8.0;8.0;8.0;8.0;8.0,566.6666666666667;593.3333333333333;556.5217391304348;490.9090909090909;466.66666666666674;445.0980392156862;417.02127659574467;422.2222222222224;446.57534246575347;484.49612403100764;533.3333333333333;591.6666666666667;658.666666666667;733.8164251207727;816.7770419426047;907.3170731707319;1005.273069679849
17,19.0;17.0;15.0;13.0;11.0;10.0;9.0;8.0;8.0;8.0;8.0;8.0;8.0;8.0;8.0;8.0;8.0;8.0,850.0;750.0;650.0;550.0;512.8205128205128;483.33333333333326;449.25373134328356;452.7131782945737;477.1428571428571;516.1290322580646;566.6666666666667;627.1604938271603;696.6850828729282;774.6666666666665;860.7305936073058;954.6218487394958;1056.160830090791
11,21.0;18.0;17.0;16.0;14.0;11.0;10.0;9.0;8.0;8.0;8.0;2.147483647E9,600.0;833.3333333333333;974.9999999999998;874.9999999999998;648.1481481481483;556.0;495.83333333333326;443.5374149659865;428.2258064516127;433.33333333333326;998900.0
5,21.0;18.0;16.0;15.0;15.0;15.0,600.0;633.3333333333333;725.0;933.3333333333335;1208.3333333333335
2,20.0;18.0;17.0,900.0;1122.2222222222222
2,20.0;18.0;17.0,900.0;1122.2222222222222
1,20.0;19.0,1900.0
1,17.0;16.0,1600.0
