numPlayed,heuristicList,remainingTime
42,20.0;16.0;14.0;13.0;12.0;10.0;9.0;8.0;7.0;7.0;6.0;6.0;6.0;6.0;6.0;6.0;5.0;4.0;4.0;4.0;4.0;4.0;4.0;4.0;4.0;4.0;4.0;4.0;4.0;4.0;4.0;4.0;4.0;4.0;4.0;4.0;4.0;4.0;4.0;4.0;4.0;4.0;4.0,400.0;455.55555555555566;534.7826086956521;589.4736842105264;537.037037037037;500.0;461.36363636363626;416.47940074906364;404.4642857142858;371.42857142857156;357.93650793650795;357.1428571428571;365.6249999999998;381.4814814814813;403.57142857142844;392.4050632911392;352.10355987055027;322.2222222222222;300.11123470522807;284.07557354925757;272.9805013927571;266.03773584905684;262.6826029216468;262.5;265.1779483600835;270.47744196233043;278.21229050279317;288.23529411764684;300.4285448108808;314.6964856230029;330.96085409252646;349.1569390402078;369.2307692307695;391.13697403760034;414.837135887502;440.29850746268676;467.4930027988794;496.3963963963961;526.9876819708843;559.2485549132944;593.1629914829073;628.7169042769865
14,22.0;18.0;16.0;14.0;12.0;11.0;10.0;9.0;8.0;8.0;8.0;8.0;8.0;8.0;8.0,450.0;522.2222222222223;523.0769230769231;483.33333333333326;473.33333333333337;462.96296296296305;444.5945945945946;416.32653061224505;415.5737704918033;431.5068493150684;459.41176470588266;496.90721649484567;542.6605504587158;595.8677685950413
4,20.0;17.0;15.0;13.0;2.147483647E9,566.6666666666667;593.3333333333333;556.5217391304348;999600.0
2,20.0;17.0;16.0,566.6666666666667;783.3333333333334
1,19.0;18.0,1800.0
1,22.0;19.0,633.3333333333334
1,19.0;18.0,1800.0
1,17.0;15.0,750.0
1,19.0;18.0,1800.0
1,17.0;15.0,750.0
1,16.0;15.0,1500.0
