numPlayed,heuristicList,remainingTime
38,8.0;7.0;7.0;4.0;4.0;4.0;4.0;4.0;4.0;4.0;4.0;4.0;4.0;4.0;4.0;2.0;2.0;2.0;2.0;2.0;2.0;2.0;2.0;2.0;2.0;2.0;2.0;2.0;2.0;2.0;2.0;2.0;2.0;2.0;2.0;2.0;2.0;2.0;2.147483647E9,700.0;1366.6666666666665;391.66666666666674;345.4545454545454;369.79166666666663;423.80952380952385;498.0769230769231;589.2473118279572;695.8333333333333;817.0731707317073;952.536231884058;1101.960784313725;1265.178571428571;1442.07650273224;1138.8888888888891;958.4158415841584;840.6336088154271;759.5744680851067;702.1739130434785;661.1418047882139;632.0895522388059;612.2171945701361;599.6542185338863;593.1034482758619;591.6370106761565;594.5736434108521;601.4018691588781;611.7302052785922;625.253924284395;641.7322834645674;660.9725685785538;682.8186856690413;707.1428571428573;733.8394793926245;762.8205128205127;794.0119760479047;827.3512476007681;996200.0
14,8.0;7.0;5.0;5.0;5.0;5.0;5.0;4.0;4.0;4.0;4.0;4.0;4.0;4.0;4.0,700.0;344.44444444444457;418.18181818181824;549.9999999999999;722.2222222222222;930.7692307692307;865.7894736842104;880.0;933.8709677419354;1013.5135135135133;1112.7906976744184;1228.5714285714284;1359.090909090909;1503.2786885245896
14,8.0;7.0;6.0;5.0;4.0;4.0;4.0;4.0;4.0;4.0;4.0;4.0;4.0;4.0;4.0,700.0;600.0;500.0;400.0;411.1111111111112;460.0;532.0;622.2222222222224;728.5714285714284;850.0;985.9259259259256;1135.9999999999995;1300.0;1477.7777777777778
6,8.0;7.0;7.0;6.0;6.0;6.0;6.0,700.0;1366.6666666666665;1016.6666666666667;1160.0;1416.6666666666667;1744.4444444444443
5,8.0;7.0;6.0;6.0;6.0;6.0,700.0;600.0;814.2857142857142;1120.0;1500.0
5,8.0;7.0;6.0;6.0;6.0;6.0,700.0;600.0;814.2857142857142;1120.0;1500.0
3,7.0;6.0;6.0;6.0,600.0;1166.6666666666665;1933.3333333333335
3,7.0;6.0;6.0;6.0,600.0;1166.6666666666665;1933.3333333333335
