numPlayed,heuristicList,remainingTime
60,27.0;21.0;18.0;17.0;16.0;16.0;16.0;16.0;15.0;14.0;10.0;10.0;10.0;10.0;8.0;8.0;8.0;9.0;8.0;8.0;8.0;9.0;9.0;9.0;8.0;9.0;7.0;5.0;5.0;5.0;5.0;5.0;5.0;6.0;6.0;6.0;6.0;6.0;6.0;6.0;6.0;6.0;6.0;6.0;6.0;6.0;6.0;6.0;6.0;6.0;6.0;6.0;6.0;7.0;7.0;7.0;7.0;7.0;3.0;0.0;1.0,350.0;388.8888888888889;478.78787878787875;561.5384615384615;694.8356807511739;864.4444444444446;1066.0550458715597;1188.2352941176468;1238.3720930232562;1000.0;891.7695473251028;842.0;824.7899159663866;741.8390804597702;691.5204678362575;661.9289340101523;681.9428571428571;673.4693877551022;674.1935483870966;682.3529411764703;731.8681318681315;785.7142857142853;843.7586685159504;866.5806451612902;933.8640538885484;923.5294117647054;843.8937148696982;778.9375582479033;725.3104925053535;680.6656101426311;643.3099889421305;611.9917298414884;616.1870503597124;623.0864965774736;632.4925816023742;644.242768009075;658.2020640955998;674.257425742574;692.3134702053076;712.2891566265062;734.1151881096139;757.7319587628872;783.0879168471201;810.1382488479267;838.8438133874233;869.1702713330724;901.0873712323546;934.5683586513524;969.5894850558152;1006.129597197898;1044.1697920218212;1083.6931252075738;1165.2789115646265;1249.1329479768792;1335.255093981993;1423.6452181121122;1514.3031971852515;1421.3038416763657;1209.191043698086;1058.9586523736607
12,23.0;20.0;19.0;18.0;15.0;15.0;15.0;13.0;13.0;13.0;13.0;14.0;14.0,666.6666666666667;933.3333333333333;1099.9999999999998;855.5555555555557;895.8333333333333;1015.7894736842106;967.2727272727273;998.1481481481483;1070.2247191011236;1169.8113207547167;1387.0921985815603;1624.8062015503874
7,23.0;20.0;17.0;16.0;16.0;16.0;16.0;16.0,666.6666666666667;566.6666666666667;641.6666666666667;822.2222222222224;1062.5;1353.3333333333335;1691.6666666666665
5,25.0;21.0;20.0;20.0;19.0;19.0,525.0;780.0;1193.7499999999998;1415.3846153846155;1759.2592592592596
3,22.0;20.0;19.0;19.0,1000.0;1255.5555555555554;1850.0
2,23.0;21.0;21.0,1050.0;2066.6666666666665
1,22.0;21.0,2100.0
1,2.147483647E9;2.147483647E9,999900.0
