numPlayed,heuristicList,remainingTime
14,7.0;6.0;5.0;4.0;3.0;3.0;3.0;3.0;3.0;3.0;3.0;3.0;3.0;3.0;3.0,600.0;500.0;400.0;300.0;294.44444444444446;320.0;364.0;422.2222222222224;492.85714285714266;575.0;668.148148148148;771.9999999999995;886.3636363636365;1011.1111111111109
11,7.0;6.0;5.0;5.0;5.0;3.0;3.0;3.0;2.0;1.0;0.0;1.0,600.0;500.0;671.4285714285713;920.0;536.231884057971;455.55555555555566;442.8571428571429;342.85714285714266;210.0;71.42857142857133;28.205128205128176
4,7.0;6.0;5.0;5.0;5.0,600.0;500.0;671.4285714285713;920.0
2,6.0;5.0;5.0,500.0;966.6666666666665
2,6.0;5.0;5.0,500.0;966.6666666666665
2,7.0;6.0;6.0,600.0;1166.6666666666665
1,5.0;5.0,999900.0
1,6.0;6.0,999900.0
