numPlayed,heuristicList,remainingTime
66,17.0;16.0;16.0;16.0;16.0;16.0;16.0;16.0;16.0;16.0;16.0;16.0;16.0;16.0;16.0;17.0;17.0;17.0;16.0;17.0;17.0;17.0;17.0;17.0;17.0;17.0;17.0;17.0;17.0;17.0;17.0;17.0;17.0;17.0;17.0;17.0;17.0;17.0;18.0;18.0;16.0;16.0;17.0;17.0;17.0;17.0;16.0;16.0;16.0;16.0;16.0;15.0;17.0;12.0;12.0;12.0;12.0;12.0;12.0;12.0;12.0;12.0;12.0;13.0;10.0;6.0;1.0,1600.0;3166.6666666666665;5266.666666666666;7899.999999999996;11066.666666666668;14766.66666666667;19000.0;23766.666666666664;29066.666666666668;34899.99999999999;41266.66666666666;48166.666666666664;55600.00000000001;63566.66666666668;998500.0;998400.0;998300.0;998200.0;998100.0;998000.0;997900.0;997800.0;997700.0;997600.0;997500.0;997400.0;997300.0;997200.0;997100.0;997000.0;996900.0;996800.0;996700.0;996600.0;996500.0;996400.0;996300.0;996200.0;996100.0;996000.0;995900.0;995800.0;995700.0;995600.0;995500.0;995400.0;995300.0;995200.0;995100.0;995000.0;994900.0;994800.0;994700.0;159840.00000000003;88662.52390057361;62711.227154046996;49311.49653121903;41155.91054313099;35688.09364548495;31781.3578826237;28861.8374558304;26606.474820143892;25580.865224625624;22718.15561959655;18644.26838810642;14313.089244851257
1,16.0;16.0,999900.0
1,16.0;16.0,999900.0
1,16.0;16.0,999900.0
1,16.0;16.0,999900.0
1,16.0;16.0,999900.0
1,16.0;16.0,999900.0
1,16.0;16.0,999900.0
