numPlayed,heuristicList,remainingTime
23,17.0;16.0;16.0;16.0;16.0;16.0;16.0;16.0;16.0;16.0;16.0;16.0;16.0;16.0;16.0;16.0;17.0;17.0;17.0;17.0;17.0;17.0;17.0;2.147483647E9,1600.0;3166.6666666666665;5266.666666666666;7899.999999999996;11066.666666666668;14766.66666666667;19000.0;23766.666666666664;29066.666666666668;34899.99999999999;41266.66666666666;48166.666666666664;55600.00000000001;63566.66666666668;72066.66666666666;998400.0;998300.0;998200.0;998100.0;998000.0;997900.0;997800.0;997700.0
15,17.0;16.0;16.0;16.0;16.0;16.0;16.0;16.0;16.0;16.0;16.0;16.0;16.0;16.0;16.0;17.0,1600.0;3166.6666666666665;5266.666666666666;7899.999999999996;11066.666666666668;14766.66666666667;19000.0;23766.666666666664;29066.666666666668;34899.99999999999;41266.66666666666;48166.666666666664;55600.00000000001;63566.66666666668;998500.0
13,17.0;16.0;16.0;16.0;16.0;16.0;16.0;16.0;16.0;16.0;16.0;16.0;16.0;17.0,1600.0;3166.6666666666665;5266.666666666666;7899.999999999996;11066.666666666668;14766.66666666667;19000.0;23766.666666666664;29066.666666666668;34899.99999999999;41266.66666666666;48166.666666666664;998700.0
11,17.0;16.0;16.0;16.0;16.0;16.0;16.0;16.0;16.0;16.0;16.0;17.0,1600.0;3166.6666666666665;5266.666666666666;7899.999999999996;11066.666666666668;14766.66666666667;19000.0;23766.666666666664;29066.666666666668;34899.99999999999;998900.0
1,16.0;16.0,999900.0
1,16.0;16.0,999900.0
1,16.0;16.0,999900.0
1,16.0;16.0,999900.0
1,16.0;16.0,999900.0
1,16.0;16.0,999900.0
1,16.0;16.0,999900.0
