numPlayed,heuristicList,remainingTime
17,14.0;12.0;11.0;10.0;8.0;6.0;5.0;4.0;4.0;4.0;4.0;4.0;4.0;4.0;2.0;1.0;0.0;1.0,60.0;72.22222222222223;75.38461538461537;58.57142857142857;42.13836477987421;32.85714285714286;25.245901639344254;21.666666666666657;20.0;19.491525423728802;19.80535279805352;20.769230769230774;22.285714285714278;16.15384615384616;7.947686116700197;-1.6161616161616053;-6.726013847675603
3,14.0;12.0;11.0;11.0,60.0;72.22222222222223;105.0
3,14.0;12.0;11.0;11.0,60.0;72.22222222222223;105.0
1,12.0;11.0,110.0
1,13.0;12.0,120.0
1,11.0;11.0,999990.0
1,12.0;11.0,110.0
1,12.0;11.0,110.0
1,12.0;11.0,110.0
1,13.0;12.0,120.0
1,12.0;11.0,110.0
