numPlayed,heuristicList,remainingTime
33,70.0;69.0;68.0;67.0;67.0;67.0;66.0;65.0;64.0;63.0;61.0;61.0;61.0;61.0;61.0;60.0;59.0;56.0;55.0;56.0;56.0;55.0;54.0;55.0;55.0;55.0;55.0;55.0;56.0;55.0;56.0;56.0;56.0;55.0,690.0;680.0;670.0;832.5;1056.8181818181818;1085.2941176470588;1032.8301886792453;965.0;902.3275862068964;795.3488372093022;768.7134502923979;777.0422535211268;804.8529411764706;845.4208754208754;863.2762312633834;864.4043321299641;806.5173410404623;759.7641509433962;753.6345177664974;758.1699346405229;755.3437500000001;747.0958904109589;760.3607503607504;778.128523111612;799.5857068876228;824.1634738186463;851.4521158129176;893.7826453243472;924.8999473407057;971.203007518797;1019.1750358680058;1068.7882944673063;1105.612609684758
8,70.0;69.0;68.0;67.0;67.0;67.0;66.0;65.0;2.147483647E9,690.0;680.0;670.0;832.5;1056.8181818181818;1085.2941176470588;1032.8301886792453;999920.0
7,70.0;68.0;67.0;66.0;66.0;66.0;66.0;65.0,340.0;445.55555555555554;506.1538461538462;654.0;845.6790123456792;1073.5294117647059;1133.125
7,70.0;68.0;67.0;66.0;66.0;66.0;66.0;66.0,340.0;445.55555555555554;506.1538461538462;654.0;845.6790123456792;1073.5294117647059;1335.121951219512
6,70.0;69.0;68.0;67.0;67.0;67.0;67.0,690.0;680.0;670.0;832.5;1056.8181818181818;1327.142857142857
6,70.0;69.0;68.0;67.0;67.0;67.0;67.0,690.0;680.0;670.0;832.5;1056.8181818181818;1327.142857142857
6,70.0;69.0;68.0;67.0;67.0;67.0;67.0,690.0;680.0;670.0;832.5;1056.8181818181818;1327.142857142857
6,70.0;69.0;68.0;67.0;67.0;67.0;67.0,690.0;680.0;670.0;832.5;1056.8181818181818;1327.142857142857
