numPlayed,heuristicList,remainingTime
29,55.0;51.0;51.0;51.0;36.0;34.0;34.0;33.0;33.0;31.0;31.0;30.0;30.0;30.0;29.0;29.0;28.0;29.0;29.0;29.0;25.0;23.0;23.0;25.0;23.0;21.0;19.0;21.0;17.0;2.147483647E9,1275.0;2516.6666666666665;4183.333333333333;1084.2105263157894;831.1111111111111;814.2857142857142;837.7049180327867;905.6994818652847;941.4432989690722;1006.8493150684931;1064.0730067243035;1141.2935323383085;1234.573304157549;1310.5330764290302;1400.602409638554;1470.967741935484;1586.666666666667;1712.4031007751937;1847.6959904248952;1848.8082532906437;1803.0202925908443;1781.2182741116749;1837.5471452724669;1842.2775800711743;1802.3817186997103;1726.3117283950614;1722.020794454812;1630.30303030303;997100.0
4,57.0;54.0;53.0;53.0;53.0,1800.0;2633.333333333333;4023.076923076924;5800.0
4,57.0;54.0;53.0;53.0;53.0,1800.0;2633.333333333333;4023.076923076924;5800.0
1,53.0;53.0,999900.0
1,55.0;54.0,5400.0
1,54.0;53.0,5300.0
1,54.0;54.0,999900.0
1,54.0;54.0,999900.0
