numPlayed,heuristicList,remainingTime
19,55.0;51.0;51.0;46.0;39.0;37.0;37.0;36.0;36.0;34.0;34.0;33.0;33.0;32.0;32.0;32.0;32.0;32.0;32.0;32.0,1275.0;2516.6666666666665;1729.6296296296296;1108.1081081081081;992.3664122137404;1044.6808510638298;1116.6666666666667;1237.1308016877638;1299.4974874371865;1399.9999999999995;1483.9441535776614;1594.5945945945937;1682.2538860103623;1791.723614274868;1919.207317073171;2062.385321100917;2219.760312151616;2390.322580645162;2573.366477272727
14,55.0;51.0;51.0;42.0;37.0;37.0;36.0;34.0;33.0;33.0;32.0;32.0;32.0;32.0;2.147483647E9,1275.0;2516.6666666666665;1125.6410256410256;848.8888888888889;879.4326241134752;948.4848484848485;988.8475836431228;1040.6130268199233;1130.4449648711943;1209.3023255813955;1313.333333333333;1437.4639769452451;1578.927203065134;998600.0
3,57.0;52.0;51.0;51.0,1040.0;1677.7777777777778;2626.315789473684
2,55.0;51.0;51.0,1275.0;2516.6666666666665
1,54.0;53.0,5300.0
1,54.0;53.0,5300.0
1,54.0;54.0,999900.0
1,54.0;53.0,5300.0
1,54.0;54.0,999900.0
1,55.0;54.0,5400.0
1,55.0;54.0,5400.0
