numPlayed,heuristicList,remainingTime
8,12.0;8.0;6.0;4.0;3.0;2.0;1.0;0.0;1.0,20.0;18.888888888888886;13.846153846153847;10.0;5.472636815920396;0.0;-6.36363636363636;-9.166666666666657
2,17.0;11.0;10.0,18.333333333333336;26.19047619047619
1,11.0;10.0,100.0
1,11.0;10.0,100.0
1,15.0;12.0,40.0
1,11.0;10.0,100.0
1,14.0;10.0,25.0
1,13.0;10.0,33.333333333333336
1,13.0;10.0,33.333333333333336
1,15.0;12.0,40.0
1,12.0;10.0,50.0
