numPlayed,heuristicList,remainingTime
3,16.0;11.0;10.0;10.0,22.0;31.111111111111114;46.84210526315789
3,13.0;10.0;8.0;2.147483647E9,33.333333333333336;31.333333333333336;999970.0
2,15.0;11.0;10.0,27.5;38.0
1,11.0;10.0,100.0
1,16.0;15.0,150.0
1,10.0;10.0,999990.0
1,13.0;10.0,33.333333333333336
1,11.0;10.0,100.0
1,13.0;10.0,33.333333333333336
1,11.0;10.0,100.0
1,11.0;10.0,100.0
