numPlayed,heuristicList,remainingTime
7,14.0;10.0;8.0;6.0;4.0;3.0;2.0;2.147483647E9,25.0;25.555555555555557;21.53846153846154;15.0;10.000000000000007;4.8148148148148096;999930.0
2,14.0;10.0;10.0,25.0;46.66666666666667
2,16.0;11.0;10.0,22.0;31.111111111111114
2,16.0;11.0;10.0,22.0;31.111111111111114
1,15.0;13.0,65.0
1,12.0;10.0,50.0
1,13.0;10.0,33.333333333333336
1,11.0;10.0,100.0
1,16.0;12.0,30.0
1,13.0;10.0,33.333333333333336
1,16.0;12.0,30.0
