numPlayed,heuristicList,remainingTime
3,13.0;10.0;8.0;2.147483647E9,33.333333333333336;31.333333333333336;999970.0
3,16.0;11.0;10.0;10.0,22.0;31.111111111111114;46.84210526315789
2,13.0;10.0;9.0,33.333333333333336;43.33333333333333
1,10.0;8.0,40.0
1,11.0;10.0,100.0
1,14.0;13.0,130.0
1,13.0;12.0,120.0
1,14.0;13.0,130.0
