numPlayed,heuristicList,remainingTime
26,24.0;23.0;22.0;21.0;20.0;19.0;20.0;21.0;19.0;19.0;20.0;21.0;22.0;19.0;19.0;19.0;20.0;19.0;19.0;19.0;20.0;19.0;18.0;19.0;20.0;20.0;2.147483647E9,230.0;220.0;210.0;200.0;190.0;240.90909090909093;353.04347826086956;353.74999999999994;373.5365853658537;456.66666666666674;627.1264367816092;993.8888888888894;916.7708333333333;891.3333333333335;893.0555555555557;1018.9473684210527;1031.2052730696798;1056.5346534653468;1091.453744493392;1243.390804597701;1280.3488372093025;1218.6274509803923;1277.623363544814;1449.3975903614457;1635.135135135135;999740.0
13,26.0;24.0;22.0;21.0;21.0;21.0;21.0;21.0;22.0;22.0;22.0;22.0;22.0;23.0,120.0;110.0;121.76470588235293;155.3846153846154;200.0;253.63636363636363;315.66037735849056;451.3580246913581;618.0;817.8571428571428;1053.0409356725147;1325.5172413793107;2125.217391304348
12,24.0;23.0;22.0;21.0;20.0;19.0;20.0;20.0;21.0;21.0;21.0;22.0;22.0,230.0;220.0;210.0;200.0;190.0;240.90909090909093;299.811320754717;429.13580246913585;588.0;778.5714285714286;1261.0144927536232;2086.6666666666674
9,23.0;22.0;20.0;19.0;19.0;20.0;20.0;21.0;21.0;21.0,220.0;134.44444444444446;135.0;167.27272727272728;262.0;378.57142857142844;682.5;1193.3333333333335;2079.3750000000005
9,23.0;21.0;20.0;19.0;19.0;20.0;20.0;20.0;21.0;21.0,105.0;132.22222222222223;144.6153846153846;183.99999999999997;298.48484848484844;443.33333333333326;619.2307692307692;1180.0000000000002;2359.2857142857138
6,22.0;20.0;19.0;19.0;20.0;20.0;21.0,100.0;125.55555555555554;185.0;380.0;675.0000000000001;2790.0
6,21.0;19.0;18.0;18.0;19.0;19.0;20.0,95.0;118.88888888888889;175.0;360.0;640.0000000000001;2650.0
4,21.0;19.0;19.0;20.0;21.0,95.0;186.66666666666666;643.3333333333334;999960.0
