numPlayed,heuristicList,remainingTime
11,13.0;8.0;8.0;8.0;7.0;6.0;4.0;3.0;2.0;1.0;0.0;1.0,16.0;28.666666666666664;46.66666666666667;53.33333333333334;51.75438596491229;37.5;26.701030927835063;17.004830917874386;7.659574468085111;-1.6129032258064626;-6.049382716049379
3,11.0;8.0;8.0;8.0,26.66666666666667;50.0;82.22222222222223
2,12.0;10.0;9.0,50.0;58.8888888888889
2,12.0;10.0;9.0,50.0;58.8888888888889
1,13.0;11.0,55.0
1,10.0;9.0,90.0
1,8.0;8.0,999990.0
1,13.0;11.0,55.0
