numPlayed,heuristicList,remainingTime
4,15.0;11.0;8.0;8.0;2.147483647E9,27.5;22.380952380952387;28.75;999960.0
3,14.0;9.0;8.0;8.0,18.0;24.44444444444445;36.315789473684205
3,13.0;8.0;8.0;8.0,16.0;28.666666666666664;46.66666666666667
2,11.0;8.0;8.0,26.66666666666667;50.0
2,11.0;8.0;8.0,26.66666666666667;50.0
1,12.0;10.0,50.0
1,12.0;11.0,110.0
1,13.0;11.0,55.0
1,8.0;8.0,999990.0
1,12.0;10.0,50.0
1,11.0;9.0,45.0
