numPlayed,heuristicList,remainingTime
2,4.0;2.0;2.0,100.0;166.66666666666663
2,4.0;2.0;2.147483647E9,100.0;999800.0
1,4.0;3.0,300.0
1,4.0;3.0,300.0
1,5.0;3.0,150.0
1,4.0;3.0,300.0
1,6.0;4.0,200.0
1,4.0;2.0,100.0
1,5.0;3.0,150.0
1,5.0;3.0,150.0
1,4.0;3.0,300.0
