numPlayed,heuristicList,remainingTime
5,4.0;1.0;1.0;1.0;0.0;1.0,33.33333333333334;33.33333333333334;44.44444444444446;-25.0;9.259259259259181
1,5.0;3.0,150.0
1,5.0;4.0,400.0
1,5.0;3.0,150.0
1,4.0;3.0,300.0
1,4.0;2.0,100.0
1,4.0;2.0,100.0
1,3.0;2.0,200.0
1,4.0;3.0,300.0
1,4.0;2.0,100.0
1,6.0;4.0,200.0
