numPlayed,heuristicList,remainingTime
71,23.0;18.0;16.0;13.0;12.0;11.0;10.0;9.0;8.0;7.0;6.0;5.0;4.0;4.0;4.0;4.0;4.0;4.0;4.0;4.0;4.0;4.0;3.0;3.0;3.0;3.0;3.0;3.0;3.0;3.0;3.0;3.0;3.0;3.0;3.0;3.0;3.0;3.0;3.0;3.0;3.0;3.0;3.0;3.0;3.0;3.0;3.0;3.0;3.0;3.0;3.0;3.0;3.0;3.0;3.0;3.0;3.0;3.0;3.0;3.0;3.0;3.0;3.0;3.0;3.0;3.0;3.0;3.0;3.0;3.0;3.0;2.147483647E9,360.0;442.8571428571428;396.875;407.4074074074073;419.7530864197531;422.8070175438595;413.63636363636374;392.0792079207922;359.07335907335914;315.9509202453987;264.1089108910892;204.85829959514172;162.5;130.86053412462888;106.67539267015695;88.05620608899312;73.83474576271192;63.24951644100588;55.78291814946601;51.07084019769354;48.84969325153406;24.858757062147106;4.013961605584882;-14.146341463414501;-29.965753424657578;-43.70529327610893;-55.56680161943359;-65.70881226053689;-74.25757575757552;-81.31487889273376;-86.96369636963709;-91.27234490010505;-94.29758308157079;-96.08695652173901;-96.68059424326839;-96.11260053619299;-94.41214470284194;-91.60432252701594;-87.71084337349384;-82.75058275058291;-76.74003009781791;-69.69365426695822;-61.62420382165601;-52.54295532646029;-42.45991983967906;-31.38401559454178;-19.32321315623085;-6.284658040666727;7.725225225225586;22.70064440538954;38.63636363636397;55.52763819095435;73.37015821058503;92.15999999999985;111.893583724569;132.56763654925908;154.1791604197906;176.72540381791532;200.2038369304555;224.6121297602258;249.94813278008223;276.2098597919485;303.3954727030632;331.50326797385696;360.5316645271714;390.47919293820996;421.34448574969065;453.12626877791627;485.82335329341277;519.434628975263;992900.0
23,23.0;18.0;16.0;14.0;12.0;11.0;10.0;9.0;8.0;7.0;6.0;6.0;6.0;6.0;6.0;6.0;6.0;6.0;6.0;6.0;6.0;6.0;6.0;6.0,360.0;442.8571428571428;462.0689655172414;438.46153846153857;435.41666666666663;429.8245614035088;415.48387096774195;390.84967320261444;356.10687022900765;312.121212121212;288.35845896147407;277.2532188841201;275.09363295880144;279.84496124031034;290.29850746268653;305.69105691056893;325.5169561621176;349.4279176201376;377.1762208067944;408.5808580858088;443.5064935064938;481.8499127399655;523.5310269082925
1,21.0;18.0,600.0
1,22.0;20.0,1000.0
1,18.0;18.0,999900.0
1,18.0;18.0,999900.0
1,20.0;17.0,566.6666666666667
1,19.0;18.0,1800.0
