numPlayed,heuristicList,remainingTime
20,15.0;14.0;12.0;11.0;10.0;9.0;8.0;8.0;8.0;8.0;8.0;8.0;8.0;8.0;8.0;8.0;8.0;8.0;8.0;8.0;8.0,1400.0;811.1111111111111;778.5714285714284;753.8461538461538;713.1782945736436;657.5757575757577;676.4044943820224;730.952380952381;808.8888888888891;905.0632911392406;1016.9429097605894;1143.1372549019611;1282.8193832599122;1435.4666666666667;1600.732600732601;1778.3783783783788;1968.234064785789;2170.175438596492;2384.109589041096;2609.965635738831
13,12.0;11.0;10.0;9.0;8.0;8.0;8.0;8.0;8.0;8.0;8.0;8.0;8.0;2.147483647E9,1100.0;1000.0;900.0;800.0;877.7777777777776;1020.0;1204.0;1422.2222222222226;1671.4285714285716;1950.0;2257.0370370370374;2592.000000000001;998700.0
1,8.0;8.0,999900.0
1,8.0;8.0,999900.0
1,8.0;8.0,999900.0
1,18.0;18.0,999900.0
1,8.0;8.0,999900.0
1,8.0;8.0,999900.0
