numPlayed,heuristicList,remainingTime
12,14.0;12.0;11.0;10.0;9.0;8.0;8.0;8.0;8.0;8.0;8.0;8.0;8.0,600.0;722.2222222222223;753.8461538461538;733.3333333333333;683.3333333333333;728.5714285714289;816.6666666666665;933.3333333333335;1073.0769230769229;1233.3333333333335;1412.7450980392155;1610.5263157894733
7,11.0;10.0;9.0;8.0;8.0;8.0;8.0;8.0,1000.0;900.0;800.0;949.9999999999998;1181.8181818181818;1471.4285714285716;1811.7647058823532
2,17.0;16.0;2.147483647E9,1600.0;999800.0
1,18.0;17.0,1700.0
1,8.0;8.0,999900.0
1,8.0;8.0,999900.0
1,8.0;8.0,999900.0
1,8.0;8.0,999900.0
1,8.0;8.0,999900.0
1,17.0;17.0,999900.0
1,8.0;8.0,999900.0
