numPlayed,heuristicList,remainingTime
8,10.0;9.0;8.0;8.0;8.0;8.0;8.0;8.0;8.0,900.0;800.0;1100.0;1520.0;2038.4615384615386;2650.0000000000005;3352.6315789473683;4145.454545454545
5,9.0;8.0;8.0;8.0;8.0;2.147483647E9,800.0;1566.6666666666667;2599.9999999999995;3899.999999999999;999500.0
3,19.0;18.0;18.0;18.0,1800.0;3566.6666666666665;5933.333333333333
1,8.0;8.0,999900.0
1,18.0;18.0,999900.0
1,8.0;8.0,999900.0
1,8.0;8.0,999900.0
1,8.0;8.0,999900.0
1,8.0;8.0,999900.0
1,8.0;8.0,999900.0
1,8.0;8.0,999900.0
