numPlayed,heuristicList,remainingTime
19,8.0;7.0;7.0;7.0;7.0;7.0;7.0;7.0;7.0;7.0;7.0;7.0;7.0;7.0;6.0;6.0;6.0;5.0;3.0;1.0,700.0;1366.6666666666665;2266.6666666666665;3400.0;4766.666666666667;6366.666666666666;8200.0;10266.666666666666;12566.666666666664;15100.0;17866.666666666668;20866.666666666668;24099.999999999996;13299.999999999998;10220.93023255814;8882.758620689656;6447.407407407408;3846.835443037975;2223.863636363636
14,8.0;7.0;7.0;7.0;7.0;7.0;7.0;7.0;7.0;7.0;7.0;7.0;7.0;7.0;7.0,700.0;1366.6666666666665;2266.6666666666665;3400.0;4766.666666666667;6366.666666666666;8200.0;10266.666666666666;12566.666666666664;15100.0;17866.666666666668;20866.666666666668;24099.999999999996;27566.66666666667
13,8.0;7.0;7.0;7.0;7.0;7.0;7.0;7.0;7.0;7.0;7.0;7.0;7.0;7.0,700.0;1366.6666666666665;2266.6666666666665;3400.0;4766.666666666667;6366.666666666666;8200.0;10266.666666666666;12566.666666666664;15100.0;17866.666666666668;20866.666666666668;24099.999999999996
13,8.0;7.0;7.0;7.0;7.0;7.0;7.0;7.0;7.0;7.0;7.0;7.0;7.0;7.0,700.0;1366.6666666666665;2266.6666666666665;3400.0;4766.666666666667;6366.666666666666;8200.0;10266.666666666666;12566.666666666664;15100.0;17866.666666666668;20866.666666666668;24099.999999999996
13,8.0;7.0;7.0;7.0;7.0;7.0;7.0;7.0;7.0;7.0;7.0;7.0;7.0;7.0,700.0;1366.6666666666665;2266.6666666666665;3400.0;4766.666666666667;6366.666666666666;8200.0;10266.666666666666;12566.666666666664;15100.0;17866.666666666668;20866.666666666668;24099.999999999996
13,8.0;7.0;7.0;7.0;7.0;7.0;7.0;7.0;7.0;7.0;7.0;7.0;7.0;7.0,700.0;1366.6666666666665;2266.6666666666665;3400.0;4766.666666666667;6366.666666666666;8200.0;10266.666666666666;12566.666666666664;15100.0;17866.666666666668;20866.666666666668;24099.999999999996
1,7.0;7.0,999900.0
1,7.0;7.0,999900.0
