numPlayed,heuristicList,remainingTime
35,16.0;15.0;14.0;13.0;12.0;12.0;12.0;12.0;12.0;12.0;12.0;12.0;12.0;12.0;8.0;6.0;6.0;6.0;6.0;6.0;6.0;6.0;6.0;6.0;6.0;6.0;6.0;6.0;6.0;6.0;6.0;6.0;6.0;6.0;6.0;2.147483647E9,1500.0;1400.0;1300.0;1200.0;1344.4444444444441;1580.0;1876.0;2222.2222222222226;2614.285714285714;3050.0;3528.1481481481487;4048.000000000001;4609.090909090907;3245.454545454546;2250.0;1782.6086956521744;1516.8103448275865;1350.000000000001;1239.6341463414637;1164.893617021277;1114.38679245283;1081.3559322033902;1061.538461538462;1052.112676056338;1051.136363636364;1057.2289156626507;1069.3820224719102;1086.8421052631575;1109.0346534653463;1135.5140186915896;1165.929203539823;1200.0;1237.5;1278.2442748091598;996500.0
4,14.0;13.0;13.0;13.0;13.0,1300.0;2566.6666666666665;4266.666666666666;6399.999999999998
1,12.0;12.0,999900.0
1,16.0;16.0,999900.0
1,12.0;12.0,999900.0
1,13.0;13.0,999900.0
1,13.0;13.0,999900.0
1,16.0;16.0,999900.0
1,13.0;13.0,999900.0
1,12.0;12.0,999900.0
1,15.0;15.0,999900.0
