numPlayed,heuristicList,remainingTime
31,15.0;13.0;13.0;13.0;13.0;13.0;12.0;12.0;12.0;12.0;12.0;12.0;12.0;12.0;10.0;8.0;7.0;6.0;6.0;6.0;6.0;6.0;6.0;6.0;6.0;6.0;6.0;6.0;6.0;6.0;6.0;2.147483647E9,650.0;1266.6666666666665;2100.0;3150.0;4416.666666666667;3788.8888888888887;3850.0;4149.019607843137;4578.571428571428;5100.0;5695.977011494252;6357.575757575757;7079.72972972973;5612.727272727272;3934.659090909091;2939.5348837209303;2271.4285714285716;1902.6315789473683;1674.0540540540542;1522.9357798165133;1419.521912350598;1347.8873239436616;1298.7381703470028;1266.2857142857147;1246.7362924281983;1237.5;1236.7483296213818;1243.1535269709548;1255.728155339806;1273.7226277372265;996900.0
4,17.0;16.0;16.0;16.0;16.0,1600.0;3166.6666666666665;5266.666666666666;7899.999999999996
4,17.0;16.0;16.0;16.0;16.0,1600.0;3166.6666666666665;5266.666666666666;7899.999999999996
1,16.0;16.0,999900.0
1,12.0;12.0,999900.0
1,15.0;15.0,999900.0
1,12.0;12.0,999900.0
1,12.0;12.0,999900.0
1,16.0;16.0,999900.0
1,12.0;12.0,999900.0
1,13.0;13.0,999900.0
