numPlayed,heuristicList,remainingTime
40,12.0;12.0;12.0;12.0;12.0;12.0;12.0;12.0;12.0;12.0;12.0;12.0;12.0;11.0;10.0;8.0;7.0;7.0;6.0;6.0;6.0;6.0;6.0;6.0;6.0;6.0;6.0;6.0;6.0;6.0;6.0;6.0;6.0;6.0;6.0;6.0;6.0;6.0;6.0;5.0;1.0,999900.0;999800.0;999700.0;999600.0;999500.0;999400.0;999300.0;999200.0;999100.0;999000.0;998900.0;998800.0;41099.99999999999;15820.0;7355.670103092785;4621.176470588235;3558.573388203017;2782.6347305389218;2351.5294117647054;2083.9793281653747;1907.4135090609552;1787.1060171919771;1704.3514997887623;1648.181818181818;1611.740473738414;1590.5210295040797;1581.4397224631393;1582.3151125401928;1591.560549313359;1607.9943899018235;1630.7185234014496;1659.0381426202312;1692.4072984108298;1730.391061452514;1772.6386673755105;1818.8640973630845;1868.8317983519146;1922.3460229031261;1900.4816112084063;1600.6216006216
1,13.0;13.0,999900.0
1,12.0;12.0,999900.0
1,12.0;12.0,999900.0
1,12.0;12.0,999900.0
1,12.0;12.0,999900.0
1,13.0;13.0,999900.0
1,13.0;13.0,999900.0
