numPlayed,heuristicList,remainingTime
31,16.0;15.0;15.0;15.0;14.0;13.0;13.0;13.0;13.0;13.0;13.0;12.0;12.0;12.0;12.0;12.0;12.0;12.0;12.0;12.0;12.0;12.0;12.0;10.0;9.0;7.0;7.0;6.0;6.0;6.0;6.0;2.147483647E9,1500.0;2966.6666666666665;4933.333333333333;3550.0;2601.851851851852;2585.714285714286;2800.0;3127.7777777777774;3532.758620689656;4000.0;3868.5393258426966;3905.454545454546;4038.9312977099235;4236.842105263159;4482.658959537573;4767.01030927835;5084.186046511628;5430.508474576271;5803.501945525293;6201.438848920863;6623.076923076924;7067.499999999998;6452.282515073213;5675.313807531382;4620.355411954766;3968.4210526315783;3375.0;2968.6131386861316;2675.158227848101;2455.3072625698323;996900.0
5,13.0;12.0;12.0;12.0;12.0;12.0,1200.0;2366.6666666666665;3933.333333333333;5899.999999999998;8266.666666666666
4,17.0;16.0;16.0;16.0;16.0,1600.0;3166.6666666666665;5266.666666666666;7899.999999999996
1,12.0;12.0,999900.0
1,15.0;15.0,999900.0
1,16.0;16.0,999900.0
1,16.0;16.0,999900.0
1,12.0;12.0,999900.0
1,15.0;15.0,999900.0
1,12.0;12.0,999900.0
1,12.0;12.0,999900.0
