numPlayed,heuristicList,remainingTime
5,8.0;5.0;4.0;2.0;1.0;1.0,16.666666666666668;18.333333333333336;10.0;3.529411764705884;-7.105427357601002E-15
1,7.0;6.0,60.0
1,7.0;6.0,60.0
1,6.0;5.0,50.0
1,5.0;4.0,40.0
1,6.0;5.0,50.0
1,6.0;5.0,50.0
1,5.0;4.0,40.0
1,6.0;5.0,50.0
1,5.0;4.0,40.0
1,5.0;4.0,40.0
