numPlayed,heuristicList,remainingTime
5,7.0;5.0;4.0;4.0;4.0;4.0,25.0;25.555555555555557;35.0;48.57142857142857;65.74074074074075
5,7.0;5.0;4.0;4.0;4.0;4.0,25.0;25.555555555555557;35.0;48.57142857142857;65.74074074074075
3,6.0;5.0;4.0;2.147483647E9,50.0;40.0;999970.0
2,5.0;4.0;4.0,40.0;76.66666666666666
2,5.0;4.0;4.0,40.0;76.66666666666666
1,6.0;5.0,50.0
1,4.0;4.0,999990.0
1,7.0;6.0,60.0
