numPlayed,heuristicList,remainingTime
33,7.0;6.0;5.0;5.0;4.0;3.0;3.0;3.0;3.0;3.0;3.0;3.0;3.0;3.0;3.0;2.0;2.0;2.0;2.0;2.0;2.0;2.0;2.0;2.0;2.0;2.0;2.0;2.0;2.0;2.0;2.0;2.0;2.0;2.0,60.0;50.0;67.14285714285712;57.14285714285714;42.30769230769231;39.47368421052633;40.599999999999994;43.87096774193547;48.648648648648674;54.65116279069767;61.734693877551024;69.81818181818181;78.85245901639345;88.80597014925374;80.7453416149068;75.74468085106383;72.74418604651163;71.15702479338842;70.63197026022306;70.94594594594594;71.95046439628487;73.54285714285714;75.64986737400528;78.21782178217819;81.20649651972161;84.58515283842792;88.32989690721644;92.421875;96.84601113172539;101.5901060070671;106.64418212478921;112.00000000000006;117.65069551777441
16,7.0;6.0;5.0;4.0;4.0;4.0;4.0;4.0;3.0;3.0;3.0;3.0;3.0;3.0;3.0;3.0;3.0,60.0;50.0;40.0;45.000000000000014;54.54545454545453;67.14285714285712;82.35294117647058;73.88888888888889;72.09677419354841;73.68421052631578;77.40740740740739;82.69230769230771;89.23728813559322;96.86868686868684;105.47945205479454;115.00000000000006
9,7.0;6.0;5.0;5.0;5.0;4.0;4.0;4.0;4.0;4.0,60.0;50.0;67.14285714285712;91.99999999999997;78.7037037037037;80.76923076923077;88.52941176470588;99.68253968253973;113.39999999999998
9,7.0;6.0;5.0;4.0;4.0;4.0;4.0;4.0;4.0;4.0,60.0;50.0;40.0;45.000000000000014;54.54545454545453;67.14285714285712;82.35294117647058;100.0;119.99999999999997
7,6.0;5.0;5.0;4.0;4.0;4.0;4.0;2.147483647E9,50.0;96.66666666666666;68.33333333333334;75.99999999999999;91.66666666666666;112.22222222222223;999930.0
6,6.0;5.0;4.0;4.0;4.0;4.0;4.0,50.0;40.0;52.85714285714285;71.99999999999997;96.15384615384616;125.0
3,6.0;5.0;5.0;5.0,50.0;96.66666666666666;160.0
3,6.0;5.0;5.0;5.0,50.0;96.66666666666666;160.0
