numPlayed,heuristicList,remainingTime
4,27.0;18.0;11.0;11.0;2.147483647E9,200.0;133.33333333333331;154.54545454545456;999600.0
1,25.0;20.0,400.0
1,27.0;23.0,575.0
1,27.0;26.0,2600.0
1,26.0;24.0,1200.0
1,26.0;24.0,1200.0
1,27.0;24.0,800.0
1,26.0;24.0,1200.0
1,26.0;18.0,225.0
1,25.0;24.0,2400.0
1,28.0;20.0,250.0
