numPlayed,heuristicList,remainingTime
4,27.0;21.0;17.0;8.0;2.0,350.0;333.33333333333337;149.18032786885243;38.09523809523813
2,27.0;20.0;18.0,285.71428571428567;381.4814814814815
2,28.0;20.0;19.0,250.0;396.2962962962963
1,26.0;24.0,1200.0
1,28.0;23.0,460.0
1,27.0;24.0,800.0
1,28.0;25.0,833.3333333333334
1,26.0;22.0,550.0
