numPlayed,heuristicList,remainingTime
4,27.0;19.0;13.0;10.0;2.147483647E9,237.5;180.9523809523809;152.63157894736844;999600.0
1,26.0;24.0,1200.0
1,26.0;19.0,271.4285714285714
1,26.0;25.0,2500.0
1,27.0;24.0,800.0
1,26.0;19.0,271.4285714285714
1,27.0;24.0,800.0
1,26.0;22.0,550.0
1,27.0;24.0,800.0
1,27.0;24.0,800.0
1,27.0;24.0,800.0
