numPlayed,heuristicList,remainingTime
2,27.0;19.0;19.0,237.5;441.66666666666663
2,26.0;19.0;2.147483647E9,271.4285714285714;999800.0
1,27.0;23.0,575.0
1,27.0;24.0,800.0
1,27.0;22.0,440.0
1,27.0;23.0,575.0
1,27.0;23.0,575.0
1,26.0;19.0,271.4285714285714
1,26.0;24.0,1200.0
1,26.0;20.0,333.33333333333337
1,27.0;23.0,575.0
