numPlayed,heuristicList,remainingTime
44,35.0;34.0;32.0;31.0;30.0;30.0;30.0;30.0;30.0;29.0;29.0;29.0;29.0;29.0;29.0;29.0;29.0;27.0;27.0;27.0;27.0;26.0;26.0;26.0;26.0;26.0;27.0;26.0;24.0;24.0;24.0;23.0;23.0;23.0;22.0;22.0;21.0;21.0;20.0;20.0;20.0;18.0;19.0;20.0;2.147483647E9,340.0;214.44444444444443;220.7142857142857;229.23076923076923;269.7368421052632;325.20000000000005;391.77419354838713;468.108108108108;495.1578947368422;536.2068965517242;586.9343065693431;645.3164556962025;710.2793296089385;781.1999999999998;857.6923076923076;939.5041322314048;895.6004489337824;878.1818181818182;877.1744471744471;887.3015873015875;864.5910780669146;855.9934853420195;857.2222222222222;865.6919060052217;879.7505938242282;929.626307922272;949.1331269349844;913.1760435571689;889.881241565452;875.7309941520468;846.6318537859008;826.8553459119496;814.0591397849462;789.533527696793;772.1409574468084;745.734939759036;726.1453744493392;699.5416110369383;679.1982864137087;663.7288135593221;632.583461736004;616.7522586780788;613.0502793296089;999560.0
29,35.0;31.0;29.0;28.0;27.0;27.0;27.0;27.0;27.0;26.0;26.0;26.0;26.0;26.0;26.0;25.0;24.0;24.0;24.0;24.0;24.0;24.0;24.0;24.0;24.0;24.0;24.0;24.0;24.0;25.0,77.5;95.55555555555557;118.69565217391306;137.89473684210526;169.81132075471695;210.0;257.22891566265065;311.0204081632653;339.0983606557377;374.6575342465754;416.0588235294118;462.47422680412365;513.4403669724771;568.6776859504133;588.9679715302491;581.4285714285714;585.5072463768116;597.4439461883409;615.1297405189622;637.2901678657076;663.1096563011456;692.0420420420421;723.7078132223764;757.8350515463917;794.2238267148016;832.7238525206922;873.2199787460149;915.6224899598394;992.6777560339203
1,35.0;35.0,999990.0
1,35.0;35.0,999990.0
1,35.0;35.0,999990.0
1,35.0;35.0,999990.0
1,35.0;35.0,999990.0
1,35.0;35.0,999990.0
1,35.0;35.0,999990.0
1,35.0;35.0,999990.0
1,35.0;35.0,999990.0
