numPlayed,heuristicList,remainingTime
77,35.0;34.0;33.0;32.0;31.0;30.0;30.0;30.0;30.0;30.0;30.0;30.0;30.0;30.0;30.0;29.0;28.0;28.0;28.0;27.0;27.0;27.0;27.0;27.0;26.0;25.0;25.0;25.0;24.0;24.0;24.0;24.0;24.0;24.0;25.0;23.0;23.0;23.0;23.0;23.0;24.0;24.0;24.0;24.0;24.0;24.0;24.0;24.0;24.0;24.0;24.0;24.0;24.0;24.0;24.0;24.0;23.0;22.0;22.0;21.0;20.0;20.0;20.0;17.0;16.0;14.0;14.0;13.0;12.0;12.0;10.0;10.0;9.0;8.0;8.0;6.0;2.0;2.0,340.0;330.0;320.0;310.0;300.0;330.00000000000006;376.92307692307696;435.0;502.1052631578948;577.2727272727271;660.0;750.0000000000001;847.0967741935484;951.1764705882354;974.75;938.5365853658536;928.9840182648402;936.0355029585799;903.3250620347394;890.3133903133903;890.3001876172609;899.4983277591973;915.6058320764205;902.0212765957447;867.4942263279445;846.8571428571427;835.9963436928704;809.190938511327;792.2738268021287;782.6315789473683;778.5439229843562;778.8322246858834;782.6618705035971;806.2999026290163;797.797192353644;793.4937759336099;792.6120556414221;794.5745962882625;798.9436141304348;819.3380921479556;840.7546583850929;863.1387730792137;886.4445080091537;910.632911392405;935.6707317073169;961.5294117647059;988.1842885375495;1015.6139512661252;1043.7997224791861;1072.725235320484;1102.3760869565215;1132.73955255382;1163.8043478260868;1195.5604307937774;1227.9988354037268;1243.9556054370871;1244.1825978202612;1246.2859097127218;1234.2925192161956;1210.110294117647;1189.9333140040594;1173.1773986424512;1121.1536987351476;1065.5053254437871;997.6366402260132;940.4580152671756;883.3853006681516;827.1467764060358;779.0535372848949;725.0515463917525;678.6669404892298;633.2620320855617;589.0681831645047;550.5117979395147;508.6700727666823;457.7585221862503;413.7560573254975
1,35.0;35.0,999990.0
1,35.0;35.0,999990.0
1,35.0;35.0,999990.0
1,35.0;35.0,999990.0
1,35.0;35.0,999990.0
1,35.0;35.0,999990.0
1,35.0;35.0,999990.0
