numPlayed,heuristicList,remainingTime
51,35.0;33.0;31.0;29.0;28.0;27.0;27.0;27.0;27.0;27.0;27.0;27.0;27.0;27.0;27.0;25.0;25.0;25.0;25.0;25.0;25.0;24.0;24.0;24.0;24.0;24.0;24.0;24.0;24.0;24.0;24.0;25.0;24.0;24.0;24.0;23.0;23.0;23.0;23.0;23.0;23.0;23.0;23.0;23.0;23.0;23.0;23.0;23.0;23.0;23.0;24.0;24.0,165.0;155.0;145.0;153.33333333333331;162.28070175438594;185.3846153846154;216.36363636363637;253.33333333333326;295.53191489361706;342.5925925925926;394.31693989071033;450.5882352941177;511.33333333333337;576.5040650406503;570.3703703703703;576.551724137931;590.952380952381;611.3333333333334;636.367265469062;665.2173913043478;669.0384615384615;678.9655172413793;693.5937500000001;712.0;733.5526315789473;757.8048780487806;784.4318181818182;813.191489361702;843.8999999999996;876.4150943396228;937.0830159939071;971.6979316979316;1007.9437971213156;1045.7441253263707;1056.8292682926829;1070.8695652173913;1087.4730603448277;1106.3340122199593;1127.2104247104246;1149.908256880734;1174.2701048951049;1200.1669449081803;1227.4920127795526;1256.156202143951;1286.0845588235297;1317.2135785007074;1349.4891008174386;1382.8646517739817;1417.300126903553;1480.6334371754933;1545.3457772337824
24,34.0;33.0;32.0;31.0;30.0;30.0;30.0;30.0;30.0;30.0;30.0;30.0;30.0;30.0;30.0;30.0;29.0;28.0;28.0;28.0;28.0;27.0;27.0;27.0;2.147483647E9,330.0;320.0;310.0;300.0;344.44444444444446;409.9999999999999;490.0000000000001;582.2222222222223;685.7142857142856;800.0;924.8148148148146;1059.9999999999998;1205.4545454545453;1361.1111111111113;1526.923076923077;1516.923076923077;1394.7403685092129;1335.619834710744;1312.0000000000002;1310.7723577235772;1246.2500000000002;1211.9298245614036;1197.179487179487;999760.0
1,35.0;35.0,999990.0
1,35.0;35.0,999990.0
1,35.0;35.0,999990.0
1,35.0;35.0,999990.0
1,35.0;35.0,999990.0
1,35.0;35.0,999990.0
1,35.0;35.0,999990.0
1,35.0;35.0,999990.0
1,35.0;35.0,999990.0
