numPlayed,heuristicList,remainingTime
8,7.0;5.0;5.0;5.0;5.0;5.0;5.0;5.0;5.0,25.0;46.66666666666667;76.66666666666667;115.0;161.66666666666666;216.66666666666669;280.0;351.66666666666663
6,6.0;5.0;5.0;5.0;5.0;5.0;2.147483647E9,50.0;96.66666666666666;160.0;240.0;336.6666666666667;999940.0
5,6.0;5.0;5.0;5.0;5.0;5.0,50.0;96.66666666666666;160.0;240.0;336.6666666666667
5,6.0;5.0;5.0;5.0;5.0;5.0,50.0;96.66666666666666;160.0;240.0;336.6666666666667
5,6.0;5.0;5.0;5.0;5.0;5.0,50.0;96.66666666666666;160.0;240.0;336.6666666666667
5,6.0;5.0;5.0;5.0;5.0;5.0,50.0;96.66666666666666;160.0;240.0;336.6666666666667
1,5.0;5.0,999990.0
1,5.0;5.0,999990.0
