numPlayed,heuristicList,remainingTime
1,17.0;13.0,325.0
1,24.0;24.0,999900.0
1,19.0;11.0,137.5
1,19.0;16.0,533.3333333333334
1,24.0;19.0,380.0
1,16.0;13.0,433.33333333333337
1,18.0;16.0,800.0
1,23.0;18.0,360.0
1,22.0;17.0,340.0
1,24.0;2.147483647E9,999900.0
0,17.0,
