numPlayed,heuristicList,remainingTime
1,19.0;16.0,533.3333333333334
1,24.0;24.0,999900.0
1,18.0;10.0,125.0
1,24.0;18.0,300.0
1,19.0;15.0,375.0
1,19.0;15.0,375.0
1,21.0;18.0,600.0
1,20.0;17.0,566.6666666666667
1,17.0;6.0,54.54545454545453
1,18.0;2.147483647E9,999900.0
0,19.0,
