numPlayed,heuristicList,remainingTime
2,16.0;5.0;2.0,45.45454545454547;9.523809523809518
1,17.0;11.0,183.33333333333337
1,24.0;19.0,380.0
1,17.0;8.0,88.88888888888889
1,16.0;15.0,1500.0
1,16.0;13.0,433.33333333333337
1,24.0;15.0,166.66666666666669
1,24.0;19.0,380.0
