numPlayed,heuristicList,remainingTime
1,19.0;16.0,533.3333333333334
1,20.0;17.0,566.6666666666667
1,24.0;10.0,71.42857142857142
1,17.0;13.0,325.0
1,19.0;16.0,533.3333333333334
1,24.0;19.0,380.0
1,17.0;15.0,750.0
1,19.0;17.0,850.0
1,19.0;16.0,533.3333333333334
1,17.0;2.147483647E9,999900.0
0,18.0,
