numPlayed,heuristicList,remainingTime
34,65.0;63.0;62.0;61.0;61.0;61.0;61.0;61.0;60.0;59.0;58.0;58.0;57.0;56.0;55.0;54.0;53.0;52.0;52.0;51.0;50.0;51.0;51.0;51.0;52.0;51.0;51.0;49.0;49.0;48.0;47.0;46.0;43.0;43.0;2.147483647E9,315.0;412.2222222222223;467.6923076923077;604.0;780.8641975308642;991.1764705882354;1232.6829268292684;1281.4285714285718;1221.375;1128.9473684210527;1120.563063063063;1075.8762886597938;1017.905138339921;958.3844580777095;902.2946859903382;851.2741312741312;805.4825247782993;785.5263157894736;762.1111111111112;737.1069182389937;741.6263552960801;752.899850523169;769.3658316407129;804.3718592964824;827.2228637413396;853.2407407407409;854.1723136495646;860.4424778761063;858.5152369445561;850.0;836.3841059602648;799.4666666666667;773.0555555555554;999660.0
8,65.0;63.0;62.0;61.0;61.0;61.0;61.0;61.0;60.0,315.0;412.2222222222223;467.6923076923077;604.0;780.8641975308642;991.1764705882354;1232.6829268292684;1281.4285714285718
7,65.0;64.0;63.0;62.0;62.0;62.0;62.0;62.0,640.0;630.0;620.0;770.0;977.2727272727273;1227.142857142857;1515.2941176470588
7,65.0;64.0;63.0;62.0;62.0;62.0;62.0;62.0,640.0;630.0;620.0;770.0;977.2727272727273;1227.142857142857;1515.2941176470588
7,65.0;64.0;63.0;62.0;62.0;62.0;62.0;62.0,640.0;630.0;620.0;770.0;977.2727272727273;1227.142857142857;1515.2941176470588
7,65.0;64.0;63.0;62.0;62.0;62.0;62.0;62.0,640.0;630.0;620.0;770.0;977.2727272727273;1227.142857142857;1515.2941176470588
7,65.0;64.0;63.0;62.0;62.0;62.0;62.0;62.0,640.0;630.0;620.0;770.0;977.2727272727273;1227.142857142857;1515.2941176470588
1,65.0;65.0,999990.0
