numPlayed,heuristicList,remainingTime
19,14.0;13.0;12.0;11.0;10.0;9.0;9.0;9.0;9.0;8.0;8.0;8.0;8.0;8.0;8.0;8.0;7.0;7.0;7.0;7.0,1300.0;1200.0;1100.0;1000.0;900.0;948.0;1055.3846153846155;1199.9999999999998;1200.0;1250.0;1331.5789473684213;1436.3636363636365;1560.0;1700.0;1854.838709677419;1850.0;1874.4918699186987;1920.6521739130435;1983.8235294117649
15,14.0;13.0;11.0;10.0;9.0;9.0;9.0;9.0;8.0;8.0;8.0;8.0;8.0;8.0;8.0;8.0,1300.0;744.4444444444445;707.1428571428571;676.9230769230769;763.1578947368423;900.0;1072.5806451612902;1095.9349593495933;1167.6470588235293;1270.4918032786886;1396.9483568075116;1543.2098765432097;1707.1428571428569;1887.4587458745877;2083.3333333333335
13,14.0;13.0;11.0;11.0;11.0;9.0;8.0;8.0;8.0;8.0;9.0;9.0;9.0;9.0,1300.0;744.4444444444445;963.6363636363637;1300.0;1048.3870967741937;884.6153846153845;872.6027397260275;919.1489361702129;999.1304347826087;1246.031746031746;1520.1946472019472;1821.6216216216221;2150.314465408805
12,13.0;11.0;11.0;10.0;9.0;9.0;9.0;9.0;9.0;8.0;8.0;8.0;2.147483647E9,550.0;1066.6666666666665;1100.0;1000.0000000000002;1111.111111111111;1300.0;1540.0;1822.2222222222226;1795.833333333333;1855.5555555555552;1965.7407407407409;998800.0
2,15.0;14.0;14.0,1400.0;2766.6666666666665
2,15.0;14.0;14.0,1400.0;2766.6666666666665
1,14.0;14.0,999900.0
1,14.0;14.0,999900.0
