numPlayed,heuristicList,remainingTime
15,73.0;71.0;70.0;69.0;69.0;69.0;69.0;68.0;67.0;66.0;66.0;65.0;64.0;63.0;62.0;2.147483647E9,355.0;465.55555555555554;529.2307692307693;684.0;884.567901234568;1122.9411764705883;1185.625;1150.4761904761904;1083.8613861386136;1096.969696969697;1070.919540229885;1028.0701754385966;980.508474576271;933.8297872340427;999850.0
7,73.0;71.0;70.0;69.0;69.0;69.0;69.0;68.0,355.0;465.55555555555554;529.2307692307693;684.0;884.567901234568;1122.9411764705883;1185.625
7,73.0;71.0;70.0;69.0;69.0;69.0;69.0;69.0,355.0;465.55555555555554;529.2307692307693;684.0;884.567901234568;1122.9411764705883;1396.5853658536585
6,73.0;72.0;71.0;70.0;70.0;70.0;70.0,720.0;710.0;700.0;870.0;1104.5454545454545;1387.142857142857
1,73.0;73.0,999990.0
1,73.0;73.0,999990.0
1,73.0;73.0,999990.0
1,73.0;73.0,999990.0
