numPlayed,heuristicList,remainingTime
92,35.0;34.0;33.0;32.0;34.0;33.0;32.0;33.0;34.0;33.0;32.0;33.0;33.0;34.0;33.0;32.0;32.0;32.0;32.0;32.0;32.0;32.0;32.0;32.0;32.0;32.0;32.0;32.0;32.0;32.0;32.0;32.0;32.0;33.0;31.0;30.0;29.0;30.0;30.0;29.0;29.0;29.0;30.0;30.0;30.0;30.0;29.0;28.0;27.0;28.0;28.0;27.0;29.0;28.0;25.0;24.0;22.0;24.0;24.0;24.0;25.0;24.0;23.0;22.0;23.0;22.0;24.0;24.0;24.0;23.0;23.0;23.0;24.0;24.0;24.0;23.0;22.0;23.0;24.0;25.0;25.0;25.0;25.0;21.0;22.0;22.0;20.0;21.0;21.0;22.0;21.0;22.0;2.147483647E9,340.0;330.0;320.0;820.0;1040.9090909090908;902.0;1234.5454545454545;2460.0;2846.8421052631575;2231.25;2734.9019607843134;3292.2222222222217;5979.999999999999;6570.000000000001;4821.739130434783;4135.0;3814.634146341463;3666.0;3613.2203389830506;3620.588235294117;3669.090909090908;3747.674418604651;3849.4736842105267;3969.999999999999;4106.194690265487;4255.901639344262;4417.557251908398;4589.999999999998;4772.3489932885905;4963.924050632912;5164.191616766467;5372.727272727271;6158.367952522255;5782.615384615383;5098.91910739191;4353.488372093024;4097.924528301886;3913.6082474226814;3604.5454545454527;3381.7120622568086;3217.1143847487;3208.3521809369945;3210.0378214826014;3220.512091038407;3238.489932885906;3161.506172839506;3013.806343906511;2822.3145400593467;2741.3694267515925;2677.8292614434154;2569.934640522876;2591.9823788546255;2562.8850574712646;2396.3125386040765;2224.5386945744976;2022.2372662798198;1922.580075104926;1841.069540463603;1773.7414453443835;1740.283687943263;1691.2533156498675;1630.3597492034123;1561.0709695844635;1519.3133047210304;1468.1924588245124;1454.1052631578946;1442.805854104734;1433.9670024821144;1413.707103369146;1396.584345747859;1382.2126956908319;1382.5367647058824;1384.167628518157;1386.9969660541528;1379.1928288169197;1361.7819275201769;1357.755886470663;1365.974469348375;1385.8552344997825;1406.1674008810578;1426.9013496591065;1448.0482486029714;1425.6485474106016;1416.3012488961772;1408.495915132301;1382.2181988085508;1368.283863700366;1356.0844028714369;1354.5876470173957;1345.0015332720022;1345.5636779551442;999080.0
5,34.0;33.0;32.0;33.0;33.0;34.0,330.0;320.0;810.0;1630.0;999950.0
2,33.0;32.0;35.0,320.0;999980.0
2,30.0;29.0;30.0,290.0;999980.0
2,33.0;32.0;33.0,320.0;999980.0
1,32.0;33.0,999990.0
1,32.0;32.0,999990.0
1,32.0;32.0,999990.0
1,35.0;35.0,999990.0
1,32.0;32.0,999990.0
1,32.0;32.0,999990.0
