numPlayed,heuristicList,remainingTime
66,31.0;30.0;29.0;30.0;30.0;29.0;29.0;29.0;30.0;29.0;28.0;27.0;28.0;28.0;27.0;29.0;28.0;25.0;24.0;22.0;24.0;24.0;24.0;25.0;24.0;23.0;22.0;23.0;22.0;24.0;24.0;24.0;23.0;23.0;23.0;24.0;24.0;24.0;23.0;22.0;23.0;24.0;25.0;25.0;25.0;25.0;24.0;24.0;25.0;25.0;25.0;25.0;25.0;24.0;23.0;25.0;24.0;25.0;25.0;21.0;22.0;22.0;20.0;21.0;21.0;22.0;2.147483647E9,300.0;290.0;735.0;1480.0;1135.1851851851852;1158.5714285714284;1274.7368421052633;2185.0;2175.0;1655.2631578947367;1232.0;1266.4999999999995;1327.3684210526317;1236.666666666667;1524.7967479674796;1627.8260869565217;1276.666666666667;1035.0;816.5365853658536;773.4417344173442;750.4878048780486;740.4878048780488;768.2750582750583;770.125313283208;751.6556291390726;719.3333333333336;719.4507410636443;704.1497659906396;733.7135148393426;764.7632311977718;797.2306675479181;810.3904644471845;825.8578856152517;843.3478260869565;882.7412051549984;923.2997987927563;965.0145489815709;985.774302361239;986.7698924731183;1011.4942528735633;1058.975791433892;1130.6629834254145;1204.9063231850118;1281.719433719434;1361.1153552330022;1413.1500742942048;1466.3003133285129;1552.2636103151863;1640.9261887863736;1732.3019221753398;1826.4041811846687;1923.245856353591;1980.4481792717088;1997.027027027027;2099.696582561482;2160.215991692627;2267.772277227723;2378.285187461586;2297.6736902050116;2273.5849056603774;2255.033265097237;2163.355397951142;2122.1742036088217;2087.9528222409435;2092.4861729394297;999340.0
6,33.0;32.0;32.0;32.0;32.0;32.0;32.0,320.0;636.6666666666666;1060.0000000000002;1590.0;2226.6666666666665;2970.0
5,34.0;33.0;32.0;33.0;33.0;34.0,330.0;320.0;810.0;1630.0;999950.0
4,34.0;33.0;32.0;33.0;34.0,330.0;320.0;810.0;999960.0
2,33.0;32.0;33.0,320.0;999980.0
1,32.0;33.0,999990.0
1,32.0;32.0,999990.0
1,32.0;33.0,999990.0
