numPlayed,heuristicList,remainingTime
23,37.0;34.0;34.0;34.0;35.0;31.0;30.0;27.0;27.0;28.0;27.0;24.0;23.0;22.0;22.0;22.0;23.0;24.0;24.0;26.0;26.0;26.0;27.0;2.147483647E9,113.33333333333334;223.33333333333334;371.11111111111114;849.9999999999999;417.90123456790127;331.5384615384615;245.71428571428572;227.5925925925926;243.97790055248618;251.75438596491222;229.76190476190476;213.7;200.79207920792084;196.22950819672133;196.64335664335664;206.5671641791045;224.72602739726022;244.17721518987344;280.16293279022403;318.6351706036745;359.5999999999999;414.5197740112993;999770.0
20,32.0;30.0;27.0;27.0;27.0;28.0;27.0;24.0;23.0;22.0;22.0;22.0;23.0;23.0;24.0;24.0;24.0;25.0;25.0;25.0;26.0,150.0;108.66666666666669;146.11111111111111;200.0;318.9655172413793;386.8421052631579;307.7941176470588;268.1761006289308;242.94117647058823;238.99999999999994;245.08771929824564;271.63120567375887;301.00946372239747;350.82840236686377;404.4568245125348;461.8947368421052;551.4670138888888;650.7216494845361;759.9999999999999;933.6879432624114
18,30.0;27.0;27.0;27.0;28.0;27.0;24.0;23.0;22.0;22.0;22.0;23.0;23.0;24.0;24.0;24.0;25.0;25.0;26.0,90.0;176.66666666666669;293.33333333333337;675.0;781.9444444444445;417.05882352941177;320.0;273.3333333333333;264.5255474452555;270.6896551724138;304.8833333333333;342.65486725663715;409.58158995815904;482.5925925925926;561.6981132075472;693.1297709923664;844.092664092664;1102.436974789916
3,35.0;34.0;34.0;34.0,340.0;676.6666666666666;1126.6666666666667
1,29.0;29.0,999990.0
1,32.0;37.0,999990.0
1,27.0;27.0,999990.0
1,37.0;37.0,999990.0
