numPlayed,heuristicList,remainingTime
39,37.0;34.0;34.0;34.0;35.0;31.0;30.0;27.0;27.0;28.0;27.0;24.0;23.0;22.0;22.0;22.0;23.0;24.0;24.0;26.0;26.0;26.0;27.0;26.0;25.0;24.0;23.0;25.0;25.0;26.0;25.0;23.0;23.0;23.0;24.0;23.0;22.0;23.0;24.0;24.0,113.33333333333334;223.33333333333334;371.11111111111114;849.9999999999999;417.90123456790127;331.5384615384615;245.71428571428572;227.5925925925926;243.97790055248618;251.75438596491222;229.76190476190476;213.7;200.79207920792084;196.22950819672133;196.64335664335664;206.5671641791045;224.72602739726022;244.17721518987344;280.16293279022403;318.6351706036745;359.5999999999999;414.5197740112993;460.6988757216651;495.36332179930787;517.3387096774193;526.9975308641975;566.6927453769559;607.8796169630642;667.0584284754868;711.0608020698576;720.5405405405406;732.4364723467863;746.4161849710981;779.1951710261571;795.6356736242883;796.8551236749117;817.1674360050354;855.6168831168832;895.0844793713161
22,39.0;37.0;32.0;37.0;37.0;35.0;33.0;33.0;35.0;31.0;30.0;27.0;27.0;27.0;28.0;27.0;24.0;23.0;22.0;22.0;22.0;23.0;2.147483647E9,185.0;92.85714285714286;314.5454545454545;889.9999999999999;818.8888888888888;558.2352941176471;525.6603773584907;717.142857142857;561.1578947368421;476.3888888888888;373.1563421828909;333.63636363636357;318.3333333333332;327.78748180494915;329.57486136783734;305.00000000000006;283.9552845528455;265.37525354969574;254.81770833333331;249.4183105715731;253.2057416267943;999780.0
13,28.0;27.0;27.0;24.0;23.0;22.0;22.0;22.0;23.0;23.0;24.0;24.0;24.0;25.0,270.0;536.6666666666666;205.83333333333334;178.46153846153848;170.7407407407408;186.25;211.68674698795184;269.21985815602835;333.71428571428567;450.0;588.7227414330217;751.4814814814815;1079.2708333333335
3,40.0;32.0;37.0;37.0,40.0;232.22222222222226;897.5
3,30.0;29.0;29.0;29.0,290.0;576.6666666666666;960.0
1,34.0;34.0,999990.0
1,37.0;37.0,999990.0
1,31.0;31.0,999990.0
1,29.0;29.0,999990.0
1,29.0;29.0,999990.0
1,33.0;33.0,999990.0
