numPlayed,heuristicList,remainingTime
58,12.0;12.0;12.0;12.0;12.0;12.0;12.0;12.0;12.0;12.0;12.0;12.0;12.0;12.0;12.0;12.0;12.0;12.0;12.0;12.0;12.0;12.0;12.0;12.0;12.0;12.0;12.0;12.0;12.0;11.0;11.0;10.0;10.0;9.0;8.0;7.0;7.0;7.0;7.0;7.0;6.0;6.0;6.0;6.0;6.0;6.0;6.0;6.0;6.0;6.0;6.0;6.0;6.0;6.0;6.0;6.0;6.0;6.0;2.147483647E9,999990.0;999980.0;999970.0;999960.0;999950.0;999940.0;999930.0;999920.0;999910.0;999900.0;999890.0;999880.0;999870.0;999860.0;999850.0;999840.0;999830.0;999820.0;999810.0;999800.0;999790.0;999780.0;999770.0;999760.0;999750.0;999740.0;999730.0;999720.0;18403.333333333332;10056.896551724138;5335.677966101694;3813.033707865169;2669.2250922509224;1916.1306532663316;1420.625;1149.4736842105265;979.4117647058824;863.5372848948373;780.1076158940398;689.6453900709221;622.5454921422665;571.0363836824695;530.4613095238096;497.85993387436145;471.26033057851225;449.29824561403484;430.9997639282343;415.65102445472564;402.7168525402725;391.7881438289602;382.546806167401;374.74178403755855;368.1722827882394;362.6757904672015;358.11936936936945;354.3932213126525;351.4058629232039;999420.0
1,13.0;13.0,999990.0
1,12.0;12.0,999990.0
1,12.0;12.0,999990.0
1,12.0;12.0,999990.0
1,12.0;12.0,999990.0
1,13.0;13.0,999990.0
1,13.0;13.0,999990.0
