numPlayed,heuristicList,remainingTime
73,15.0;14.0;13.0;13.0;13.0;13.0;13.0;13.0;13.0;12.0;12.0;12.0;12.0;12.0;12.0;12.0;12.0;12.0;12.0;12.0;12.0;12.0;10.0;9.0;8.0;7.0;7.0;6.0;6.0;6.0;6.0;6.0;6.0;6.0;6.0;6.0;6.0;6.0;6.0;6.0;6.0;6.0;6.0;6.0;6.0;6.0;6.0;6.0;6.0;6.0;6.0;6.0;6.0;6.0;6.0;6.0;6.0;6.0;6.0;6.0;6.0;6.0;6.0;6.0;6.0;6.0;6.0;6.0;6.0;5.0;3.0;2.0;0.0;1.0,140.0;130.0;181.42857142857142;251.99999999999994;338.46153846153845;440.00000000000006;556.3157894736842;687.2727272727273;595.5882352941176;576.086956521739;586.0344827586207;612.0;648.4146341463415;692.553191489362;742.9245283018868;798.64406779661;859.1538461538462;924.0845070422536;993.1818181818178;1066.265060240964;1143.202247191011;965.5555555555557;788.2215122470714;637.4999999999998;516.0845588235294;442.3611111111111;374.6916565900847;329.0427698574339;296.4614482556434;272.29102167182657;253.87007601935034;239.5672076570952;228.3266932270916;219.43514644351455;212.39316239316236;206.84068406840686;202.51156920488006;199.20484465508173;196.76590993673244;195.07389162561572;194.03292181069958;193.56598984771574;193.61052313274877;194.11515501636825;195.0373237489631;196.34146341463395;197.99762329174075;199.98040176384143;202.26811423176775;204.8421372191865;207.6863866285462;210.7868991918332;214.1314940635508;217.70949720670387;221.51151538610418;225.5292496555178;229.75534051488046;234.18323863636374;238.80709636541678;243.62167620329876;248.62227324913897;253.80464917892948;259.1649758077102;264.6997866504114;270.40593518932053;276.28055878929;282.32104738864393;288.52501624431443;287.82608695652164;273.783783783784;254.57891529555138;225.327868852459;204.69860064585566
6,17.0;16.0;16.0;16.0;16.0;16.0;16.0,160.0;316.66666666666663;526.6666666666666;789.9999999999999;1106.6666666666667;1476.6666666666667
1,16.0;16.0,999990.0
1,12.0;12.0,999990.0
1,15.0;15.0,999990.0
1,12.0;12.0,999990.0
1,12.0;12.0,999990.0
1,16.0;16.0,999990.0
1,12.0;12.0,999990.0
1,17.0;17.0,999990.0
1,13.0;13.0,999990.0
