numPlayed,heuristicList,remainingTime
68,16.0;15.0;15.0;15.0;15.0;15.0;15.0;15.0;14.0;13.0;13.0;13.0;13.0;13.0;13.0;13.0;13.0;13.0;13.0;13.0;12.0;12.0;12.0;12.0;12.0;12.0;12.0;12.0;12.0;12.0;12.0;12.0;12.0;12.0;12.0;12.0;12.0;12.0;12.0;12.0;12.0;12.0;12.0;12.0;12.0;12.0;12.0;12.0;11.0;11.0;10.0;10.0;9.0;8.0;7.0;7.0;7.0;7.0;7.0;6.0;6.0;6.0;6.0;6.0;6.0;6.0;6.0;6.0;2.147483647E9,150.0;296.6666666666667;493.33333333333337;740.0;1036.6666666666667;1383.3333333333333;1780.0;1085.0;673.2352941176471;569.2307692307693;537.4285714285714;535.0;548.2075471698114;571.2903225806452;601.4084507042254;637.0;677.134831460674;721.2244897959182;768.8785046728973;743.9153439153441;733.3103448275862;732.439024390244;738.5974499089256;750.09900990099;765.8371040723982;785.0555555555554;807.2200772200772;831.9424460431653;858.9337822671157;887.9746835443041;918.8955223880596;951.5630885122409;985.8713136729223;1021.7346938775511;1059.0835360908354;1097.8604651162789;1138.0178173719376;1179.5156695156697;1222.3203285420943;1266.403162055336;1311.7396825396825;1358.3088235294117;1406.0923623445829;1455.0744558991985;1505.2412645590682;1556.5806451612898;1609.0818988002084;1592.8445747800588;1581.8551724137928;1515.0273224043713;1461.1904761904766;1369.4240837696336;1255.0643111730978;1131.1447260834016;1034.5859175483404;957.4352217830476;894.5571900330228;842.4875896304468;781.0829145728644;729.9953853253348;686.9005972696245;650.1269337564459;618.441438102298;590.9147826086958;566.8332241153341;545.6395168782904;526.8922489724016;999320.0
9,13.0;12.0;12.0;12.0;12.0;12.0;12.0;12.0;12.0;12.0,120.0;236.66666666666669;393.3333333333333;590.0;826.6666666666667;1103.3333333333333;1420.0;1776.6666666666665;2173.333333333333
1,12.0;12.0,999990.0
1,17.0;17.0,999990.0
1,15.0;15.0,999990.0
1,16.0;16.0,999990.0
1,16.0;16.0,999990.0
1,12.0;12.0,999990.0
1,15.0;15.0,999990.0
1,12.0;12.0,999990.0
1,12.0;12.0,999990.0
