numPlayed,heuristicList,remainingTime
4,8.0;5.0;4.0;3.0;2.147483647E9,166.66666666666669;183.33333333333331;162.5;999600.0
1,5.0;5.0,999900.0
1,5.0;4.0,400.0
1,6.0;5.0,500.0
1,6.0;5.0,500.0
1,6.0;5.0,500.0
1,5.0;5.0,999900.0
1,5.0;5.0,999900.0
