numPlayed,heuristicList,remainingTime
1,8.0;5.0,166.66666666666669
1,5.0;5.0,999900.0
1,8.0;5.0,166.66666666666669
1,8.0;5.0,166.66666666666669
1,6.0;5.0,500.0
1,8.0;5.0,166.66666666666669
1,5.0;5.0,999900.0
1,5.0;4.0,400.0
1,5.0;5.0,999900.0
1,6.0;5.0,500.0
1,8.0;2.147483647E9,999900.0
