numPlayed,heuristicList,remainingTime
5,8.0;5.0;4.0;3.0;2.0;1.0,166.66666666666669;183.33333333333331;162.5;114.28571428571433;48.14814814814815
3,8.0;5.0;4.0;4.0,166.66666666666669;183.33333333333331;253.84615384615392
2,8.0;5.0;5.0,166.66666666666669;300.0
2,8.0;5.0;5.0,166.66666666666669;300.0
1,6.0;5.0,500.0
1,6.0;5.0,500.0
1,5.0;5.0,999900.0
1,5.0;5.0,999900.0
1,7.0;5.0,250.0
1,6.0;5.0,500.0
1,6.0;5.0,500.0
