numPlayed,heuristicList,remainingTime
2,8.0;5.0;4.0,166.66666666666669;183.33333333333331
2,8.0;5.0;4.0,166.66666666666669;183.33333333333331
2,8.0;5.0;2.147483647E9,166.66666666666669;999800.0
1,6.0;5.0,500.0
1,7.0;5.0,250.0
1,5.0;5.0,999900.0
1,6.0;5.0,500.0
1,7.0;5.0,250.0
1,5.0;5.0,999900.0
1,5.0;5.0,999900.0
1,6.0;5.0,500.0
