numPlayed,heuristicList,remainingTime
41,22.0;19.0;17.0;16.0;14.0;13.0;12.0;10.0;9.0;8.0;7.0;7.0;7.0;7.0;7.0;7.0;7.0;7.0;6.0;6.0;6.0;6.0;6.0;5.0;4.0;4.0;4.0;4.0;4.0;4.0;4.0;4.0;4.0;4.0;4.0;4.0;4.0;4.0;4.0;4.0;1.0;1.0,633.3333333333334;673.3333333333333;775.0;726.3157894736844;715.8469945355191;704.4444444444446;621.0526315789473;556.5217391304348;496.72131147540995;436.30573248407654;405.8159722222224;392.95154185022056;391.9847328244275;399.88776655443326;414.90963855421705;435.96730245231606;462.3548922056384;458.74439461883367;461.4285714285711;469.41323345817636;482.0069204152246;498.7138263665597;483.7638376383761;440.26845637583847;404.6153846153843;375.2272727272725;350.9762532981531;331.03448275862047;314.78060046189375;301.73913043478206;291.54004106776165;283.89105058365794;278.5582255083177;275.3521126760561;274.1176470588234;274.72668810289406;277.0724191063173;281.065088757397;286.628733997155;198.40848806366103;118.1614906832292
17,22.0;18.0;16.0;14.0;12.0;11.0;10.0;9.0;8.0;8.0;8.0;8.0;8.0;8.0;8.0;8.0;8.0;8.0,450.0;522.2222222222223;523.0769230769231;483.33333333333326;473.33333333333337;462.96296296296305;444.5945945945946;416.32653061224505;415.5737704918033;431.5068493150684;459.41176470588266;496.90721649484567;542.6605504587158;595.8677685950413;656.0150375939847;722.7586206896553;795.8598726114647
4,21.0;18.0;16.0;15.0;15.0,600.0;633.3333333333333;725.0;933.3333333333335
2,21.0;18.0;18.0,600.0;1166.6666666666667
1,19.0;18.0,1800.0
1,22.0;21.0,2100.0
1,19.0;17.0,850.0
1,16.0;15.0,1500.0
1,19.0;18.0,1800.0
1,18.0;18.0,999900.0
1,18.0;17.0,1700.0
