numPlayed,heuristicList,remainingTime
24,20.0;16.0;14.0;13.0;12.0;10.0;9.0;8.0;7.0;7.0;7.0;7.0;6.0;6.0;6.0;6.0;6.0;6.0;6.0;6.0;6.0;6.0;6.0;6.0;6.0,400.0;455.55555555555566;534.7826086956521;589.4736842105264;537.037037037037;500.0;461.36363636363626;416.47940074906364;404.4642857142858;411.1111111111111;430.48523206751065;418.18181818181847;418.28703703703695;427.6190476190475;444.3430656934306;467.32673267326754;495.83333333333303;529.3628808864269;567.5641025641025;610.1829753381062;657.0312500000005;707.9664570230607;762.8787878787875;821.6822429906542
22,20.0;17.0;16.0;13.0;12.0;10.0;9.0;8.0;7.0;7.0;7.0;6.0;6.0;6.0;6.0;6.0;6.0;5.0;4.0;4.0;4.0;4.0;2.147483647E9,566.6666666666667;783.3333333333334;600.0000000000001;580.0;504.9019607843137;460.7843137254904;420.979020979021;377.7777777777778;364.7302904564315;368.9655172413793;348.85714285714266;342.43902439024373;345.7446808510638;356.60377358490564;373.72881355932213;396.3076923076924;386.61164603392945;348.175182481752;319.0839694656488;297.10144927536203;280.7588075880758;997800.0
19,22.0;19.0;17.0;15.0;13.0;12.0;11.0;10.0;9.0;8.0;8.0;8.0;8.0;8.0;8.0;8.0;8.0;8.0;8.0;8.0,633.3333333333334;673.3333333333333;643.4782608695652;581.8181818181818;566.6666666666665;554.9019607843136;536.1702127659573;507.8014184397164;469.672131147541;460.0000000000002;467.60299625468156;487.37864077669883;516.6666666666665;553.944020356234;598.2758620689656;649.0566037735853;705.8766859344892;768.4491978609626;836.5671641791046
3,19.0;16.0;15.0;15.0,533.3333333333334;733.3333333333334;1100.0
2,22.0;19.0;18.0,633.3333333333334;883.3333333333333
1,20.0;18.0,900.0
1,19.0;18.0,1800.0
1,19.0;18.0,1800.0
