numPlayed,heuristicList,remainingTime
45,20.0;16.0;14.0;13.0;12.0;10.0;9.0;8.0;7.0;7.0;7.0;6.0;6.0;6.0;6.0;6.0;6.0;5.0;4.0;4.0;4.0;4.0;4.0;4.0;4.0;4.0;4.0;4.0;4.0;4.0;4.0;4.0;4.0;4.0;4.0;4.0;4.0;4.0;4.0;4.0;4.0;4.0;4.0;4.0;3.0;2.147483647E9,400.0;455.55555555555566;534.7826086956521;589.4736842105264;537.037037037037;500.0;461.36363636363626;416.47940074906364;404.4642857142858;411.1111111111111;390.21406727828753;384.375;389.1156462585036;402.0080321285143;421.62162162162167;447.05882352941194;436.97764820213797;395.6298200514143;364.71264367816093;341.64934164934175;324.7628083491463;312.9144851657943;305.30425417339757;301.3533834586465;300.6329113924053;302.8181417877586;307.6587795765877;314.9587750294463;324.5623836126624;336.34431455897993;350.2026342451877;366.05356566634373;383.82761816496804;403.46666666666715;424.92171932820975;448.15119145439667;473.11955661124284;499.79628214922286;528.1549815498156;558.1727337615994;589.8295323658149;623.1078365706626;657.992202729044;644.3476457166562;995500.0
17,23.0;19.0;17.0;14.0;13.0;12.0;11.0;10.0;9.0;8.0;8.0;8.0;8.0;8.0;8.0;8.0;8.0;8.0,475.0;555.5555555555557;479.31034482758616;487.9999999999999;502.19298245614027;507.4074074074076;499.9999999999998;479.725085910653;447.5999999999999;441.17647058823536;450.73664825046035;471.77033492822943;501.89873417721515;539.7484276729558;584.4709897610919;635.5140186915887;692.5023877745939
2,22.0;19.0;18.0,633.3333333333334;883.3333333333333
2,22.0;19.0;18.0,633.3333333333334;883.3333333333333
1,17.0;16.0,1600.0
1,18.0;18.0,999900.0
1,20.0;19.0,1900.0
1,20.0;18.0,900.0
1,18.0;17.0,1700.0
1,20.0;18.0,900.0
1,17.0;16.0,1600.0
