numPlayed,heuristicList,remainingTime
18,22.0;19.0;17.0;15.0;13.0;12.0;11.0;10.0;9.0;8.0;8.0;8.0;8.0;8.0;8.0;8.0;8.0;8.0;8.0,633.3333333333334;673.3333333333333;643.4782608695652;581.8181818181818;566.6666666666665;554.9019607843136;536.1702127659573;507.8014184397164;469.672131147541;460.0000000000002;467.60299625468156;487.37864077669883;516.6666666666665;553.944020356234;598.2758620689656;649.0566037735853;705.8766859344892;768.4491978609626
15,20.0;17.0;15.0;13.0;11.0;10.0;9.0;8.0;8.0;8.0;8.0;8.0;8.0;8.0;8.0;8.0,566.6666666666667;593.3333333333333;556.5217391304348;490.9090909090909;466.66666666666674;445.0980392156862;417.02127659574467;422.2222222222224;446.57534246575347;484.49612403100764;533.3333333333333;591.6666666666667;658.666666666667;733.8164251207727;816.7770419426047
11,17.0;15.0;13.0;11.0;10.0;9.0;8.0;8.0;8.0;8.0;8.0;2.147483647E9,750.0;650.0;550.0;533.3333333333333;517.5438596491227;490.4761904761906;510.81081081081084;556.5217391304348;620.0;697.9166666666667;998900.0
2,21.0;18.0;17.0,600.0;833.3333333333333
1,18.0;17.0,1700.0
1,18.0;16.0,800.0
1,21.0;20.0,2000.0
1,19.0;17.0,850.0
1,19.0;18.0,1800.0
1,19.0;18.0,1800.0
1,18.0;16.0,800.0
