numPlayed,heuristicList,remainingTime
54,39.0;38.0;38.0;37.0;36.0;36.0;36.0;35.0;34.0;34.0;32.0;32.0;32.0;32.0;32.0;32.0;32.0;32.0;31.0;29.0;29.0;30.0;29.0;30.0;28.0;27.0;27.0;27.0;26.0;27.0;27.0;27.0;27.0;27.0;27.0;27.0;27.0;27.0;27.0;27.0;27.0;27.0;27.0;27.0;27.0;27.0;27.0;26.0;27.0;27.0;27.0;26.0;27.0;26.0;27.0,380.0;756.6666666666666;618.3333333333334;517.1428571428571;568.9393939393939;663.3333333333334;653.3333333333334;605.0980392156863;613.1868131868132;539.5522388059702;519.9623352165726;524.181818181818;541.7490494296578;568.0827886710239;600.8595988538682;638.7755102040818;681.0421455938697;696.2903225806451;663.8823529411767;648.1268011527378;664.5466321243523;664.0366972477065;689.8384264137688;678.8826815642458;658.0882352941177;646.2154294032024;640.8070866141732;626.6274970622796;631.2839906356924;638.8000000000003;648.7063750581666;660.6556425877575;674.3849611769516;689.6918335901385;706.4177292046143;724.436765722184;743.6477160696681;763.968253968254;785.330739299611;807.6790830945558;830.9663827058716;855.1531151003167;880.2057404114812;906.0956110295317;932.7981109799289;960.2919708029199;975.1644832605532;1004.5008460236886;1034.567268252666;1065.3529723991505;1082.7857553130389;1115.2402234636877;1134.0604428485935;1168.110566829951
30,39.0;37.0;36.0;36.0;36.0;34.0;34.0;34.0;34.0;34.0;34.0;34.0;34.0;32.0;31.0;31.0;31.0;32.0;32.0;32.0;31.0;31.0;32.0;32.0;31.0;30.0;29.0;29.0;29.0;29.0;2.147483647E9,185.0;238.8888888888889;355.0;505.71428571428555;429.1666666666667;450.0;501.25;569.5238095238096;650.3571428571428;741.8367346938775;843.0059523809522;953.333333333333;890.4216867469877;810.7272727272727;778.102189781022;770.2439024390245;819.1050228310502;872.6865671641792;930.5239179954447;946.7741935483875;970.7594936708861;1043.8775510204084;1120.219368646335;1151.7888563049853;1143.9295039164492;1106.8797564687973;1085.294117647059;1074.78102189781;1072.551133222775;999700.0
14,39.0;37.0;36.0;36.0;36.0;34.0;34.0;34.0;34.0;34.0;34.0;34.0;34.0;34.0;34.0,185.0;238.8888888888889;355.0;505.71428571428555;429.1666666666667;450.0;501.25;569.5238095238096;650.3571428571428;741.8367346938775;843.0059523809522;953.333333333333;1072.5;1200.3030303030303
3,39.0;38.0;38.0;38.0,380.0;756.6666666666666;1260.0000000000002
3,39.0;38.0;38.0;38.0,380.0;756.6666666666666;1260.0000000000002
1,38.0;38.0,999990.0
1,38.0;38.0,999990.0
1,38.0;38.0,999990.0
1,38.0;38.0,999990.0
1,38.0;38.0,999990.0
1,41.0;41.0,999990.0
