numPlayed,heuristicList,remainingTime
29,41.0;39.0;38.0;38.0;38.0;38.0;38.0;38.0;38.0;38.0;38.0;38.0;38.0;38.0;38.0;38.0;38.0;38.0;38.0;38.0;38.0;38.0;38.0;38.0;38.0;38.0;38.0;38.0;38.0;38.0,195.0;252.22222222222223;375.0;534.2857142857142;726.8518518518518;951.8181818181819;1208.8461538461538;1497.7777777777776;1818.5294117647059;2171.052631578947;2555.3174603174607;2971.304347826087;3418.9999999999995;3898.395061728395;4409.482758620689;4952.258064516129;5526.717171717171;6132.857142857141;6770.675675675677;7440.170940170934;8141.341463414634;8874.18604651163;9638.703703703703;10434.893617021276;11262.755102040817;12122.287581699342;13013.490566037735;13936.363636363634;14890.906432748541
29,41.0;39.0;38.0;38.0;38.0;38.0;38.0;38.0;38.0;38.0;38.0;38.0;38.0;38.0;38.0;38.0;38.0;38.0;38.0;38.0;38.0;38.0;38.0;38.0;38.0;38.0;38.0;38.0;38.0;2.147483647E9,195.0;252.22222222222223;375.0;534.2857142857142;726.8518518518518;951.8181818181819;1208.8461538461538;1497.7777777777776;1818.5294117647059;2171.052631578947;2555.3174603174607;2971.304347826087;3418.9999999999995;3898.395061728395;4409.482758620689;4952.258064516129;5526.717171717171;6132.857142857141;6770.675675675677;7440.170940170934;8141.341463414634;8874.18604651163;9638.703703703703;10434.893617021276;11262.755102040817;12122.287581699342;13013.490566037735;13936.363636363634;999710.0
14,39.0;38.0;38.0;38.0;38.0;38.0;38.0;38.0;38.0;38.0;38.0;38.0;38.0;38.0;38.0,380.0;756.6666666666666;1260.0000000000002;1890.0;2646.6666666666665;3530.0;4540.0;5676.666666666667;6939.999999999999;8330.0;9846.666666666666;11490.0;13259.999999999998;15156.666666666666
14,39.0;38.0;38.0;38.0;38.0;38.0;38.0;38.0;38.0;38.0;38.0;38.0;38.0;38.0;38.0,380.0;756.6666666666666;1260.0000000000002;1890.0;2646.6666666666665;3530.0;4540.0;5676.666666666667;6939.999999999999;8330.0;9846.666666666666;11490.0;13259.999999999998;15156.666666666666
1,38.0;38.0,999990.0
1,38.0;38.0,999990.0
1,38.0;38.0,999990.0
1,38.0;38.0,999990.0
