numPlayed,heuristicList,remainingTime
20,15.0;14.0;12.0;11.0;10.0;9.0;8.0;8.0;8.0;8.0;8.0;8.0;8.0;8.0;8.0;8.0;8.0;8.0;8.0;8.0;2.147483647E9,140.0;81.11111111111111;77.85714285714285;75.38461538461539;71.31782945736434;65.75757575757578;67.64044943820227;73.09523809523813;80.88888888888889;90.50632911392407;101.69429097605897;114.3137254901961;128.28193832599118;143.54666666666668;160.0732600732601;177.8378378378378;196.82340647857893;217.01754385964915;238.41095890410963;999800.0
12,12.0;11.0;10.0;9.0;8.0;8.0;8.0;8.0;8.0;8.0;8.0;8.0;8.0,110.0;100.0;90.0;80.0;87.77777777777777;102.0;120.39999999999998;142.2222222222222;167.14285714285717;195.0;225.7037037037037;259.2
1,8.0;8.0,999990.0
1,8.0;8.0,999990.0
1,8.0;8.0,999990.0
1,18.0;18.0,999990.0
1,8.0;8.0,999990.0
1,8.0;8.0,999990.0
