numPlayed,heuristicList,remainingTime
17,10.0;9.0;8.0;8.0;8.0;8.0;8.0;8.0;8.0;8.0;8.0;7.0;7.0;7.0;7.0;7.0;7.0;2.147483647E9,90.0;80.0;110.0;151.99999999999994;203.84615384615384;265.00000000000006;335.2631578947368;414.5454545454545;502.80000000000007;600.0;501.1111111111111;464.9999999999999;455.0;458.888888888889;471.42857142857133;490.0;999830.0
7,19.0;18.0;18.0;18.0;17.0;17.0;17.0;17.0,180.0;356.66666666666663;593.3333333333334;430.0;455.128205128205;521.1111111111112;608.695652173913
6,9.0;8.0;8.0;8.0;8.0;8.0;8.0,80.0;156.66666666666666;260.0;390.0;546.6666666666666;729.9999999999999
1,8.0;8.0,999990.0
1,18.0;18.0,999990.0
1,8.0;8.0,999990.0
1,8.0;8.0,999990.0
1,8.0;8.0,999990.0
1,8.0;8.0,999990.0
1,8.0;8.0,999990.0
1,8.0;8.0,999990.0
