numPlayed,heuristicList,remainingTime
12,14.0;12.0;11.0;10.0;9.0;8.0;8.0;8.0;8.0;8.0;8.0;8.0;8.0,60.0;72.22222222222223;75.38461538461537;73.33333333333331;68.33333333333334;72.85714285714286;81.66666666666666;93.33333333333337;107.30769230769229;123.33333333333334;141.27450980392157;161.05263157894734
10,17.0;16.0;15.0;14.0;12.0;11.0;10.0;9.0;8.0;8.0;2.147483647E9,160.0;150.0;140.0;103.33333333333334;90.31007751937983;81.76470588235296;74.19999999999999;66.66666666666666;65.00000000000003;999900.0
7,11.0;10.0;9.0;8.0;8.0;8.0;8.0;8.0,100.0;90.0;80.0;94.99999999999997;118.18181818181816;147.1428571428571;181.17647058823528
1,18.0;17.0,170.0
1,8.0;8.0,999990.0
1,8.0;8.0,999990.0
1,8.0;8.0,999990.0
1,8.0;8.0,999990.0
1,8.0;8.0,999990.0
1,17.0;17.0,999990.0
1,8.0;8.0,999990.0
