numPlayed,heuristicList,remainingTime
19,20.0;16.0;15.0;12.0;10.0;9.0;8.0;7.0;7.0;7.0;7.0;7.0;7.0;7.0;7.0;7.0;7.0;7.0;7.0;7.0,400.0;580.0;480.0;408.33333333333326;379.38596491228066;354.5454545454546;324.503311258278;322.2222222222222;336.05150214592254;361.31386861313854;395.76719576719574;438.2022471910111;487.90931989924434;544.4444444444443;607.515657620042;676.9230769230771;752.5252525252522;834.2192691029895;921.9284603421465
18,21.0;18.0;16.0;14.0;13.0;12.0;10.0;9.0;8.0;8.0;8.0;8.0;8.0;8.0;8.0;8.0;8.0;8.0;8.0,600.0;633.3333333333333;600.0;619.9999999999999;634.4086021505377;566.6666666666665;516.0583941605839;467.3835125448029;455.7446808510638;464.78873239436643;487.7877877877879;521.4659685863874;564.0371229698378;614.4444444444443;672.022684310019;736.3321799307964;807.0707070707072;884.0236686390531
18,19.0;17.0;15.0;14.0;13.0;10.0;9.0;8.0;7.0;7.0;7.0;7.0;6.0;4.0;4.0;3.0;2.0;0.0;1.0,850.0;750.0;805.8823529411764;840.0000000000002;635.0574712643679;543.4782608695652;478.9473684210527;420.51282051282055;400.0;400.0;413.4751773049645;397.94871794871824;324.31865828092236;273.04964539007096;207.20720720720715;130.61224489795904;24.21652421652402;-42.05607476635532
14,21.0;17.0;16.0;14.0;13.0;11.0;10.0;9.0;9.0;9.0;9.0;9.0;9.0;9.0;9.0,425.0;620.0;622.7272727272729;652.6315789473686;588.5416666666665;550.0;513.3333333333335;519.5402298850574;549.2957746478876;595.238095238095;653.9518900343642;723.6363636363633;803.252032520325;892.1568627450979
1,20.0;19.0,1900.0
1,18.0;18.0,999900.0
1,16.0;15.0,1500.0
1,16.0;15.0,1500.0
