numPlayed,heuristicList,remainingTime
15,21.0;18.0;16.0;15.0;14.0;13.0;11.0;10.0;9.0;9.0;9.0;9.0;9.0;9.0;9.0;9.0,600.0;633.3333333333333;725.0;788.2352941176471;817.6100628930817;728.5714285714287;665.5737704918031;607.936507936508;598.5981308411215;615.3846153846152;649.4553376906317;696.590909090909;754.5226130653264;821.9219219219217;897.9591836734694
14,19.0;15.0;13.0;12.0;10.0;9.0;8.0;8.0;8.0;8.0;8.0;8.0;8.0;8.0;2.147483647E9,375.0;422.2222222222222;491.3043478260869;457.1428571428571;439.3939393939395;416.66666666666674;433.3333333333335;471.79487179487205;525.8064516129034;592.5925925925926;670.7317073170732;759.4202898550725;858.1699346405226;998600.0
13,18.0;15.0;13.0;12.0;10.0;9.0;8.0;8.0;8.0;8.0;8.0;8.0;8.0;8.0,500.0;513.3333333333334;575.0;515.7894736842105;486.3387978142076;455.55555555555566;470.58823529411757;509.90990990990986;566.101694915254;635.9223300970873;717.7304964539005;810.6060606060605;913.9931740614334
3,16.0;14.0;13.0;12.0,700.0;855.5555555555557;907.6923076923076
2,18.0;16.0;15.0,800.0;988.8888888888889
1,19.0;19.0,999900.0
1,19.0;18.0,1800.0
1,20.0;18.0,900.0
1,20.0;19.0,1900.0
1,20.0;19.0,1900.0
1,19.0;18.0,1800.0
