numPlayed,heuristicList,remainingTime
18,20.0;16.0;15.0;14.0;12.0;10.0;9.0;8.0;7.0;7.0;7.0;7.0;7.0;7.0;7.0;7.0;7.0;7.0;7.0,400.0;580.0;705.263157894737;655.5555555555557;555.5555555555557;500.0;452.9411764705883;404.34782608695673;389.22413793103465;392.85714285714266;409.1463414634145;435.10638297872356;469.1037735849061;510.1694915254236;557.6923076923076;611.2676056338028;670.616883116883;735.542168674699
16,21.0;18.0;16.0;14.0;13.0;12.0;10.0;9.0;8.0;8.0;8.0;8.0;8.0;8.0;8.0;8.0;8.0,600.0;633.3333333333333;600.0;619.9999999999999;634.4086021505377;566.6666666666665;516.0583941605839;467.3835125448029;455.7446808510638;464.78873239436643;487.7877877877879;521.4659685863874;564.0371229698378;614.4444444444443;672.022684310019;736.3321799307964
15,21.0;18.0;15.0;13.0;12.0;10.0;9.0;8.0;8.0;8.0;8.0;8.0;8.0;8.0;8.0;8.0,600.0;500.0;470.37037037037044;486.9565217391304;442.2222222222222;412.72727272727275;382.2368421052631;383.5051546391753;402.9661016949153;435.25179856115096;477.8125;529.2817679558009;588.8613861386139;656.0538116591929;730.532786885246
6,19.0;15.0;14.0;13.0;12.0;10.0;2.147483647E9,375.0;540.0;652.6315789473686;712.5;630.3030303030303;999400.0
3,21.0;18.0;16.0;15.0,600.0;633.3333333333333;725.0
1,19.0;17.0,850.0
1,21.0;20.0,2000.0
1,18.0;17.0,1700.0
1,18.0;17.0,1700.0
1,21.0;19.0,950.0
1,21.0;19.0,950.0
