numPlayed,heuristicList,remainingTime
60,99.0;99.0;99.0;99.0;99.0;99.0;99.0;99.0;99.0;99.0;99.0;99.0;99.0;99.0;99.0;99.0;99.0;95.0;91.0;90.0;90.0;90.0;90.0;89.0;86.0;86.0;86.0;83.0;83.0;83.0;83.0;83.0;83.0;83.0;83.0;84.0;83.0;83.0;83.0;83.0;83.0;84.0;83.0;79.0;79.0;79.0;78.0;76.0;76.0;77.0;76.0;76.0;77.0;77.0;77.0;76.0;77.0;77.0;77.0;77.0;2.147483647E9,999900.0;999800.0;999700.0;999600.0;999500.0;999400.0;999300.0;999200.0;999100.0;999000.0;998900.0;998800.0;998700.0;998600.0;998500.0;998400.0;139908.33333333334;53013.46153846154;34546.86648501362;27566.539923954373;24087.153284671534;22140.758293838862;20501.234567901232;18332.499999999996;17011.08213820078;16180.686055182698;14994.771549693825;14217.575264442636;13705.000596729918;13374.680306905371;13176.118971989607;13076.636826399861;13054.149528187758;13093.196060877348;13296.770134228187;13419.357366771153;13579.136029411762;13771.052631578947;13991.16492146597;14236.352357320102;14609.125512877548;14892.203389830513;14784.543418105153;14729.151230756568;14717.671662600213;14654.027504911584;14461.047123976485;14322.753346080306;14307.911392405065;14248.647879305427;14223.47087378641;14298.996758759065;14395.023113996267;14509.495548961422;14572.567029107857;14721.99428719813;14885.21342416099;15061.200144595736;15249.07240476883;994000.0
1,99.0;99.0,999900.0
1,99.0;99.0,999900.0
1,99.0;99.0,999900.0
1,99.0;99.0,999900.0
1,99.0;99.0,999900.0
1,99.0;99.0,999900.0
1,99.0;99.0,999900.0
