numPlayed,heuristicList,remainingTime
22,15.0;13.0;12.0;11.0;10.0;9.0;8.0;7.0;6.0;6.0;6.0;6.0;6.0;6.0;6.0;6.0;6.0;4.0;4.0;4.0;2.0;1.0;1.0,650.0;788.8888888888889;830.7692307692307;816.6666666666665;770.8333333333333;706.4516129032259;630.769230769231;547.9166666666665;520.0;519.8019801980197;536.9595536959553;566.6666666666667;606.3897763578275;654.6666666666665;710.5943152454784;773.5849056603779;705.1851851851857;658.3038869257953;626.3736263736264;500.0;358.75;247.82608695652152
1,16.0;16.0,999900.0
1,16.0;15.0,1500.0
1,16.0;15.0,1500.0
1,16.0;15.0,1500.0
1,16.0;16.0,999900.0
1,16.0;15.0,1500.0
1,16.0;15.0,1500.0
