numPlayed,heuristicList,remainingTime
9,13.0;11.0;9.0;6.0;4.0;3.0;2.0;1.0;0.0;1.0,55.0;45.0;27.39130434782608;17.39130434782608;11.26126126126126;5.555555555555543;-0.46979865771811546;-7.0033670033670035;-10.336134453781511
1,13.0;12.0,120.0
1,11.0;11.0,999990.0
1,13.0;11.0,55.0
1,14.0;13.0,130.0
1,13.0;11.0,55.0
1,13.0;12.0,120.0
1,14.0;13.0,130.0
