numPlayed,heuristicList,remainingTime
66,24.0;23.0;22.0;24.0;23.0;22.0;22.0;22.0;22.0;22.0;22.0;23.0;23.0;23.0;23.0;24.0;23.0;21.0;19.0;19.0;18.0;18.0;18.0;18.0;18.0;19.0;19.0;19.0;19.0;19.0;19.0;19.0;19.0;19.0;19.0;20.0;20.0;20.0;20.0;20.0;20.0;21.0;21.0;21.0;21.0;21.0;21.0;21.0;21.0;21.0;21.0;22.0;20.0;19.0;18.0;16.0;16.0;17.0;19.0;18.0;15.0;13.0;13.0;15.0;15.0;16.0;2.147483647E9,2300.0;2200.0;23099.999999999996;22999.999999999993;9812.5;8842.857142857143;9204.999999999998;10061.538461538463;11203.125;12552.631578947368;19022.22222222222;28800.000000000004;44143.478260869575;69818.51851851857;998500.0;998400.0;90666.66666666669;27566.666666666664;18062.17948717949;13060.60606060606;10779.573170731708;9528.019323671497;8778.333333333332;8312.627986348127;8400.30911901082;8536.911487758945;8713.263979193756;8922.891566265063;9161.09240553685;9424.369747899162;9710.069101678186;10016.139044072004;10340.969162995592;10683.277591973243;11426.077468630656;12194.23076923077;12987.755102040817;13806.666666666664;14650.980392156856;15520.710059171597;17004.113687359753;18588.653555219364;20279.418515684778;22081.733746130038;24001.174628034456;26043.58161648177;28215.07618283882;30522.077922077908;32971.32292522597;35569.88352745424;40199.911971830996;41170.35775127768;40249.275362318826;37870.21276595745;33369.96996996997;30102.916666666664;28482.955618508022;28815.454545454544;28335.62580093977;25787.377911344855;22714.3961352657;20423.186771890272;19399.870633893923;18549.59349593496;18161.59224176815;993400.0
7,20.0;18.0;18.0;18.0;18.0;19.0;19.0;19.0,900.0;1766.6666666666667;2933.333333333333;4399.999999999999;12700.0;51699.99999999999;999300.0
5,19.0;18.0;18.0;18.0;18.0;19.0,1800.0;3566.6666666666665;5933.333333333333;8899.999999999996;999500.0
1,19.0;19.0,999900.0
1,22.0;22.0,999900.0
1,22.0;22.0,999900.0
1,19.0;19.0,999900.0
1,18.0;18.0,999900.0
1,18.0;18.0,999900.0
1,22.0;22.0,999900.0
1,19.0;19.0,999900.0
