numPlayed,heuristicList,remainingTime
71,24.0;23.0;22.0;22.0;23.0;23.0;23.0;21.0;19.0;19.0;18.0;18.0;18.0;18.0;19.0;19.0;19.0;19.0;19.0;19.0;19.0;20.0;20.0;20.0;20.0;21.0;21.0;21.0;21.0;21.0;21.0;22.0;20.0;20.0;20.0;17.0;18.0;20.0;17.0;20.0;21.0;18.0;18.0;18.0;15.0;14.0;14.0;15.0;15.0;15.0;14.0;16.0;16.0;15.0;17.0;18.0;18.0;18.0;17.0;17.0;15.0;15.0;17.0;14.0;17.0;17.0;17.0;17.0;17.0;15.0;18.0;2.147483647E9,2300.0;2200.0;3100.0;7400.000000000001;15733.333333333332;31699.999999999993;10829.411764705883;5397.101449275362;4368.0;3657.894736842106;3422.2222222222226;3381.25;3444.1558441558436;3820.833333333333;4225.978647686832;4658.823529411765;5118.831822759317;5605.61797752809;6118.897637795275;6658.456486042691;7667.560975609758;8762.801932367152;9946.491228070176;11220.85308056872;13478.802992518704;16133.684210526313;19261.00278551532;22955.02958579882;27335.015772870665;32554.05405405406;44009.83606557376;46000.00000000001;48055.22388059703;50174.2857142857;37882.871536523926;33830.962343096246;36183.71134020619;30874.47744774478;33175.5737704918;38243.90243902438;35423.751891074135;33352.94117647058;31799.4011976048;26412.523719165085;22034.5220030349;19147.281921618203;17641.763942931255;16488.888888888887;15586.520376175547;14504.0;14303.60225140713;14152.08480565371;13735.717410323716;13977.644078530717;14536.570183629003;15106.405548755603;15687.150165513092;15938.183934807912;16199.370714755329;15819.672131147552;15502.963885429643;15822.728742321371;15278.426051560378;15628.268551236753;15984.426701194072;16346.835443037977;16715.43541064796;17090.17232094777;16883.929946112392;17572.275334608028;992900.0
6,24.0;22.0;22.0;22.0;23.0;23.0;24.0,1100.0;2166.6666666666665;3599.9999999999995;11100.0;39416.666666666664;999400.0
3,24.0;22.0;23.0;24.0,1100.0;4500.0;999700.0
2,23.0;22.0;24.0,2200.0;999800.0
2,23.0;22.0;23.0,2200.0;999800.0
1,18.0;18.0,999900.0
1,19.0;19.0,999900.0
1,19.0;19.0,999900.0
