numPlayed,heuristicList,remainingTime
1,14.0;8.0,133.33333333333334
1,13.0;10.0,333.33333333333337
1,13.0;7.0,116.66666666666669
1,11.0;7.0,175.0
1,11.0;9.0,450.0
1,11.0;6.0,120.0
1,10.0;7.0,233.33333333333337
1,11.0;5.0,83.33333333333334
1,11.0;6.0,120.0
1,12.0;2.147483647E9,999900.0
0,10.0,
