numPlayed,heuristicList,remainingTime
1,11.0;6.0,120.0
1,13.0;8.0,160.0
1,11.0;8.0,266.6666666666667
1,10.0;7.0,233.33333333333337
1,12.0;10.0,500.0
1,11.0;7.0,175.0
1,11.0;7.0,175.0
1,12.0;8.0,200.0
1,10.0;6.0,150.0
1,13.0;4.0,44.44444444444446
1,12.0;2.147483647E9,999900.0
