numPlayed,heuristicList,remainingTime
2,13.0;7.0;1.0,116.66666666666669;16.666666666666686
1,12.0;10.0,500.0
1,12.0;9.0,300.0
1,11.0;8.0,266.6666666666667
1,12.0;9.0,300.0
1,10.0;6.0,150.0
1,11.0;6.0,120.0
1,11.0;9.0,450.0
