numPlayed,heuristicList,remainingTime
1,10.0;7.0,233.33333333333337
1,11.0;8.0,266.6666666666667
1,10.0;9.0,900.0
1,12.0;5.0,71.42857142857142
1,11.0;7.0,175.0
1,11.0;4.0,57.14285714285714
1,14.0;5.0,55.55555555555557
1,11.0;9.0,450.0
1,12.0;9.0,300.0
1,11.0;2.147483647E9,999900.0
0,11.0,
