numPlayed,heuristicList,remainingTime
33,48.0;47.0;43.0;42.0;41.0;41.0;41.0;38.0;37.0;37.0;37.0;38.0;34.0;33.0;33.0;32.0;33.0;32.0;32.0;33.0;30.0;30.0;31.0;29.0;30.0;29.0;28.0;28.0;28.0;29.0;29.0;29.0;29.0;29.0,4700.0;1740.0;1895.4545454545455;2126.315789473684;2580.2469135802467;3162.8571428571427;2996.261682242991;2915.7894736842104;3025.8883248730967;3235.537190082645;3681.2801932367156;3498.324022346369;3346.136865342163;3319.4647201946473;3267.477203647417;3380.8510638297876;3435.457705677868;3529.158110882956;3741.1819887429638;3708.264915161467;3721.2408759124082;3845.5999999999995;3836.077963404933;3931.7286652078774;3973.8154613466313;3969.8671497584537;3992.3268353380345;4036.1132364192817;4160.688665710186;4296.083727211342;4441.422193877551;4596.012084592146;4759.299655568312
12,48.0;47.0;42.0;42.0;40.0;40.0;38.0;38.0;36.0;36.0;37.0;32.0;2.147483647E9,4700.0;1422.2222222222222;1795.6521739130435;1885.7142857142858;2226.7759562841525;2282.6086956521744;2509.7560975609754;2509.803921568627;2644.700460829493;2996.0629921259842;2728.8053949903656;998800.0
1,48.0;48.0,999900.0
1,48.0;48.0,999900.0
1,48.0;48.0,999900.0
1,48.0;48.0,999900.0
1,48.0;48.0,999900.0
1,48.0;48.0,999900.0
1,48.0;48.0,999900.0
1,48.0;48.0,999900.0
1,48.0;48.0,999900.0
