numPlayed,heuristicList,remainingTime
25,48.0;46.0;42.0;42.0;41.0;40.0;40.0;38.0;37.0;36.0;36.0;35.0;34.0;32.0;32.0;31.0;32.0;31.0;32.0;32.0;32.0;32.0;30.0;30.0;29.0;2.147483647E9,2300.0;1411.1111111111113;1872.7272727272725;2233.3333333333335;2496.9696969696965;2932.4324324324325;2957.0093457943926;2969.36936936937;2966.6666666666665;3096.7741935483873;3159.9784250269686;3174.8691099476437;3045.945945945946;3026.8965517241386;2985.5907780979833;3090.909090909091;3144.468945240719;3313.147410358565;3501.453224341508;3707.289927657207;3929.1891891891883;3992.479108635097;4082.2447685478755;4113.432835820895;997500.0
11,48.0;45.0;42.0;42.0;42.0;40.0;38.0;38.0;38.0;38.0;38.0;38.0,1500.0;1400.0;1957.1428571428569;2720.0;2833.333333333333;2670.0;2818.9189189189187;3102.347417840376;3469.9421965317924;3901.9607843137255;4389.078014184397
10,48.0;44.0;42.0;42.0;42.0;40.0;38.0;38.0;38.0;38.0;39.0,1100.0;1388.888888888889;2050.0;2914.285714285714;3021.7391304347825;2815.7894736842104;2958.490566037736;3247.0588235294117;3625.3012048192777;4327.956989247312
1,48.0;48.0,999900.0
1,48.0;48.0,999900.0
1,48.0;48.0,999900.0
1,48.0;48.0,999900.0
1,48.0;48.0,999900.0
1,48.0;48.0,999900.0
1,48.0;48.0,999900.0
1,48.0;48.0,999900.0
