numPlayed,heuristicList,remainingTime
33,48.0;47.0;42.0;40.0;40.0;38.0;36.0;36.0;36.0;34.0;33.0;32.0;31.0;32.0;32.0;32.0;32.0;33.0;32.0;30.0;30.0;30.0;30.0;30.0;29.0;28.0;30.0;23.0;26.0;21.0;20.0;19.0;16.0;2.147483647E9,4700.0;1422.2222222222222;1375.8620689655172;1686.9565217391305;1787.671232876712;1778.5714285714284;1923.8410596026488;2147.3684210526317;2202.0242914979754;2238.8535031847136;2258.9285714285716;2263.9004149377593;2402.325581395349;2569.601677148847;2760.869565217391;2973.164556962025;3292.0;3535.3448275862056;3610.727969348657;3716.091954022988;3845.6112852664583;3995.402298850574;4162.7763041556145;4258.73786407767;4291.23000551572;4514.67635860159;4190.978456014362;4163.368765331152;3846.7070131719474;3561.8363522798245;3302.6199669056805;2983.6308088117057;996700.0
13,48.0;46.0;42.0;42.0;42.0;42.0;38.0;38.0;38.0;38.0;38.0;38.0;38.0;38.0,2300.0;1411.1111111111113;1872.7272727272725;2550.0;3388.8888888888887;2857.894736842105;2876.3636363636365;3081.4814814814813;3387.6404494382023;3764.1509433962274;4197.28997289973;4679.999999999999;5208.280254777072
1,48.0;48.0,999900.0
1,48.0;48.0,999900.0
1,48.0;48.0,999900.0
1,48.0;47.0,4700.0
1,48.0;48.0,999900.0
1,48.0;48.0,999900.0
1,48.0;48.0,999900.0
1,48.0;48.0,999900.0
1,48.0;48.0,999900.0
