numPlayed,heuristicList,remainingTime
29,48.0;43.0;42.0;42.0;39.0;39.0;38.0;38.0;39.0;35.0;34.0;34.0;34.0;34.0;32.0;30.0;29.0;29.0;25.0;23.0;25.0;25.0;24.0;21.0;20.0;21.0;17.0;13.0;7.0;2.0,860.0;1377.7777777777778;2152.631578947369;2052.6315789473683;2339.1812865497072;2539.0243902439024;2878.5046728971965;3556.989247311828;3306.779661016949;3141.666666666666;3154.7854785478557;3263.3879781420765;3433.333333333333;3399.4871794871806;3234.789391575663;3086.8894601542415;3027.1766848816033;2751.2455516014234;2479.28519328957;2401.7743979721163;2363.921568627451;2312.512413108243;2174.322376009227;2045.5580865603642;1985.6704196519959;1831.652661064425;1616.0635251236663;1326.8702965914117;1024.7752808988766
14,48.0;46.0;42.0;42.0;40.0;40.0;39.0;39.0;39.0;36.0;35.0;35.0;35.0;34.0;35.0,2300.0;1411.1111111111113;1872.7272727272725;1980.0;2344.8275862068963;2597.5609756097565;2978.301886792453;3446.1538461538457;3296.6850828729284;3185.9504132231405;3233.4433443344333;3369.2307692307695;3431.0502283105025;3685.5421686746986
6,48.0;45.0;44.0;44.0;42.0;41.0;41.0,1500.0;2183.333333333333;3330.769230769231;3230.769230769231;3250.0;3635.4838709677415
1,48.0;48.0,999900.0
1,48.0;48.0,999900.0
1,48.0;48.0,999900.0
1,48.0;48.0,999900.0
1,48.0;48.0,999900.0
