numPlayed,heuristicList,remainingTime
16,25.0;21.0;19.0;17.0;18.0;17.0;15.0;15.0;15.0;16.0;14.0;13.0;13.0;13.0;13.0;14.0;14.0,525.0;622.2222222222223;638.4615384615385;911.1111111111113;1088.235294117647;1053.8461538461538;1120.0;1236.3636363636363;1508.0;1542.5531914893618;1511.533052039381;1534.2657342657344;1591.0447761194027;1672.2222222222222;1873.205741626794;2088.495575221239
8,21.0;20.0;18.0;17.0;15.0;16.0;17.0;15.0;16.0,2000.0;1211.1111111111113;1207.142857142857;1013.3333333333333;1272.3577235772357;1856.521739130435;1895.3846153846152;2319.298245614035
7,26.0;21.0;22.0;18.0;20.0;19.0;18.0;19.0,420.0;1050.0;795.6521739130435;1226.6666666666667;1500.0;1620.0;2060.56338028169
6,24.0;21.0;20.0;21.0;17.0;12.0;2.147483647E9,700.0;983.3333333333333;2000.0;1271.4285714285716;694.8356807511739;999400.0
4,23.0;20.0;19.0;20.0;20.0,666.6666666666667;933.3333333333333;1900.0;3199.9999999999995
2,22.0;20.0;21.0,1000.0;4100.0
2,23.0;21.0;21.0,1050.0;2066.6666666666665
1,2.147483647E9;2.147483647E9,999900.0
