numPlayed,heuristicList,remainingTime
23,20.0;16.0;15.0;14.0;12.0;10.0;9.0;8.0;7.0;7.0;7.0;7.0;7.0;7.0;7.0;7.0;7.0;7.0;7.0;7.0;7.0;7.0;7.0;7.0,400.0;580.0;705.263157894737;655.5555555555557;555.5555555555557;500.0;452.9411764705883;404.34782608695673;389.22413793103465;392.85714285714266;409.1463414634145;435.10638297872356;469.1037735849061;510.1694915254236;557.6923076923076;611.2676056338028;670.616883116883;735.542168674699;805.8988764044943;881.5789473684208;962.5000000000005;1048.5981308411215;1139.8230088495575
19,18.0;15.0;14.0;12.0;10.0;9.0;8.0;7.0;7.0;7.0;7.0;7.0;7.0;7.0;7.0;7.0;7.0;7.0;7.0;7.0,500.0;683.3333333333331;626.3157894736843;526.3157894736843;483.8709677419356;447.82608695652175;406.9767441860465;403.2128514056226;419.7044334975367;450.0;491.09506618531873;541.4012738853503;600.0;666.3230240549829;740.0;820.7792207792204;908.4836339345356;1002.9850746268653;1104.1884816753927
18,19.0;16.0;14.0;13.0;12.0;10.0;9.0;8.0;8.0;8.0;8.0;8.0;8.0;8.0;8.0;8.0;8.0;7.0;7.0,533.3333333333334;553.3333333333333;625.0;670.5882352941178;594.8275862068965;545.4545454545453;498.4000000000001;497.11934156378607;520.1005025125628;559.3220338983049;611.1111111111113;673.5483870967739;745.5331412103747;826.3888888888887;915.6769596199524;1013.1004366812226;1042.5781249999995;1082.3321554770318
17,21.0;17.0;16.0;15.0;14.0;13.0;11.0;10.0;9.0;9.0;9.0;9.0;9.0;9.0;9.0;9.0;9.0;9.0,425.0;620.0;757.8947368421054;837.5;870.0;770.0000000000002;700.0;637.037037037037;626.086956521739;642.8571428571429;677.7777777777776;726.3157894736844;786.046511627907;855.5555555555552;933.9622641509436;1020.6896551724135;1115.3439153439153
17,19.0;15.0;14.0;13.0;12.0;10.0;9.0;8.0;8.0;8.0;8.0;8.0;8.0;8.0;8.0;8.0;8.0;8.0,375.0;540.0;652.6315789473686;712.5;630.3030303030303;576.1904761904761;525.0;523.0769230769231;546.875;587.719298245614;641.6666666666665;706.6666666666667;781.5476190476188;865.5913978494623;958.3333333333335;1059.4594594594591;1168.75
8,18.0;16.0;15.0;14.0;13.0;12.0;10.0;9.0;2.147483647E9,800.0;988.8888888888889;1061.5384615384614;1066.6666666666665;1033.3333333333333;852.9411764705883;740.7766990291263;999200.0
2,21.0;19.0;19.0,950.0;1866.6666666666665
1,15.0;14.0,1400.0
