numPlayed,heuristicList,remainingTime
43,50.0;49.0;48.0;47.0;46.0;45.0;44.0;43.0;42.0;42.0;42.0;42.0;42.0;42.0;42.0;43.0;42.0;39.0;38.0;39.0;41.0;39.0;36.0;35.0;35.0;35.0;35.0;34.0;33.0;32.0;31.0;30.0;30.0;30.0;31.0;31.0;30.0;29.0;28.0;27.0;26.0;26.0;26.0;2.147483647E9,490.0;480.0;470.0;460.0;450.0;440.0;430.0;420.0;437.3076923076924;468.7499999999999;509.47368421052636;557.2727272727271;610.9999999999999;670.0;769.047619047619;834.9238578680203;797.3305670816044;754.8979591836735;759.1555555555557;822.2530009233612;834.9938347718864;785.4865424430642;737.782634032634;708.3812405446292;691.0;682.0222487087804;666.850770047796;647.3345935727789;624.9593495934961;600.861423220974;575.8770464416973;558.0056292722156;545.4355592195658;543.5845213849287;544.1032329460121;540.3434610303831;532.9690048939643;522.6194067370536;509.8815949851995;495.2748312439729;483.87056658210224;475.06406685236766;999570.0
12,62.0;61.0;60.0;59.0;56.0;55.0;56.0;56.0;55.0;54.0;55.0;55.0;55.0,610.0;600.0;590.0;405.71428571428567;378.7581699346406;451.17647058823536;539.4117647058823;590.3030303030304;612.7083333333333;698.8095238095237;794.0625;897.962962962963
2,55.0;54.0;57.0,540.0;999980.0
2,56.0;55.0;56.0,550.0;999980.0
2,56.0;55.0;55.0,550.0;1096.6666666666667
1,70.0;70.0,999990.0
1,56.0;56.0,999990.0
1,55.0;55.0,999990.0
1,55.0;55.0,999990.0
1,55.0;56.0,999990.0
1,54.0;56.0,999990.0
