numPlayed,heuristicList,remainingTime
28,55.0;54.0;52.0;51.0;50.0;49.0;48.0;47.0;46.0;45.0;44.0;43.0;42.0;42.0;42.0;42.0;42.0;42.0;42.0;43.0;42.0;39.0;38.0;39.0;41.0;39.0;36.0;35.0;2.147483647E9,540.0;347.77777777777777;363.57142857142856;383.07692307692304;396.8992248062016;405.1515151515151;409.0625;409.75124378109456;408.0662983425415;404.62184873949576;399.85838779956424;394.0932642487047;400.87982832618025;415.47008547008545;435.5431309904154;459.830028328612;487.5784563189143;518.3140877598153;565.6957928802588;600.595238095238;595.1822916666667;584.3854324734447;592.7629477526808;628.5861182519279;641.5343915343916;623.6036036036036;603.3394664213431;999720.0
6,60.0;59.0;56.0;55.0;56.0;56.0;56.0,590.0;281.6666666666667;304.44444444444446;456.6666666666667;640.0;854.4444444444446
4,65.0;64.0;63.0;62.0;62.0,640.0;630.0;620.0;770.0
4,59.0;56.0;55.0;56.0;56.0,186.66666666666669;273.3333333333333;550.0;920.0000000000001
3,56.0;55.0;54.0;55.0,550.0;540.0;1360.0
1,70.0;69.0,690.0
1,67.0;66.0,660.0
1,70.0;70.0,999990.0
