numPlayed,heuristicList,remainingTime
3,7.0;5.0;4.0;2.147483647E9,250.0;255.55555555555554;999700.0
2,7.0;5.0;4.0,250.0;255.55555555555554
1,6.0;5.0,500.0
1,6.0;5.0,500.0
1,5.0;4.0,400.0
1,6.0;5.0,500.0
1,5.0;4.0,400.0
1,7.0;6.0,600.0
1,6.0;5.0,500.0
1,8.0;7.0,700.0
1,6.0;5.0,500.0
