numPlayed,heuristicList,remainingTime
4,8.0;5.0;4.0;2.0;1.0,166.66666666666669;183.33333333333331;100.0;35.29411764705884
1,7.0;6.0,600.0
1,7.0;6.0,600.0
1,6.0;5.0,500.0
1,5.0;4.0,400.0
1,6.0;5.0,500.0
1,6.0;5.0,500.0
1,5.0;4.0,400.0
1,6.0;5.0,500.0
1,5.0;4.0,400.0
1,5.0;4.0,400.0
