numPlayed,heuristicList,remainingTime
34,48.0;46.0;42.0;42.0;42.0;40.0;39.0;38.0;38.0;39.0;38.0;38.0;38.0;38.0;38.0;37.0;35.0;34.0;34.0;35.0;34.0;34.0;34.0;34.0;34.0;34.0;34.0;34.0;34.0;35.0;35.0;34.0;35.0;35.0;2.147483647E9,2300.0;1411.1111111111113;1872.7272727272725;2550.0;2666.666666666667;2766.666666666667;2837.8378378378375;3072.2222222222217;3616.0714285714284;3975.2475247524762;4398.446327683616;4875.555555555556;5400.986842105264;5971.400394477318;6289.405684754522;6133.333333333333;5902.944640753827;5822.89156626506;6022.20726783311;6080.760095011877;6195.8554729011685;6354.615384615385;6548.6391571553995;6772.21324717286;7021.316379955124;7293.0362116991655;7585.211726384363;7896.205630354958;8398.200312989047;8917.136414881625;9261.973333333333;9817.283950617282;10389.617486338799;996600.0
3,43.0;42.0;42.0;42.0,4200.0;8366.666666666666;13933.333333333334
1,48.0;48.0,999900.0
1,42.0;42.0,999900.0
1,42.0;42.0,999900.0
1,42.0;42.0,999900.0
1,42.0;42.0,999900.0
1,42.0;42.0,999900.0
