numPlayed,heuristicList,remainingTime
21,48.0;44.0;42.0;42.0;42.0;39.0;38.0;38.0;38.0;39.0;35.0;34.0;34.0;34.0;34.0;31.0;31.0;30.0;30.0;30.0;24.0;2.147483647E9,1100.0;1388.888888888889;2050.0;2914.285714285714;2689.542483660131;2650.0000000000005;2857.7981651376144;3184.5410628019326;3831.645569620254;3582.5688073394494;3400.230680507497;3390.000000000001;3474.7099767981445;3620.8499335989372;3458.7378640776697;3404.9046321525884;3328.758169934641;3318.0;3352.2506619593996;3005.2910052910056;997900.0
8,45.0;42.0;42.0;40.0;39.0;38.0;38.0;38.0;39.0,1400.0;2766.666666666667;2666.666666666667;2771.428571428571;2869.565217391304;3250.0;3773.170731707317;4831.884057971015
7,42.0;40.0;39.0;38.0;38.0;36.0;35.0;36.0,2000.0;2588.888888888889;2907.692307692308;3740.0;3423.4234234234236;3273.3333333333335;3850.0
2,39.0;38.0;38.0,3800.0;7566.666666666667
1,42.0;42.0,999900.0
1,42.0;42.0,999900.0
1,42.0;42.0,999900.0
1,48.0;48.0,999900.0
1,42.0;42.0,999900.0
1,42.0;42.0,999900.0
1,42.0;42.0,999900.0
