numPlayed,heuristicList,remainingTime
23,42.0;39.0;38.0;38.0;37.0;36.0;36.0;34.0;34.0;33.0;31.0;30.0;30.0;29.0;27.0;22.0;19.0;19.0;16.0;16.0;13.0;11.0;6.0;2.0,1300.0;1883.333333333333;2869.2307692307695;3327.2727272727275;3476.851851851852;3956.000000000001;3688.461538461538;3801.2578616352203;3784.6153846153848;3480.0;3256.218905472636;3216.666666666667;3145.5635491606718;2948.1622306717372;2458.450704225352;2028.0254777070068;1782.0556501987508;1524.6575342465758;1358.0756013745704;1169.853409815169;994.9596774193542;779.3821356615176;563.61173393124
5,47.0;43.0;42.0;42.0;42.0;42.0,1075.0;1660.0;2568.75;3727.272727272728;5125.0
4,42.0;39.0;39.0;38.0;38.0,1300.0;2566.666666666667;3141.6666666666665;4155.555555555556
4,42.0;39.0;39.0;38.0;38.0,1300.0;2566.666666666667;3141.6666666666665;4155.555555555556
2,39.0;38.0;38.0,3800.0;7566.666666666667
1,48.0;48.0,999900.0
1,39.0;39.0,999900.0
1,42.0;42.0,999900.0
1,42.0;42.0,999900.0
1,42.0;42.0,999900.0
1,42.0;42.0,999900.0
