numPlayed,heuristicList,remainingTime
28,5.0;4.0;3.0;2.0;2.0;1.0;1.0;1.0;1.0;1.0;1.0;1.0;1.0;1.0;1.0;1.0;1.0;1.0;1.0;1.0;1.0;1.0;1.0;1.0;1.0;1.0;1.0;1.0;1.0,40.0;30.0;20.0;20.000000000000007;11.7283950617284;7.894736842105274;5.714285714285708;4.444444444444443;3.8028169014084483;3.6585365853658516;3.9426523297491087;4.615384615384613;5.65217391304347;7.0370370370370665;8.759124087591232;10.810810810810807;13.18658280922432;15.882352941176464;18.895027624309364;22.2222222222222;25.86206896551724;29.81308411214954;34.07407407407402;38.64406779661016;43.52226720647775;48.70801033591732;54.20074349442376;60.0
16,6.0;5.0;4.0;3.0;2.0;2.0;2.0;2.0;2.0;2.0;2.0;2.0;2.0;2.0;2.0;1.0;2.147483647E9,50.0;40.0;30.0;20.0;17.77777777777777;17.999999999999986;19.599999999999994;22.222222222222214;25.714285714285708;30.0;35.03703703703701;40.80000000000001;47.27272727272725;54.44444444444443;45.17241379310346;999840.0
10,5.0;4.0;3.0;2.0;2.0;2.0;2.0;2.0;2.0;2.0;2.0,40.0;30.0;20.0;20.000000000000007;22.72727272727272;27.142857142857153;32.94117647058823;40.0;48.260869565217405;57.69230769230771
10,5.0;4.0;3.0;2.0;2.0;2.0;2.0;2.0;2.0;2.0;2.0,40.0;30.0;20.0;20.000000000000007;22.72727272727272;27.142857142857153;32.94117647058823;40.0;48.260869565217405;57.69230769230771
6,4.0;3.0;2.0;2.0;2.0;2.0;2.0,30.0;20.0;24.285714285714278;32.0;42.30769230769231;55.000000000000014
4,6.0;5.0;4.0;4.0;4.0,50.0;40.0;52.85714285714285;71.99999999999997
2,5.0;4.0;4.0,40.0;76.66666666666666
2,5.0;4.0;4.0,40.0;76.66666666666666
