numPlayed,heuristicList,remainingTime
3,35.0;30.0;28.0;27.0,600.0;785.7142857142857;1003.8461538461538
3,35.0;30.0;28.0;27.0,600.0;785.7142857142857;1003.8461538461538
3,35.0;30.0;29.0;2.147483647E9,600.0;944.4444444444443;999700.0
3,35.0;31.0;28.0;27.0,775.0;795.2380952380952;970.3703703703702
2,35.0;31.0;29.0,775.0;955.5555555555557
2,35.0;30.0;30.0,600.0;1166.6666666666667
1,35.0;35.0,999900.0
1,35.0;35.0,999900.0
