numPlayed,heuristicList,remainingTime
7,35.0;29.0;25.0;18.0;15.0;14.0;9.0;2.147483647E9,483.33333333333337;493.33333333333337;336.3636363636364;278.43137254901956;265.15151515151535;191.52542372881373;999300.0
1,35.0;31.0,775.0
1,35.0;31.0,775.0
1,35.0;30.0,600.0
1,35.0;31.0,775.0
1,35.0;35.0,999900.0
1,35.0;35.0,999900.0
1,35.0;35.0,999900.0
1,35.0;31.0,775.0
1,35.0;31.0,775.0
1,35.0;35.0,999900.0
