numPlayed,heuristicList,remainingTime
7,35.0;22.0;20.0;19.0;16.0;15.0;11.0;2.0,169.23076923076923;242.22222222222229;330.0;346.3414634146342;372.5490196078431;313.3333333333335;133.55263157894728
2,35.0;27.0;27.0,337.5;641.6666666666667
1,35.0;31.0,775.0
1,35.0;35.0,999900.0
1,35.0;35.0,999900.0
1,34.0;30.0,750.0
1,35.0;30.0,600.0
1,35.0;30.0,600.0
1,35.0;30.0,600.0
1,35.0;30.0,600.0
1,35.0;35.0,999900.0
