numPlayed,heuristicList,remainingTime
3,35.0;27.0;26.0;24.0,337.5;551.8518518518517;673.5294117647059
2,35.0;30.0;30.0,600.0;1166.6666666666667
2,35.0;30.0;29.0,600.0;944.4444444444443
2,35.0;30.0;2.147483647E9,600.0;999800.0
2,35.0;30.0;29.0,600.0;944.4444444444443
2,35.0;30.0;28.0,600.0;785.7142857142857
1,35.0;34.0,3400.0
1,35.0;34.0,3400.0
1,35.0;34.0,3400.0
1,35.0;35.0,999900.0
1,35.0;31.0,775.0
