numPlayed,heuristicList,remainingTime
93,17.0;15.0;15.0;16.0;16.0;16.0;16.0;16.0;16.0;16.0;16.0;16.0;16.0;16.0;16.0;16.0;16.0;16.0;16.0;16.0;16.0;16.0;16.0;16.0;16.0;16.0;16.0;16.0;16.0;16.0;16.0;17.0;17.0;17.0;17.0;16.0;16.0;15.0;15.0;13.0;13.0;13.0;13.0;13.0;13.0;13.0;13.0;13.0;13.0;13.0;13.0;13.0;13.0;13.0;13.0;13.0;13.0;13.0;13.0;13.0;13.0;13.0;13.0;13.0;13.0;13.0;13.0;13.0;13.0;13.0;13.0;13.0;13.0;13.0;13.0;13.0;13.0;13.0;13.0;13.0;13.0;13.0;13.0;13.0;13.0;13.0;13.0;13.0;13.0;13.0;13.0;13.0;13.0;2.147483647E9,75.0;146.66666666666663;510.0;1560.0;5516.666666666667;999940.0;999930.0;999920.0;999910.0;999900.0;999890.0;999880.0;999870.0;999860.0;999850.0;999840.0;999830.0;999820.0;999810.0;999800.0;999790.0;999780.0;999770.0;999760.0;999750.0;999740.0;999730.0;999720.0;999710.0;999700.0;999690.0;999680.0;999670.0;999660.0;999650.0;999640.0;999630.0;999620.0;32502.499999999993;10522.35294117647;6569.490740740742;4925.862068965517;4031.660305343512;3473.8525441329175;3095.9210526315787;2825.4897494305246;2624.481258366801;2470.951526032316;2351.363636363637;2256.9135802469136;2181.6280653950957;2121.311475409836;2072.930359937402;2034.2371020856199;2003.5309278350514;1979.5011337868486;1961.1213235294122;1947.5762859633828;1938.210337202875;1932.490118577075;1929.9773413897274;1930.3085080742349;1933.1796116504856;1938.334443704197;1945.5555555555552;1954.6571957998772;1965.4797377830746;1977.885242755709;1991.753897550111;2006.9811320754707;2023.4752699407873;2041.1556006082114;2059.9507874015753;2079.7975450342733;2100.639534883721;2122.4264373019464;2145.113168724279;2168.6592178770948;2193.028080469405;2218.1867757327877;2244.105431309904;2270.756925477955;2298.116577676074;2326.1618798955624;2354.8722627737225;2384.2288912706917;2414.214485654304;2444.8131642098056;2476.010304659498;2507.7924217462937;2540.1470588235297;2573.0626916164497;999070.0
3,16.0;15.0;15.0;16.0,150.0;296.6666666666667;999970.0
1,16.0;16.0,999990.0
1,15.0;15.0,999990.0
1,16.0;16.0,999990.0
1,16.0;16.0,999990.0
1,16.0;16.0,999990.0
1,15.0;15.0,999990.0
1,16.0;16.0,999990.0
1,17.0;17.0,999990.0
1,16.0;16.0,999990.0
