numPlayed,heuristicList,remainingTime
50,17.0;16.0;16.0;15.0;15.0;13.0;13.0;13.0;13.0;13.0;13.0;13.0;13.0;13.0;13.0;13.0;13.0;13.0;13.0;13.0;13.0;13.0;13.0;13.0;13.0;13.0;13.0;13.0;13.0;13.0;13.0;13.0;13.0;13.0;13.0;13.0;13.0;13.0;13.0;13.0;13.0;13.0;13.0;13.0;13.0;13.0;13.0;13.0;13.0;12.0;2.147483647E9,160.0;316.66666666666663;251.66666666666663;296.0;198.6111111111111;191.05263157894737;203.26923076923077;224.6464646464646;252.0;284.04255319148933;320.15432098765433;360.0;403.38235294117646;450.1777777777778;500.30487804878055;553.7078651685392;610.3472222222222;670.1941747572816;733.2272727272725;799.4301994301993;868.7903225806454;941.2977099236641;1016.9444444444446;1095.7241379310346;1177.6315789473686;1262.6624737945492;1350.813253012048;1442.0809248554913;1536.462962962963;1633.9572192513363;1734.561855670103;1838.275290215589;1945.0961538461534;2055.0232558139533;2168.0555555555557;2284.192139737991;2403.4322033898306;2525.775034293553;2651.2199999999993;2779.766536964981;2911.414141414141;3046.1623616236166;3184.0107913669067;3324.9590643274855;3469.006849315069;3616.153846153846;3766.3997821350777;3919.7444089456876;3762.830188679245;999500.0
34,16.0;15.0;15.0;13.0;13.0;13.0;13.0;13.0;13.0;13.0;13.0;13.0;13.0;13.0;13.0;13.0;13.0;13.0;13.0;13.0;13.0;13.0;13.0;13.0;13.0;13.0;13.0;13.0;13.0;13.0;13.0;13.0;13.0;13.0;13.0,150.0;296.6666666666667;148.8888888888889;160.0;190.57971014492753;231.33333333333337;279.99999999999994;335.7575757575758;398.2352941176471;467.2413793103449;542.6666666666666;624.4444444444445;712.5316455696203;806.8992248062015;907.5268817204301;1014.3999999999996;1127.5077881619939;1246.842105263158;1372.3966942148757;1504.1666666666667;1642.1481481481485;1786.3380281690138;1936.7337807606264;2093.3333333333335;2256.134969325153;2425.1372549019607;2600.3389830508477;2781.7391304347825;2969.336823734729;3163.1313131313136;3363.121951219512;3569.3081761006288;3781.689497716895;4000.2654867256624
5,17.0;15.0;15.0;16.0;16.0;16.0,75.0;146.66666666666663;510.0;1560.0;5516.666666666667
3,16.0;15.0;15.0;16.0,150.0;296.6666666666667;999970.0
1,16.0;16.0,999990.0
1,15.0;15.0,999990.0
1,16.0;16.0,999990.0
1,16.0;16.0,999990.0
1,16.0;16.0,999990.0
1,16.0;16.0,999990.0
1,16.0;16.0,999990.0
