numPlayed,heuristicList,remainingTime
77,17.0;17.0;16.0;16.0;15.0;15.0;13.0;13.0;13.0;13.0;13.0;13.0;13.0;13.0;13.0;13.0;13.0;13.0;13.0;13.0;13.0;13.0;13.0;13.0;13.0;13.0;13.0;13.0;13.0;13.0;13.0;13.0;13.0;13.0;13.0;13.0;13.0;13.0;13.0;13.0;13.0;13.0;13.0;13.0;13.0;13.0;13.0;13.0;13.0;13.0;13.0;12.0;11.0;11.0;12.0;12.0;12.0;12.0;12.0;12.0;12.0;12.0;12.0;11.0;11.0;11.0;11.0;11.0;11.0;10.0;9.0;8.0;7.0;6.0;5.0;5.0;3.0;1.0,999990.0;323.3333333333333;397.5;303.99999999999994;325.0;226.4705882352941;211.34615384615387;217.1428571428571;232.50000000000006;253.7735849056603;279.43548387096774;308.7323943661972;341.24999999999994;376.74157303370794;415.05102040816325;456.0747663551401;499.7413793103449;546.0;594.813432835821;646.1538461538461;699.9999999999999;756.3354037267081;815.1470588235293;876.4245810055866;940.1595744680849;1006.3451776649745;1074.97572815534;1146.046511627907;1219.5535714285713;1295.4935622317598;1373.8636363636363;1454.6613545816733;1537.8846153846157;1623.5315985130112;1711.6007194244603;1802.0905923344949;1895.0;1990.3278688524592;2088.073248407643;2188.2352941176473;2290.813253012048;2395.806451612903;2503.214285714286;2613.036211699165;2725.2717391304345;2839.9204244031826;2956.9818652849744;3076.455696202531;3198.3415841584156;3322.6392251815973;3233.22905027933;2982.834645669291;2790.1524479624736;2773.255813953488;2762.9819040125885;2758.4255107125055;2758.8540925266902;2763.66847826087;2772.373835824128;2784.5579078455794;2799.874476987449;2818.0306513409973;2728.8770053475937;2654.3999999999996;2591.9640062597805;2539.5398230088495;2495.5397489539755;2458.703703703704;2354.6450901066573;2202.6104417670686;2022.618189102564;1831.5080213903734;1641.4201183431956;1459.9944258639912;1316.5356541268948;1157.3240832507431;996.7673555908846
1,16.0;16.0,999990.0
1,17.0;17.0,999990.0
1,17.0;17.0,999990.0
1,16.0;16.0,999990.0
1,16.0;16.0,999990.0
1,17.0;17.0,999990.0
1,16.0;16.0,999990.0
