numPlayed,heuristicList,remainingTime
11,20.0;19.0;18.0;17.0;17.0;17.0;17.0;17.0;17.0;18.0;18.0;18.0,1900.0;1800.0;1700.0;2075.0;2613.636363636364;3271.4285714285716;4035.2941176470595;4900.0;7443.2432432432415;10970.58823529412;15825.806451612902
9,21.0;20.0;19.0;19.0;19.0;19.0;19.0;19.0;19.0;19.0,2000.0;1900.0;2671.4285714285716;3720.000000000001;5000.0;6500.0;8215.789473684212;10145.454545454546;12288.000000000002
8,21.0;19.0;19.0;19.0;19.0;19.0;19.0;19.0;19.0,950.0;1866.6666666666665;3099.9999999999995;4649.999999999998;6516.666666666667;8700.0;11199.999999999998;14016.666666666668
8,21.0;19.0;19.0;19.0;19.0;19.0;19.0;19.0;19.0,950.0;1866.6666666666665;3099.9999999999995;4649.999999999998;6516.666666666667;8700.0;11199.999999999998;14016.666666666668
8,21.0;19.0;19.0;19.0;19.0;19.0;19.0;19.0;2.147483647E9,950.0;1866.6666666666665;3099.9999999999995;4649.999999999998;6516.666666666667;8700.0;11199.999999999998;999200.0
7,21.0;19.0;19.0;19.0;19.0;19.0;19.0;19.0,950.0;1866.6666666666665;3099.9999999999995;4649.999999999998;6516.666666666667;8700.0;11199.999999999998
7,21.0;19.0;19.0;19.0;19.0;19.0;19.0;19.0,950.0;1866.6666666666665;3099.9999999999995;4649.999999999998;6516.666666666667;8700.0;11199.999999999998
7,21.0;19.0;19.0;19.0;19.0;19.0;19.0;19.0,950.0;1866.6666666666665;3099.9999999999995;4649.999999999998;6516.666666666667;8700.0;11199.999999999998
