numPlayed,heuristicList,remainingTime
18,21.0;20.0;19.0;18.0;17.0;17.0;17.0;17.0;17.0;17.0;16.0;16.0;16.0;16.0;16.0;16.0;16.0;16.0;2.147483647E9,2000.0;1900.0;1800.0;1700.0;1927.7777777777778;2280.0;2716.0;3222.2222222222226;3792.857142857142;3855.5555555555547;4043.333333333334;4310.769230769231;4636.666666666666;5009.803921568627;5423.684210526315;5874.285714285714;6358.985507246379;998200.0
9,20.0;19.0;18.0;17.0;17.0;17.0;17.0;17.0;17.0;18.0,1900.0;1800.0;1700.0;2075.0;2613.636363636364;3271.4285714285716;4035.2941176470595;4900.0;7443.2432432432415
6,21.0;20.0;19.0;19.0;19.0;19.0;19.0,2000.0;1900.0;2671.4285714285716;3720.000000000001;5000.0;6500.0
5,21.0;19.0;19.0;19.0;19.0;19.0,950.0;1866.6666666666665;3099.9999999999995;4649.999999999998;6516.666666666667
5,21.0;19.0;19.0;19.0;19.0;19.0,950.0;1866.6666666666665;3099.9999999999995;4649.999999999998;6516.666666666667
5,21.0;19.0;19.0;19.0;19.0;19.0,950.0;1866.6666666666665;3099.9999999999995;4649.999999999998;6516.666666666667
5,21.0;19.0;19.0;19.0;19.0;19.0,950.0;1866.6666666666665;3099.9999999999995;4649.999999999998;6516.666666666667
5,21.0;19.0;19.0;19.0;19.0;19.0,950.0;1866.6666666666665;3099.9999999999995;4649.999999999998;6516.666666666667
5,21.0;19.0;19.0;19.0;19.0;19.0,950.0;1866.6666666666665;3099.9999999999995;4649.999999999998;6516.666666666667
5,21.0;19.0;19.0;19.0;19.0;19.0,950.0;1866.6666666666665;3099.9999999999995;4649.999999999998;6516.666666666667
5,21.0;19.0;19.0;19.0;19.0;19.0,950.0;1866.6666666666665;3099.9999999999995;4649.999999999998;6516.666666666667
