numPlayed,heuristicList,remainingTime
9,20.0;19.0;18.0;17.0;17.0;17.0;17.0;17.0;17.0;18.0,190.0;180.0;170.0;207.5;261.3636363636364;327.14285714285705;403.5294117647059;490.0;744.3243243243243
7,21.0;20.0;19.0;19.0;19.0;19.0;19.0;19.0,200.0;190.0;267.1428571428571;372.0;499.9999999999999;650.0;821.5789473684212
6,21.0;19.0;19.0;19.0;19.0;19.0;2.147483647E9,95.0;186.66666666666666;310.0;465.0;651.6666666666666;999940.0
6,21.0;19.0;19.0;19.0;19.0;19.0;19.0,95.0;186.66666666666666;310.0;465.0;651.6666666666666;869.9999999999999
6,21.0;19.0;19.0;19.0;19.0;19.0;19.0,95.0;186.66666666666666;310.0;465.0;651.6666666666666;869.9999999999999
6,21.0;19.0;19.0;19.0;19.0;19.0;19.0,95.0;186.66666666666666;310.0;465.0;651.6666666666666;869.9999999999999
6,21.0;19.0;19.0;19.0;19.0;19.0;19.0,95.0;186.66666666666666;310.0;465.0;651.6666666666666;869.9999999999999
5,21.0;19.0;19.0;19.0;19.0;19.0,95.0;186.66666666666666;310.0;465.0;651.6666666666666
