numPlayed,heuristicList,remainingTime
5,11.0;6.0;4.0;3.0;1.0;1.0,120.0;99.99999999999994;80.76923076923077;17.391304347826065;-20.202020202020208
1,10.0;9.0,900.0
1,10.0;9.0,900.0
1,10.0;10.0,999900.0
1,10.0;10.0,999900.0
1,10.0;9.0,900.0
1,10.0;10.0,999900.0
1,12.0;9.0,300.0
