numPlayed,heuristicList,remainingTime
4,11.0;9.0;6.0;4.0;2.147483647E9,450.0;246.66666666666663;162.5;999600.0
1,11.0;9.0,450.0
1,10.0;10.0,999900.0
1,9.0;8.0,800.0
1,11.0;9.0,450.0
1,10.0;10.0,999900.0
1,10.0;9.0,900.0
1,10.0;9.0,900.0
1,10.0;10.0,999900.0
1,10.0;10.0,999900.0
1,9.0;8.0,800.0
