numPlayed,heuristicList,remainingTime
113,7.0;7.0;7.0;7.0;7.0;7.0;7.0;7.0;7.0;7.0;7.0;7.0;7.0;7.0;7.0;7.0;7.0;7.0;7.0;7.0;7.0;7.0;7.0;7.0;7.0;7.0;7.0;7.0;7.0;7.0;7.0;7.0;7.0;7.0;7.0;7.0;7.0;7.0;7.0;7.0;7.0;7.0;7.0;7.0;7.0;7.0;7.0;7.0;5.0;5.0;5.0;5.0;5.0;5.0;5.0;5.0;5.0;5.0;5.0;5.0;5.0;5.0;5.0;5.0;5.0;5.0;5.0;5.0;5.0;5.0;5.0;6.0;5.0;5.0;5.0;5.0;5.0;5.0;5.0;5.0;5.0;5.0;5.0;5.0;5.0;5.0;5.0;5.0;5.0;5.0;5.0;5.0;5.0;5.0;5.0;5.0;5.0;6.0;5.0;5.0;5.0;5.0;5.0;5.0;5.0;5.0;5.0;5.0;5.0;5.0;5.0;5.0;5.0;2.0,999900.0;999800.0;999700.0;999600.0;999500.0;999400.0;999300.0;999200.0;999100.0;999000.0;998900.0;998800.0;998700.0;998600.0;998500.0;998400.0;998300.0;998200.0;998100.0;998000.0;997900.0;997800.0;997700.0;997600.0;997500.0;997400.0;997300.0;997200.0;997100.0;997000.0;996900.0;996800.0;996700.0;996600.0;996500.0;996400.0;996300.0;996200.0;996100.0;996000.0;995900.0;995800.0;995700.0;995600.0;995500.0;995400.0;995300.0;139683.3333333333;72606.77083333333;50312.5;39215.104166666664;32597.5;28220.659722222226;25125.0;22830.729166666664;21071.296296296296;19686.770833333332;18575.378787878788;17669.27083333333;16921.47435897436;16298.4375;15775.555555555555;15334.375;14960.78431372549;14643.807870370372;14374.780701754382;14146.770833333332;13954.166666666672;13792.376893939396;13657.608695652176;14128.989401403196;14007.553648068668;13908.199423156162;13828.578975171684;13766.69210225105;13720.824135393676;13689.496743635289;13671.428571428576;13665.50348953141;13670.744795020386;13686.294099281928;13711.393939393944;13745.373368658624;13787.63594733829;13837.649679754944;13894.938539407089;13959.075297225892;14029.67542503864;14106.391890759824;14188.910696761533;14276.947040498442;14370.24199843872;14468.559651934971;14571.684587813626;14679.419717898127;14791.584370974666;15353.821382567625;15465.152789458927;15580.840543881335;15700.726978998384;15824.666666666664;15952.525252525247;16084.1784216546;16219.510978043916;16358.416023520764;16500.794223826717;16646.553151235665;16795.606694560673;16947.8745286253;17103.281636322765;17261.757877280266;17423.237597911226;16288.753490733689
1,7.0;7.0,999900.0
1,7.0;7.0,999900.0
1,7.0;7.0,999900.0
1,7.0;7.0,999900.0
1,7.0;7.0,999900.0
1,7.0;7.0,999900.0
1,7.0;7.0,999900.0
