numPlayed,heuristicList,remainingTime
5,6.0;5.0;4.0;2.0;1.0;1.0,50.0;40.0;17.692307692307693;7.692307692307693;3.418803418803421
1,8.0;7.0,70.0
1,6.0;5.0,50.0
1,6.0;6.0,999990.0
1,6.0;5.0,50.0
1,9.0;8.0,80.0
1,6.0;5.0,50.0
1,9.0;8.0,80.0
1,7.0;6.0,60.0
1,6.0;5.0,50.0
1,9.0;8.0,80.0
