numPlayed,heuristicList,remainingTime
4,8.0;6.0;5.0;4.0;2.147483647E9,30.0;32.22222222222222;29.230769230769234;999960.0
2,8.0;6.0;6.0,30.0;56.66666666666667
1,6.0;5.0,50.0
1,6.0;5.0,50.0
1,6.0;5.0,50.0
1,7.0;6.0,60.0
1,6.0;6.0,999990.0
1,9.0;8.0,80.0
