numPlayed,heuristicList,remainingTime
45,24.0;20.0;20.0;18.0;18.0;16.0;16.0;16.0;13.0;10.0;10.0;11.0;10.0;8.0;8.0;9.0;9.0;9.0;8.0;9.0;9.0;9.0;9.0;9.0;9.0;9.0;9.0;9.0;9.0;9.0;9.0;9.0;6.0;6.0;7.0;6.0;6.0;7.0;7.0;7.0;7.0;7.0;7.0;7.0;7.0;2.147483647E9,500.0;966.6666666666665;988.8888888888889;1228.5714285714287;1159.7222222222222;1252.9411764705883;1415.909090909091;1226.2626262626266;939.9014778325122;821.167883211679;820.0598802395209;793.1034482758621;704.1666666666667;651.937984496124;658.3941605839418;675.0000000000005;699.8433215824521;694.5378151260511;735.0096711798842;780.7646356033451;831.4691151919869;886.875;946.7939304943711;1011.0803324099716;1079.6199213630402;1152.3217247097841;1229.1124260355032;1309.9322799097063;1394.7321107515281;1483.471074380167;1576.1149653121902;1504.7965998785676;1447.5147430497045;1451.5488482922947;1411.074032876034;1378.9986091794153;1401.292246520874;1427.004219409282;1455.9055118110246;1487.8048780487807;1522.5413645659055;1559.9785407725321;1600.0;1642.5058158856755;995500.0
12,22.0;20.0;19.0;17.0;16.0;15.0;14.0;13.0;14.0;13.0;13.0;14.0;14.0,1000.0;1255.5555555555554;1068.7499999999998;1053.3333333333335;1047.6190476190477;1029.7297297297298;997.1698113207547;1138.461538461538;1200.0000000000005;1295.9183673469383;1527.217125382263;1780.0
12,24.0;21.0;18.0;16.0;16.0;16.0;16.0;14.0;13.0;14.0;14.0;13.0;14.0,700.0;600.0;581.4814814814815;704.7619047619046;885.9649122807016;1111.111111111111;1115.8415841584158;1087.9227053140094;1219.8795180722896;1376.2886597938145;1444.6351931330473;1650.769230769231
6,27.0;21.0;21.0;21.0;20.0;19.0;19.0,350.0;666.6666666666667;1100.0;1371.4285714285713;1500.0;1741.379310344828
3,25.0;20.0;21.0;21.0,400.0;1000.0;1827.2727272727275
2,22.0;20.0;21.0,1000.0;4100.0
1,20.0;19.0,1900.0
1,2.147483647E9;2.147483647E9,999900.0
