numPlayed,heuristicList,remainingTime
52,24.0;21.0;20.0;18.0;17.0;16.0;15.0;11.0;10.0;11.0;11.0;11.0;11.0;11.0;10.0;10.0;10.0;8.0;8.0;8.0;8.0;8.0;9.0;8.0;9.0;9.0;9.0;8.0;9.0;8.0;9.0;9.0;9.0;8.0;9.0;7.0;6.0;7.0;6.0;7.0;6.0;7.0;7.0;7.0;7.0;7.0;7.0;7.0;7.0;7.0;7.0;7.0;8.0,700.0;983.3333333333333;942.1052631578948;976.4705882352939;1003.0864197530864;1010.0;762.686567164179;634.0136054421769;630.1204819277111;652.317880794702;692.0187793427231;745.098039215686;809.3275488069416;834.3434343434342;871.4285714285711;918.4290030211482;878.5932721712543;856.9444444444448;848.6010362694301;850.5315822388993;860.7540702656383;919.9036918138045;940.1335311572702;1009.8176718092568;1083.776595744681;1161.9469026548672;1195.0207468879667;1282.539682539682;1322.3172905525853;1418.8078108941409;1519.337289812067;1623.8957737527799;1673.1762573629348;1786.4154250657311;1780.5246532069777;1723.1595092024536;1733.030523255814;1691.9109293342426;1713.6171595710102;1684.6625766871166;1715.7652361356086;1750.0;1787.194791101465;1827.2030651341001;1869.8992443324942;1915.1750972762638;1962.9368437548974;2013.1028207461313;2065.601586602028;2120.3703703703704;2177.353795105764;2297.2312703583057
26,26.0;20.0;21.0;20.0;18.0;17.0;16.0;16.0;16.0;15.0;16.0;13.0;13.0;13.0;14.0;14.0;12.0;11.0;11.0;11.0;11.0;12.0;12.0;11.0;12.0;12.0;12.0,333.33333333333337;793.3333333333333;1129.4117647058822;1112.5;1118.5897435897436;1115.3846153846155;1204.8076923076924;1343.5897435897436;1400.0;1615.7894736842109;1506.5860215053763;1477.1241830065355;1492.8571428571427;1624.1830065359482;1769.9115044247783;1745.454545454545;1672.6247987117554;1637.8151260504205;1629.244114002478;1640.0;1732.716049382716;1833.333333333334;1870.5589698566;1988.7603305785124;2113.5831381733024;2244.871794871794
14,23.0;22.0;20.0;19.0;18.0;17.0;12.0;11.0;10.0;10.0;11.0;11.0;11.0;11.0;2.147483647E9,2200.0;1344.4444444444446;1350.0;1369.2307692307693;1364.341085271318;864.4444444444446;685.4166666666665;583.8187702265373;547.3880597014925;581.25;628.8530465949823;687.7358490566039;756.5126050420167;998600.0
4,26.0;20.0;21.0;21.0;22.0,333.33333333333337;793.3333333333333;1421.4285714285716;2942.8571428571427
4,26.0;20.0;21.0;21.0;21.0,333.33333333333337;793.3333333333333;1421.4285714285716;2222.2222222222226
1,23.0;22.0,2200.0
1,21.0;22.0,999900.0
1,2.147483647E9;2.147483647E9,999900.0
1,2.147483647E9;2.147483647E9,999900.0
1,20.0;21.0,999900.0
1,2.147483647E9;2.147483647E9,999900.0
