numPlayed,heuristicList,remainingTime
1,24.0;18.0,300.0
1,24.0;19.0,380.0
1,24.0;24.0,999900.0
1,24.0;17.0,242.85714285714283
1,24.0;19.0,380.0
1,24.0;16.0,200.0
1,24.0;18.0,300.0
1,24.0;19.0,380.0
1,24.0;19.0,380.0
1,23.0;2.147483647E9,999900.0
0,24.0,
