numPlayed,heuristicList,remainingTime
64,13.0;12.0;11.0;11.0;10.0;9.0;9.0;9.0;9.0;9.0;9.0;9.0;9.0;9.0;8.0;8.0;8.0;8.0;8.0;8.0;8.0;8.0;8.0;8.0;8.0;8.0;8.0;8.0;8.0;8.0;8.0;8.0;8.0;8.0;8.0;8.0;8.0;8.0;8.0;8.0;8.0;8.0;8.0;8.0;8.0;8.0;8.0;8.0;8.0;8.0;8.0;5.0;4.0;4.0;4.0;4.0;4.0;4.0;4.0;4.0;4.0;3.0;3.0;1.0;1.0,120.0;110.0;152.85714285714286;142.85714285714286;123.07692307692307;127.89473684210529;141.4;160.0;182.4324324324324;208.13953488372096;236.83673469387753;268.3636363636364;302.6229508196722;298.28828828828824;301.14942528735634;308.80000000000007;319.9410029498525;333.80952380952385;349.92805755395693;367.9824561403508;387.75757575757564;409.10112359550567;431.9022687609074;456.07843137254895;481.56682027649777;508.31884057971024;536.2962962962964;565.4687499999998;595.8116480793061;627.304964539007;659.9322033898304;693.6796536796536;728.5358255451715;764.4910179640717;801.5369836695481;839.6666666666665;878.8739946380695;919.153713298791;960.5012531328323;1002.9126213592233;1046.3843137254903;1090.9132420091325;1136.49667405765;1183.1321839080463;1230.8176100628934;1279.5510204081631;1329.3306825712389;1380.1550387596897;1432.0226843100186;1484.9323493234936;1310.8709422011082;1127.7108433734934;993.9420289855072;892.0858895705519;812.0484682213075;747.5930521091811;694.658361645904;650.4861111111111;613.1372549019607;581.208856971873;537.4848651623554;500.2428256070641;442.2859116022098;394.05291894162133
7,15.0;14.0;14.0;14.0;14.0;14.0;14.0;14.0,140.0;276.6666666666667;460.0;690.0;966.6666666666667;1290.0;1660.0
7,15.0;14.0;14.0;14.0;14.0;14.0;14.0;14.0,140.0;276.6666666666667;460.0;690.0;966.6666666666667;1290.0;1660.0
1,14.0;14.0,999990.0
1,14.0;14.0,999990.0
1,14.0;14.0,999990.0
1,14.0;14.0,999990.0
1,14.0;14.0,999990.0
