numPlayed,heuristicList,remainingTime
22,16.0;15.0;14.0;13.0;11.0;10.0;9.0;8.0;7.0;6.0;6.0;6.0;6.0;6.0;6.0;6.0;6.0;6.0;6.0;4.0;4.0;4.0;2.147483647E9,150.0;140.0;130.0;95.0;82.1705426356589;73.52941176470588;65.79999999999998;58.0952380952381;50.15873015873015;46.63865546218486;45.48199767711964;45.83333333333334;47.27272727272725;49.56989247311827;52.58799171842651;56.240601503759365;60.47045324153754;65.23809523809527;59.88842398884239;55.970149253731336;53.10886644219977;999780.0
1,16.0;16.0,999990.0
1,16.0;16.0,999990.0
1,16.0;16.0,999990.0
1,16.0;15.0,150.0
1,16.0;16.0,999990.0
1,16.0;16.0,999990.0
1,16.0;16.0,999990.0
