numPlayed,heuristicList,remainingTime
14,6.0;4.0;2.0;2.0;2.0;2.0;1.0;1.0;1.0;1.0;1.0;1.0;1.0;1.0;2.147483647E9,200.0;100.0;99.99999999999994;120.0;153.84615384615392;100.0;70.0;51.612903225806576;40.54054054054063;34.883720930232585;33.673469387755176;36.36363636363626;42.62295081967204;998600.0
3,2.0;1.0;1.0;1.0,100.0;166.66666666666663;266.66666666666663
3,4.0;2.0;2.0;2.0,100.0;166.66666666666663;266.66666666666663
1,2.0;2.0,999900.0
1,1.0;1.0,999900.0
1,1.0;1.0,999900.0
1,1.0;1.0,999900.0
1,1.0;1.0,999900.0
