numPlayed,heuristicList,remainingTime
15,5.0;3.0;2.0;2.0;2.0;2.0;2.0;2.0;2.0;1.0;1.0;1.0;1.0;1.0;1.0;2.147483647E9,150.0;122.22222222222229;150.0;200.0;268.5185185185185;354.5454545454545;457.6923076923076;577.7777777777778;432.5581395348836;357.1428571428569;313.52657004830917;287.80487804878044;273.68421052631584;267.9012345679014;998500.0
3,3.0;2.0;2.0;2.0,200.0;366.66666666666663;600.0
1,1.0;1.0,999900.0
1,1.0;1.0,999900.0
1,1.0;1.0,999900.0
1,2.0;2.0,999900.0
1,2.0;2.0,999900.0
1,1.0;1.0,999900.0
1,1.0;1.0,999900.0
1,2.0;2.0,999900.0
1,1.0;1.0,999900.0
