numPlayed,heuristicList,remainingTime
5,15.0;14.0;12.0;12.0;10.0;2.147483647E9,140.0;81.11111111111111;105.45454545454547;85.0;999950.0
2,18.0;16.0;16.0,80.0;156.66666666666666
2,18.0;16.0;16.0,80.0;156.66666666666666
2,13.0;12.0;12.0,120.0;236.66666666666669
1,21.0;20.0,200.0
1,20.0;19.0,190.0
1,16.0;16.0,999990.0
1,16.0;16.0,999990.0
1,16.0;16.0,999990.0
1,12.0;12.0,999990.0
1,16.0;16.0,999990.0
