numPlayed,heuristicList,remainingTime
6,14.0;12.0;12.0;11.0;7.0;0.0;2.0,60.0;116.66666666666666;121.11111111111111;54.66666666666667;12.984496124031011;5.692307692307693
1,18.0;18.0,999990.0
1,21.0;20.0,200.0
1,16.0;16.0,999990.0
1,18.0;18.0,999990.0
1,16.0;16.0,999990.0
1,12.0;12.0,999990.0
1,14.0;14.0,999990.0
1,16.0;16.0,999990.0
1,16.0;15.0,150.0
1,18.0;18.0,999990.0
