numPlayed,heuristicList,remainingTime
6,16.0;14.0;13.0;12.0;11.0;9.0;2.147483647E9,70.0;85.55555555555556;90.76923076923076;90.0;72.22222222222223;999940.0
2,14.0;12.0;12.0,60.0;116.66666666666666
1,16.0;16.0,999990.0
1,16.0;16.0,999990.0
1,19.0;19.0,999990.0
1,12.0;11.0,110.0
1,18.0;18.0,999990.0
1,18.0;18.0,999990.0
