numPlayed,heuristicList,remainingTime
8,19.0;16.0;15.0;11.0;11.0;11.0;11.0;11.0;2.147483647E9,53.333333333333336;73.33333333333333;46.0;48.571428571428584;57.06214689265536;68.94736842105263;83.5483870967742;999920.0
1,17.0;16.0,160.0
1,19.0;18.0,180.0
1,12.0;12.0,999990.0
1,18.0;18.0,999990.0
1,20.0;19.0,190.0
1,16.0;16.0,999990.0
1,16.0;16.0,999990.0
1,12.0;12.0,999990.0
1,19.0;19.0,999990.0
1,16.0;16.0,999990.0
