numPlayed,heuristicList,remainingTime
74,48.0;47.0;46.0;45.0;44.0;43.0;42.0;42.0;42.0;42.0;42.0;42.0;42.0;42.0;42.0;42.0;42.0;42.0;42.0;41.0;40.0;39.0;39.0;39.0;39.0;39.0;39.0;38.0;38.0;38.0;38.0;38.0;38.0;38.0;38.0;38.0;39.0;38.0;38.0;38.0;38.0;38.0;38.0;38.0;39.0;38.0;38.0;37.0;36.0;35.0;35.0;35.0;35.0;35.0;35.0;34.0;34.0;34.0;34.0;34.0;34.0;34.0;34.0;34.0;35.0;35.0;34.0;34.0;34.0;34.0;35.0;35.0;34.0;34.0;2.147483647E9,470.0;460.0;450.0;440.0;430.0;420.0;451.81818181818187;502.8571428571429;566.470588235294;640.0;722.1739130434783;812.3076923076919;910.0;1014.9999999999998;1127.1428571428573;1246.3157894736842;1372.4390243902435;1505.4545454545446;1548.3908045977012;1517.6470588235295;1440.7975460122698;1399.8947368421054;1382.1198156682028;1380.3278688524588;1390.2214022140222;1409.0604026845638;1391.4071856287424;1386.126126126126;1390.2380952380956;1401.734539969834;1419.2119944211995;1441.6601815823608;1468.3333333333337;1498.6689419795216;1532.234726688103;1602.3529411764705;1639.6042989741081;1679.4495980210268;1721.682119205298;1766.133108677337;1812.6634447576857;1861.1574074074078;1911.517956312477;1999.6191853458663;2052.277468706536;2106.664434025452;2125.6421677802523;2112.4492234169647;2072.2293170460853;2041.4073305670809;2018.3260340632605;2001.7140238313482;1990.5796159953807;1984.1379310344828;1956.7940552016985;1935.6211293260471;1919.6913260907045;1908.2645710543552;1900.7433380084149;1896.639904846863;1895.5522388059703;1897.1459694989107;1901.1407291258333;1926.2395543175485;1952.4213025502477;1960.7168204400286;1970.7860810039929;1982.4842074335243;1995.6855225311601;2028.3132530120483;2061.7026378896885;2077.5957572186207;2094.7070033349214;999260.0
1,48.0;48.0,999990.0
1,48.0;48.0,999990.0
1,48.0;48.0,999990.0
1,48.0;48.0,999990.0
1,48.0;48.0,999990.0
1,48.0;48.0,999990.0
1,48.0;48.0,999990.0
