numPlayed,heuristicList,remainingTime
33,21.0;16.0;16.0;16.0;16.0;16.0;16.0;17.0;17.0;16.0;15.0;13.0;13.0;13.0;13.0;13.0;13.0;13.0;13.0;13.0;13.0;13.0;13.0;13.0;13.0;11.0;12.0;12.0;11.0;11.0;10.0;8.0;6.0;2.147483647E9,320.0;606.6666666666666;1000.0;1500.0;2106.6666666666665;2820.0000000000005;4675.0;7343.589743589744;7899.999999999998;6780.000000000001;4671.91011235955;3950.0;3650.8982035928148;3540.7766990291266;3534.6938775510207;3594.366197183098;3700.0;3840.3314917127072;4008.4788029925166;4199.999999999999;4411.899791231734;4642.084942084942;4889.048473967684;5151.677852348995;4908.759124087592;4977.54010695187;5070.406905055486;4963.636363636363;4902.450486740516;4690.305206463195;4220.971472629144;3626.252158894644;996700.0
13,23.0;20.0;15.0;16.0;16.0;16.0;16.0;16.0;17.0;17.0;17.0;17.0;17.0;17.0,666.6666666666667;383.33333333333326;561.5384615384615;800.0000000000002;1094.2028985507245;1442.8571428571431;1845.4545454545455;2639.215686274509;3604.2857142857138;4750.000000000001;6084.684684684685;7615.789473684208;9349.999999999998
1,16.0;16.0,999900.0
1,16.0;16.0,999900.0
1,16.0;16.0,999900.0
1,16.0;16.0,999900.0
1,16.0;16.0,999900.0
1,16.0;16.0,999900.0
