numPlayed,heuristicList,remainingTime
36,23.0;16.0;16.0;16.0;16.0;16.0;17.0;17.0;17.0;16.0;15.0;13.0;13.0;13.0;13.0;13.0;13.0;13.0;13.0;13.0;13.0;13.0;13.0;13.0;13.0;13.0;13.0;13.0;12.0;12.0;12.0;11.0;10.0;8.0;6.0;3.0;1.0,228.57142857142856;423.80952380952374;695.2380952380951;1042.857142857143;1466.6666666666667;2366.6666666666665;3537.8378378378384;5003.508771929824;5393.75;4941.176470588235;3740.0;3286.8421052631575;3102.577319587629;3049.152542372881;3071.9424460431655;3144.999999999999;3254.419889502763;3392.079207920792;3552.9147982062777;3733.6065573770493;3931.8867924528295;4146.153846153846;4375.2442996742675;4618.29268292683;4874.64183381089;5143.783783783785;5425.319693094629;5468.544600938967;5537.888647866956;5629.032258064515;5516.4684354986275;5248.069603045133;4712.631578947368;4051.0638297872338;3269.3798449612395;2572.727272727273
6,20.0;16.0;15.0;16.0;16.0;17.0;17.0,400.0;580.0;1138.4615384615386;1875.0000000000005;3916.666666666667;7499.999999999998
2,16.0;15.0;16.0,1500.0;999800.0
1,16.0;16.0,999900.0
1,16.0;16.0,999900.0
1,16.0;16.0,999900.0
1,16.0;16.0,999900.0
1,16.0;16.0,999900.0
1,16.0;16.0,999900.0
1,16.0;16.0,999900.0
1,16.0;16.0,999900.0
