numPlayed,heuristicList,remainingTime
16,23.0;16.0;16.0;16.0;16.0;16.0;16.0;15.0;16.0;16.0;17.0;17.0;15.0;13.0;13.0;13.0;2.147483647E9,228.57142857142856;423.80952380952374;695.2380952380951;1042.857142857143;1466.6666666666667;1966.666666666667;2162.4999999999995;2825.8064516129034;3577.941176470589;5218.75;7394.444444444445;6925.0;5230.952380952382;4531.007751937984;4201.834862385322;998400.0
10,20.0;16.0;16.0;16.0;16.0;16.0;16.0;16.0;16.0;16.0;17.0,400.0;766.6666666666666;1266.6666666666667;1900.0;2666.6666666666665;3566.666666666667;4600.0;5766.666666666666;7066.666666666665;11566.666666666668
9,20.0;16.0;16.0;16.0;16.0;16.0;15.0;16.0;17.0;17.0,400.0;766.6666666666666;1266.6666666666667;1900.0;2666.6666666666665;2766.6666666666665;3818.181818181818;6647.619047619047;11386.956521739132
8,20.0;16.0;16.0;16.0;16.0;16.0;16.0;16.0;17.0,400.0;766.6666666666666;1266.6666666666667;1900.0;2666.6666666666665;3566.666666666667;4600.0;7877.777777777779
7,19.0;15.0;16.0;16.0;16.0;16.0;16.0;16.0,375.0;1011.1111111111113;1912.5;3080.0000000000005;4513.888888888889;6214.285714285715;8181.25
1,16.0;16.0,999900.0
1,16.0;16.0,999900.0
1,16.0;16.0,999900.0
1,16.0;16.0,999900.0
1,16.0;16.0,999900.0
1,16.0;16.0,999900.0
