numPlayed,heuristicList,remainingTime
9,8.0;5.0;5.0;5.0;5.0;5.0;5.0;5.0;5.0;5.0,16.666666666666668;30.0;48.888888888888886;73.33333333333331;103.33333333333331;138.8888888888889;180.0;226.66666666666663;278.88888888888874
5,6.0;5.0;5.0;5.0;5.0;5.0,50.0;96.66666666666666;160.0;240.0;336.6666666666667
5,6.0;5.0;5.0;5.0;5.0;5.0,50.0;96.66666666666666;160.0;240.0;336.6666666666667
5,6.0;5.0;5.0;5.0;5.0;2.147483647E9,50.0;96.66666666666666;160.0;240.0;999950.0
5,6.0;5.0;5.0;5.0;5.0;5.0,50.0;96.66666666666666;160.0;240.0;336.6666666666667
5,6.0;5.0;5.0;5.0;5.0;5.0,50.0;96.66666666666666;160.0;240.0;336.6666666666667
5,6.0;5.0;5.0;5.0;5.0;5.0,50.0;96.66666666666666;160.0;240.0;336.6666666666667
1,5.0;5.0,999990.0
