numPlayed,heuristicList,remainingTime
38,7.0;5.0;5.0;5.0;5.0;5.0;5.0;5.0;5.0;5.0;4.0;4.0;4.0;4.0;3.0;3.0;3.0;3.0;3.0;3.0;3.0;3.0;3.0;3.0;3.0;3.0;3.0;3.0;3.0;3.0;3.0;3.0;3.0;3.0;2.0;2.0;2.0;2.0;2.147483647E9,250.0;466.66666666666663;766.6666666666667;1150.0;1616.6666666666665;2166.6666666666665;2799.9999999999995;3516.666666666667;4316.666666666668;3233.333333333333;2854.7619047619046;2718.5185185185187;2698.4848484848476;2181.159420289855;1915.2542372881358;1766.6666666666665;1683.333333333334;1640.816326530612;1626.126126126126;1631.7204301075267;1652.9197080291974;1686.6666666666665;1730.8793456032718;1784.090909090909;1845.2380952380954;1913.531353135314;1988.3720930232557;2069.2982456140344;2155.947441217151;2248.0314960629903;2345.318352059926;2447.6190476190477;2554.7781569965873;2405.2631578947376;2285.410764872521;2188.511749347259;2109.806295399516;996200.0
11,3.0;2.0;2.0;2.0;2.0;2.0;2.0;2.0;2.0;2.0;2.0;2.0,200.0;366.66666666666663;600.0;900.0;1266.6666666666665;1700.0;2199.9999999999995;2766.666666666667;3400.000000000001;4099.999999999999;4866.666666666667
9,7.0;5.0;5.0;5.0;5.0;5.0;5.0;5.0;5.0;5.0,250.0;466.66666666666663;766.6666666666667;1150.0;1616.6666666666665;2166.6666666666665;2799.9999999999995;3516.666666666667;4316.666666666668
1,3.0;3.0,999900.0
1,5.0;5.0,999900.0
1,3.0;3.0,999900.0
1,3.0;3.0,999900.0
1,3.0;3.0,999900.0
1,5.0;5.0,999900.0
1,3.0;3.0,999900.0
1,5.0;5.0,999900.0
