numPlayed,heuristicList,remainingTime
32,4.0;3.0;3.0;3.0;3.0;3.0;3.0;3.0;3.0;3.0;3.0;3.0;3.0;3.0;3.0;3.0;3.0;3.0;3.0;3.0;3.0;3.0;3.0;3.0;3.0;3.0;3.0;3.0;3.0;3.0;3.0;3.0;3.0,300.0;566.6666666666666;933.3333333333333;1400.0;1966.6666666666665;2633.3333333333335;3400.0;4266.666666666667;5233.333333333335;6299.999999999999;7466.666666666668;8733.333333333334;10099.999999999998;11566.666666666666;13133.333333333334;14800.0;16566.666666666664;18433.333333333336;20399.999999999996;22466.666666666664;24633.333333333332;26900.0;29266.666666666664;31733.333333333336;34300.0;36966.66666666667;39733.333333333336;42600.0;45566.666666666664;48633.333333333336;51800.0;55066.666666666664
25,6.0;5.0;5.0;5.0;5.0;5.0;5.0;5.0;5.0;5.0;5.0;5.0;5.0;5.0;5.0;5.0;5.0;5.0;5.0;5.0;5.0;5.0;5.0;5.0;5.0;2.147483647E9,500.0;966.6666666666665;1600.0;2400.0;3366.6666666666665;4500.0;5800.0;7266.666666666666;8899.999999999998;10700.0;12666.666666666666;14800.0;17100.0;19566.666666666668;22199.999999999996;25000.0;27966.666666666668;31099.999999999993;34400.0;37866.666666666664;41500.00000000001;45300.0;49266.66666666667;53400.0;997500.0
1,4.0;4.0,999900.0
1,3.0;3.0,999900.0
1,5.0;5.0,999900.0
1,3.0;3.0,999900.0
1,4.0;4.0,999900.0
1,3.0;3.0,999900.0
1,3.0;3.0,999900.0
1,3.0;3.0,999900.0
1,5.0;5.0,999900.0
