numPlayed,heuristicList,remainingTime
3,11.0;8.0;7.0;2.147483647E9,266.6666666666667;333.33333333333326;999700.0
2,12.0;9.0;9.0,300.0;566.6666666666667
1,14.0;13.0,1300.0
1,14.0;13.0,1300.0
1,13.0;13.0,999900.0
1,14.0;13.0,1300.0
1,14.0;13.0,1300.0
1,13.0;13.0,999900.0
