numPlayed,heuristicList,remainingTime
8,13.0;9.0;6.0;5.0;4.0;3.0;3.0;3.0;2.147483647E9,225.0;166.66666666666663;155.5555555555556;136.36363636363637;103.53535353535358;90.90909090909088;89.09090909090901;999200.0
2,13.0;9.0;9.0,225.0;416.66666666666663
1,13.0;12.0,1200.0
1,14.0;13.0,1300.0
1,14.0;12.0,600.0
1,14.0;12.0,600.0
1,13.0;13.0,999900.0
1,14.0;12.0,600.0
1,14.0;13.0,1300.0
1,13.0;12.0,1200.0
1,12.0;9.0,300.0
