numPlayed,heuristicList,remainingTime
38,23.0;18.0;16.0;13.0;12.0;11.0;10.0;9.0;8.0;7.0;6.0;5.0;4.0;4.0;4.0;4.0;4.0;4.0;4.0;4.0;4.0;4.0;3.0;3.0;3.0;3.0;3.0;3.0;3.0;3.0;3.0;3.0;3.0;3.0;3.0;3.0;3.0;3.0;2.147483647E9,36.0;44.28571428571429;39.6875;40.74074074074072;41.9753086419753;42.28070175438596;41.36363636363636;39.20792079207921;35.907335907335906;31.595092024539866;26.4108910891089;20.485829959514177;16.25;13.086053412462917;10.667539267015712;8.805620608899318;7.3834745762711975;6.324951644100565;5.578291814946624;5.107084019769388;4.884969325153378;2.485875706214699;0.4013961605584768;-1.4146341463414558;-2.9965753424658033;-4.370529327610853;-5.556680161943348;-6.5708812260535865;-7.425757575757586;-8.131487889273387;-8.696369636963652;-9.12723449001055;-9.42975830815709;-9.608695652173878;-9.668059424326884;-9.611260053619219;-9.441214470284251;999620.0
7,23.0;18.0;16.0;13.0;12.0;11.0;10.0;10.0,36.0;44.28571428571429;39.6875;40.74074074074072;41.9753086419753;42.28070175438596;45.71428571428572
7,23.0;18.0;16.0;13.0;12.0;11.0;10.0;10.0,36.0;44.28571428571429;39.6875;40.74074074074072;41.9753086419753;42.28070175438596;45.71428571428572
1,18.0;16.0,80.0
1,18.0;18.0,999990.0
1,21.0;21.0,999990.0
1,21.0;18.0,60.0
1,21.0;18.0,60.0
1,19.0;18.0,180.0
1,22.0;19.0,63.33333333333334
1,21.0;19.0,95.0
