numPlayed,heuristicList,remainingTime
13,21.0;17.0;14.0;12.0;10.0;9.0;8.0;8.0;8.0;8.0;8.0;8.0;8.0;8.0,42.5;39.523809523809526;38.33333333333334;34.814814814814824;33.33333333333333;31.694915254237273;32.941176470588246;35.88652482269505;40.08968609865471;45.34883720930233;51.558589306029575;58.65853658536588;66.61157024793391
12,22.0;19.0;16.0;12.0;10.0;9.0;8.0;7.0;6.0;5.0;4.0;4.0;2.147483647E9,63.33333333333334;53.33333333333334;37.272727272727266;30.967741935483872;28.47222222222223;26.470588235294116;24.098360655737707;21.064425770308134;17.28476821192052;12.765957446808514;9.614814814814792;999880.0
10,23.0;18.0;16.0;13.0;12.0;11.0;10.0;10.0;10.0;10.0;10.0,36.0;44.28571428571429;39.6875;40.74074074074072;41.9753086419753;42.28070175438596;45.71428571428572;51.111111111111114;58.02816901408451;66.260162601626
1,21.0;19.0,95.0
1,21.0;20.0,200.0
1,18.0;16.0,80.0
1,21.0;21.0,999990.0
1,18.0;18.0,999990.0
