numPlayed,heuristicList,remainingTime
38,21.0;19.0;17.0;12.0;11.0;9.0;8.0;7.0;6.0;5.0;5.0;5.0;5.0;5.0;5.0;5.0;5.0;5.0;5.0;5.0;5.0;5.0;5.0;5.0;5.0;5.0;4.0;4.0;4.0;4.0;4.0;4.0;4.0;4.0;4.0;2.0;1.0;0.0;1.0,95.0;85.0;44.482758620689665;39.25925925925925;33.33333333333333;29.692307692307693;26.34831460674158;22.678062678062673;18.461538461538467;15.934065934065913;14.444444444444429;13.684210526315809;13.48837209302323;13.760683760683747;14.441219158200283;15.490716180371379;16.88237688237686;18.597285067873287;20.621707060063244;22.945430637738326;25.560704355885065;28.461538461538453;31.64323132065067;35.10204081632651;38.83495145631065;38.84848484848487;39.171597633136116;39.776674937965254;40.642004306126466;41.75027870680043;43.087533156498694;44.64237516869099;46.405418480890205;48.36886005560706;41.857122322840326;32.05087440381561;19.643636363636347;12.081918986195944
3,21.0;18.0;17.0;17.0,60.0;83.33333333333333;125.38461538461539
3,22.0;19.0;18.0;17.0,63.33333333333334;88.33333333333333;103.75
2,20.0;17.0;17.0,56.66666666666667;110.0
1,22.0;20.0,100.0
1,19.0;18.0,180.0
1,22.0;20.0,100.0
1,21.0;20.0,200.0
1,18.0;18.0,999990.0
1,21.0;19.0,95.0
1,20.0;19.0,190.0
