numPlayed,heuristicList,remainingTime
40,26.0;23.0;19.0;16.0;14.0;13.0;12.0;11.0;10.0;9.0;8.0;7.0;6.0;6.0;6.0;6.0;6.0;6.0;6.0;6.0;6.0;6.0;6.0;6.0;6.0;6.0;6.0;6.0;6.0;6.0;6.0;5.0;4.0;4.0;4.0;4.0;4.0;3.0;2.0;1.0;1.0,766.6666666666667;547.6190476190476;467.6470588235294;432.258064516129;431.57894736842104;434.3283582089555;431.66666666666674;420.51282051282055;400.0;370.2702702702702;331.93832599118946;285.818181818182;255.57275541795684;235.84905660377376;223.7470167064439;217.5588865096363;216.21359223300988;219.00532859680288;225.45008183306072;235.20485584218477;248.01980198019828;263.7086092715231;282.1295143212951;303.1727379553463;326.7519466073413;352.7983104540649;381.2562814070352;412.0805369127511;445.2337305224564;480.684811237928;484.65696465696465;458.0343213728547;435.47557840616946;416.4469118667598;400.5261427162113;387.3749999999991;345.37691401649;277.4104683195592;187.18934153215469;105.363984674329
7,24.0;19.0;17.0;16.0;15.0;14.0;13.0;13.0,380.0;471.42857142857133;580.7692307692307;666.6666666666665;722.2222222222224;748.8888888888891;825.6410256410256
1,26.0;24.0,1200.0
1,25.0;25.0,999900.0
1,25.0;25.0,999900.0
1,25.0;23.0,1150.0
1,25.0;25.0,999900.0
1,24.0;23.0,2300.0
