numPlayed,heuristicList,remainingTime
28,27.0;23.0;21.0;18.0;16.0;15.0;14.0;13.0;12.0;12.0;10.0;9.0;8.0;7.0;6.0;5.0;4.0;3.0;3.0;3.0;3.0;3.0;3.0;3.0;3.0;3.0;3.0;3.0;2.147483647E9,575.0;688.8888888888889;617.2413793103449;577.7777777777777;583.3333333333333;593.3333333333333;596.9325153374232;590.6542056074768;614.7169811320755;577.3809523809523;533.3333333333335;482.8125;426.33279483037154;364.50450450450444;297.94520547945194;227.2373540856031;152.91005291005308;92.67935578330889;42.08469055374576;-1.5649452269174162;-39.98932194340614;-74.33888344760044;-105.41233227800421;-133.78151260504183;-159.86661435857195;-183.9833210694137;-206.37339799099436;997200.0
6,24.0;20.0;17.0;16.0;15.0;14.0;13.0,500.0;480.95238095238085;562.962962962963;636.3636363636363;686.8686868686871;712.7659574468084
6,24.0;20.0;17.0;16.0;15.0;14.0;13.0,500.0;480.95238095238085;562.962962962963;636.3636363636363;686.8686868686871;712.7659574468084
1,26.0;23.0,766.6666666666667
1,26.0;24.0,1200.0
1,26.0;24.0,1200.0
1,24.0;23.0,2300.0
1,25.0;23.0,1150.0
1,24.0;24.0,999900.0
1,25.0;24.0,2400.0
1,24.0;23.0,2300.0
