numPlayed,heuristicList,remainingTime
13,7.0;6.0;5.0;5.0;5.0;4.0;4.0;4.0;4.0;4.0;4.0;4.0;4.0;4.0,60.0;50.0;67.14285714285712;91.99999999999997;78.7037037037037;80.76923076923077;88.52941176470588;99.68253968253973;113.39999999999998;129.31034482758622;147.22222222222223;167.02702702702697;188.65853658536582
9,3.0;2.0;2.0;2.0;2.0;2.0;2.0;1.0;0.0;1.0,20.0;36.666666666666664;60.000000000000014;90.0;126.66666666666666;170.0;85.0;31.1111111111111;30.810810810810807
1,2.0;2.0,999990.0
1,2.0;2.0,999990.0
1,4.0;4.0,999990.0
1,2.0;2.0,999990.0
1,3.0;3.0,999990.0
1,3.0;3.0,999990.0
1,4.0;4.0,999990.0
1,3.0;3.0,999990.0
1,3.0;3.0,999990.0
