numPlayed,heuristicList,remainingTime
18,6.0;5.0;5.0;5.0;4.0;4.0;4.0;4.0;4.0;4.0;4.0;4.0;4.0;4.0;4.0;4.0;4.0;4.0;4.0,50.0;96.66666666666666;160.0;105.0;105.12820512820511;116.66666666666669;133.91304347826085;155.23809523809524;180.0;207.8947368421052;238.75968992248062;272.49999999999994;309.0566037735849;348.3908045977011;390.4761904761906;435.2941176470589;482.8310502283106;533.0769230769229
10,4.0;3.0;3.0;3.0;3.0;3.0;3.0;3.0;3.0;3.0;2.147483647E9,30.0;56.66666666666667;93.33333333333334;140.0;196.66666666666666;263.3333333333333;340.0;426.66666666666663;523.3333333333334;999900.0
8,5.0;4.0;4.0;4.0;4.0;4.0;4.0;4.0;4.0,40.0;76.66666666666666;126.66666666666669;190.00000000000003;266.6666666666667;356.6666666666668;460.0;576.6666666666665
1,3.0;3.0,999990.0
1,5.0;5.0,999990.0
1,4.0;4.0,999990.0
1,3.0;3.0,999990.0
1,3.0;3.0,999990.0
1,2.0;2.0,999990.0
1,4.0;4.0,999990.0
1,3.0;3.0,999990.0
