numPlayed,heuristicList,remainingTime
28,5.0;5.0;4.0;4.0;4.0;4.0;4.0;4.0;4.0;4.0;4.0;4.0;4.0;4.0;4.0;4.0;4.0;4.0;4.0;4.0;4.0;4.0;4.0;4.0;4.0;4.0;4.0;4.0;2.147483647E9,999990.0;83.33333333333333;97.49999999999999;126.66666666666669;164.58333333333331;210.0;262.5;321.9047619047619;388.12500000000006;461.1111111111112;540.8333333333335;627.2727272727273;720.4166666666669;820.2564102564104;926.7857142857142;1039.9999999999998;1159.8958333333333;1286.4705882352941;1419.7222222222222;1559.6491228070163;1706.2500000000002;1859.5238095238096;2019.4696969696965;2186.0869565217395;2359.375;2539.333333333333;2725.961538461538;999720.0
1,4.0;4.0,999990.0
1,4.0;4.0,999990.0
1,2.0;2.0,999990.0
1,4.0;4.0,999990.0
1,3.0;3.0,999990.0
1,3.0;3.0,999990.0
1,3.0;3.0,999990.0
