numPlayed,heuristicList,remainingTime
6,73.0;71.0;70.0;69.0;69.0;69.0;69.0,355.0;465.55555555555554;529.2307692307693;684.0;884.567901234568;1122.9411764705883
6,73.0;72.0;71.0;70.0;70.0;70.0;70.0,720.0;710.0;700.0;870.0;1104.5454545454545;1387.142857142857
6,73.0;72.0;71.0;70.0;70.0;70.0;2.147483647E9,720.0;710.0;700.0;870.0;1104.5454545454545;999940.0
6,73.0;72.0;71.0;70.0;70.0;70.0;70.0,720.0;710.0;700.0;870.0;1104.5454545454545;1387.142857142857
6,73.0;72.0;71.0;70.0;70.0;70.0;70.0,720.0;710.0;700.0;870.0;1104.5454545454545;1387.142857142857
6,73.0;72.0;71.0;70.0;70.0;70.0;70.0,720.0;710.0;700.0;870.0;1104.5454545454545;1387.142857142857
5,73.0;72.0;71.0;70.0;70.0;70.0,720.0;710.0;700.0;870.0;1104.5454545454545
5,73.0;72.0;71.0;70.0;70.0;70.0,720.0;710.0;700.0;870.0;1104.5454545454545
