numPlayed,heuristicList,remainingTime
17,20.0;17.0;15.0;13.0;11.0;10.0;9.0;8.0;8.0;8.0;8.0;8.0;8.0;8.0;8.0;8.0;8.0;8.0,56.66666666666667;59.33333333333333;55.65217391304347;49.09090909090909;46.66666666666667;44.50980392156863;41.70212765957447;42.222222222222214;44.65753424657535;48.44961240310079;53.333333333333314;59.166666666666686;65.86666666666667;73.38164251207729;81.67770419426049;90.73170731707322;100.52730696798494
17,19.0;17.0;15.0;13.0;11.0;10.0;9.0;8.0;8.0;8.0;8.0;8.0;8.0;8.0;8.0;8.0;8.0;8.0,85.0;75.0;65.0;55.0;51.282051282051285;48.33333333333334;44.92537313432835;45.27131782945736;47.71428571428572;51.61290322580646;56.66666666666663;62.71604938271602;69.66850828729281;77.46666666666667;86.07305936073061;95.46218487394958;105.61608300907909
5,21.0;18.0;17.0;16.0;14.0;2.147483647E9,60.0;83.33333333333333;97.49999999999999;87.49999999999999;999950.0
5,21.0;18.0;16.0;15.0;15.0;15.0,60.0;63.33333333333333;72.5;93.33333333333334;120.83333333333334
2,20.0;18.0;17.0,90.0;112.22222222222223
2,20.0;18.0;17.0,90.0;112.22222222222223
1,20.0;19.0,190.0
1,17.0;16.0,160.0
