numPlayed,heuristicList,remainingTime
21,7.0;6.0;5.0;5.0;5.0;5.0;5.0;4.0;3.0;3.0;3.0;3.0;3.0;2.0;1.0;1.0;1.0;1.0;1.0;1.0;0.0;1.0,60.0;50.0;67.14285714285712;91.99999999999997;123.07692307692307;160.0;134.61538461538464;96.36363636363637;82.74193548387095;77.50000000000003;76.32653061224491;77.58620689655177;65.44217687074831;46.66666666666666;34.388185654008424;25.531914893617028;18.71559633027522;13.225806451612897;8.657074340527572;-1.1065006915629567;-3.9923954372623314
20,7.0;6.0;5.0;5.0;4.0;3.0;3.0;3.0;3.0;3.0;3.0;3.0;3.0;3.0;3.0;3.0;3.0;3.0;3.0;3.0;3.0,60.0;50.0;67.14285714285712;57.14285714285714;42.30769230769231;39.47368421052633;40.599999999999994;43.87096774193547;48.648648648648674;54.65116279069767;61.734693877551024;69.81818181818181;78.85245901639345;88.80597014925374;99.65753424657535;111.39240506329116;124.0;137.47252747252747;151.8041237113402;166.99029126213588
16,6.0;5.0;5.0;4.0;3.0;3.0;3.0;3.0;3.0;3.0;3.0;3.0;3.0;3.0;3.0;3.0;3.0,50.0;96.66666666666666;68.33333333333334;45.71428571428571;43.93939393939394;47.33333333333334;53.421052631578945;61.44927536231887;71.11111111111109;82.25806451612902;94.8095238095238;108.71794871794873;123.95348837209306;140.49645390070918;158.33333333333337;177.45454545454544
7,7.0;6.0;6.0;5.0;5.0;5.0;5.0;5.0,60.0;116.66666666666666;85.00000000000001;96.0;116.66666666666666;143.33333333333334;175.0
6,7.0;6.0;5.0;5.0;5.0;5.0;5.0,60.0;50.0;67.14285714285712;91.99999999999997;123.07692307692307;160.0
3,6.0;5.0;5.0;5.0,50.0;96.66666666666666;160.0
1,5.0;5.0,999990.0
1,6.0;6.0,999990.0
