numPlayed,heuristicList,remainingTime
25,18.0;14.0;11.0;10.0;9.0;8.0;6.0;5.0;4.0;4.0;4.0;4.0;4.0;4.0;4.0;4.0;4.0;4.0;4.0;4.0;4.0;4.0;4.0;4.0;4.0;4.0,35.0;30.952380952380963;34.074074074074076;36.36363636363636;36.86868686868685;30.799999999999997;25.319148936170222;19.649122807017548;16.443514644351467;14.583333333333329;13.600395647873398;13.264248704663203;13.448275862068954;14.0771349862259;15.103189493433405;16.49484536082474;18.23032223983097;20.29411764705884;22.67489711934158;25.36418166238215;28.35550181378477;31.643835616438338;35.2252252252253;39.096509240246405;43.25513196480938
5,20.0;16.0;11.0;10.0;9.0;2.147483647E9,40.0;24.81481481481481;25.714285714285715;27.14285714285714;999950.0
3,17.0;12.0;11.0;10.0,24.0;34.44444444444446;41.81818181818183
1,14.0;13.0,130.0
1,15.0;12.0,40.0
1,11.0;10.0,100.0
1,14.0;13.0,130.0
1,16.0;14.0,70.0
