numPlayed,heuristicList,remainingTime
1,7.0;7.0,999900.0
1,8.0;8.0,999900.0
1,7.0;6.0,600.0
1,8.0;8.0,999900.0
1,11.0;8.0,266.6666666666667
1,8.0;8.0,999900.0
1,8.0;8.0,999900.0
1,7.0;7.0,999900.0
1,5.0;2.147483647E9,999900.0
0,8.0,
0,8.0,
