numPlayed,heuristicList,remainingTime
38,17.0;15.0;13.0;14.0;14.0;15.0;15.0;14.0;13.0;13.0;13.0;13.0;13.0;13.0;13.0;13.0;13.0;14.0;14.0;14.0;14.0;12.0;13.0;11.0;11.0;11.0;11.0;10.0;10.0;10.0;10.0;11.0;9.0;9.0;10.0;9.0;7.0;7.0;2.147483647E9,750.0;650.0;1190.9090909090908;1885.7142857142858;4027.7777777777783;7940.000000000002;7840.0;5790.47619047619;5304.878048780488;5277.777777777777;5461.691542288557;5770.0;6164.516129032258;6625.786163522012;7142.857142857143;7709.09090909091;9580.208333333338;11777.419354838708;14345.0;17333.333333333332;14736.363636363632;15205.882352941175;12316.23563218391;10721.088435374151;9747.191011235955;9120.733652312598;8147.92899408284;7502.6845637583865;7058.7834549878335;6748.062015503874;6852.0432692307695;6364.220824598184;6007.063197026022;5976.288659793814;5746.309246309245;5184.615384615385;4761.240310077521;996200.0
6,14.0;12.0;13.0;13.0;12.0;13.0;13.0,600.0;2500.0;6350.0;4066.666666666667;8733.333333333334;17699.999999999993
5,15.0;13.0;14.0;14.0;14.0;14.0,650.0;2700.0;6850.0;13799.999999999998;24249.999999999996
4,15.0;13.0;14.0;14.0;15.0,650.0;2700.0;6850.0;999600.0
3,15.0;14.0;14.0;15.0,1400.0;2766.6666666666665;999700.0
2,14.0;13.0;14.0,1300.0;999800.0
2,14.0;13.0;14.0,1300.0;999800.0
1,15.0;15.0,999900.0
