numPlayed,heuristicList,remainingTime
9,11.0;9.0;8.0;7.0;6.0;4.0;3.0;2.0;1.0;1.0,45.0;52.22222222222223;52.30769230769229;48.33333333333333;33.33333333333333;23.33333333333333;14.528301886792448;5.945945945945951;0.15789473684210975
4,14.0;9.0;8.0;8.0;8.0,18.0;24.44444444444445;36.315789473684205;52.30769230769231
3,11.0;8.0;8.0;8.0,26.66666666666667;50.0;82.22222222222223
3,11.0;8.0;8.0;8.0,26.66666666666667;50.0;82.22222222222223
3,11.0;8.0;8.0;8.0,26.66666666666667;50.0;82.22222222222223
1,10.0;9.0,90.0
1,13.0;11.0,55.0
1,13.0;11.0,55.0
