numPlayed,heuristicList,remainingTime
2,4.0;1.0;1.0,33.33333333333334;33.33333333333334
1,4.0;2.0,100.0
1,4.0;2.0,100.0
1,4.0;3.0,300.0
1,3.0;1.0,50.0
1,3.0;3.0,999900.0
1,4.0;2.0,100.0
1,4.0;2.0,100.0
1,3.0;1.0,50.0
1,3.0;1.0,50.0
1,3.0;1.0,50.0
