numPlayed,heuristicList,remainingTime
2,3.0;1.0;2.147483647E9,50.0;999800.0
1,3.0;1.0,50.0
1,2.0;1.0,100.0
1,3.0;1.0,50.0
1,3.0;1.0,50.0
1,5.0;2.0,66.66666666666669
1,3.0;2.0,200.0
1,4.0;2.0,100.0
