numPlayed,heuristicList,remainingTime
123,10.0;10.0;10.0;10.0;10.0;10.0;10.0;10.0;10.0;10.0;10.0;10.0;10.0;10.0;10.0;10.0;10.0;10.0;10.0;10.0;10.0;10.0;10.0;10.0;10.0;10.0;10.0;10.0;10.0;10.0;10.0;10.0;10.0;10.0;10.0;10.0;10.0;10.0;10.0;10.0;10.0;10.0;10.0;10.0;10.0;10.0;10.0;10.0;10.0;10.0;10.0;10.0;10.0;10.0;10.0;10.0;10.0;10.0;10.0;10.0;10.0;10.0;10.0;10.0;10.0;10.0;10.0;10.0;10.0;10.0;10.0;10.0;10.0;10.0;10.0;10.0;10.0;10.0;10.0;10.0;10.0;10.0;10.0;10.0;10.0;10.0;10.0;10.0;10.0;9.0;8.0;7.0;7.0;7.0;7.0;7.0;7.0;7.0;7.0;7.0;7.0;7.0;7.0;7.0;7.0;7.0;7.0;6.0;6.0;5.0;6.0;6.0;6.0;6.0;6.0;6.0;6.0;6.0;6.0;6.0;6.0;3.0;1.0;1.0,999900.0;999800.0;999700.0;999600.0;999500.0;999400.0;999300.0;999200.0;999100.0;999000.0;998900.0;998800.0;998700.0;998600.0;998500.0;998400.0;998300.0;998200.0;998100.0;998000.0;997900.0;997800.0;997700.0;997600.0;997500.0;997400.0;997300.0;997200.0;997100.0;997000.0;996900.0;996800.0;996700.0;996600.0;996500.0;996400.0;996300.0;996200.0;996100.0;996000.0;995900.0;995800.0;995700.0;995600.0;995500.0;995400.0;995300.0;995200.0;995100.0;995000.0;994900.0;994800.0;994700.0;994600.0;994500.0;994400.0;994300.0;994200.0;994100.0;994000.0;993900.0;993800.0;993700.0;993600.0;993500.0;993400.0;993300.0;993200.0;993100.0;993000.0;992900.0;992800.0;992700.0;992600.0;992500.0;992400.0;992300.0;992200.0;992100.0;992000.0;991900.0;991800.0;991700.0;991600.0;991500.0;991400.0;991300.0;991200.0;991100.0;462537.3134328358;235077.69516728626;159690.59405940594;122110.66790352506;99620.47477744808;84666.25463535228;74015.25423728814;66052.59499536609;59881.71334431632;54964.9369903632;50960.24258760107;47639.684990735026;44845.496009122005;42465.00794070937;40415.61264822135;38635.363594256596;37076.89625108979;34779.489761665;32813.7776113815;30395.813315030893;28986.997635933796;27745.501519756843;26644.278320874066;25661.829423531548;24780.851063829796;23987.258782780802;23269.472025216703;22617.881394296062;22024.4463742944;21482.387706855792;20985.949417904463;19559.198355601235;17762.696103599756;16240.776699029127
1,10.0;10.0,999900.0
1,10.0;10.0,999900.0
1,10.0;10.0,999900.0
1,10.0;10.0,999900.0
1,10.0;10.0,999900.0
1,10.0;10.0,999900.0
1,10.0;10.0,999900.0
