numPlayed,heuristicList,remainingTime
36,7.0;6.0;5.0;5.0;5.0;5.0;4.0;3.0;3.0;3.0;3.0;3.0;3.0;2.0;1.0;1.0;1.0;1.0;1.0;1.0;1.0;1.0;1.0;1.0;1.0;1.0;1.0;1.0;1.0;1.0;1.0;1.0;1.0;1.0;1.0;1.0;1.0,600.0;500.0;671.4285714285713;920.0;1230.769230769231;1045.4545454545453;755.2631578947369;661.7283950617284;634.285714285714;639.5348837209301;665.0326797385621;705.0847457627119;610.204081632653;439.64912280701765;326.1802575107297;243.47826086956502;179.41483803552796;127.6243093922651;84.44444444444457;47.61904761904793;15.682281059062916;-12.359550561797732;-37.203928365107004;-59.35483870967755;-79.18552036199162;-96.97828139754483;-112.95060080106805;-127.27272727272702;-140.0798403193612;-151.48063781321116;-161.5635179153096;-170.40110650069164;-178.05362462760695;-184.57142857142844;-189.99695028972292;-194.36619718309885
12,6.0;5.0;4.0;3.0;3.0;3.0;3.0;3.0;3.0;3.0;3.0;3.0;3.0,500.0;400.0;300.0;325.0000000000001;386.36363636363626;471.42857142857133;576.4705882352941;700.0;841.304347826087;1000.0;1175.8620689655168;1368.7499999999995
6,7.0;6.0;5.0;5.0;5.0;5.0;5.0,600.0;500.0;671.4285714285713;920.0;1230.769230769231;1600.0
5,7.0;6.0;5.0;5.0;5.0;5.0,600.0;500.0;671.4285714285713;920.0;1230.769230769231
3,6.0;5.0;5.0;5.0,500.0;966.6666666666665;1600.0
3,6.0;5.0;5.0;5.0,500.0;966.6666666666665;1600.0
3,6.0;5.0;5.0;5.0,500.0;966.6666666666665;1600.0
3,6.0;5.0;5.0;5.0,500.0;966.6666666666665;1600.0
