numPlayed,heuristicList,remainingTime
4,19.0;17.0;17.0;16.0;16.0,85.0;166.66666666666666;176.66666666666669;222.85714285714283
3,19.0;18.0;17.0;17.0,180.0;170.0;238.57142857142856
2,20.0;19.0;2.147483647E9,190.0;999980.0
2,18.0;17.0;18.0,170.0;999980.0
1,24.0;24.0,999990.0
1,18.0;19.0,999990.0
1,24.0;23.0,230.0
1,19.0;19.0,999990.0
1,19.0;19.0,999990.0
1,21.0;20.0,200.0
1,17.0;17.0,999990.0
