numPlayed,heuristicList,remainingTime
4,19.0;16.0;15.0;15.0;2.147483647E9,53.333333333333336;73.33333333333333;110.0;999960.0
3,23.0;20.0;19.0;19.0,66.66666666666667;93.33333333333333;140.76923076923075
3,24.0;21.0;20.0;19.0,70.0;98.33333333333333;116.25
2,17.0;15.0;16.0,75.0;310.0
2,22.0;20.0;19.0,100.0;125.55555555555554
1,24.0;24.0,999990.0
1,19.0;18.0,180.0
1,24.0;24.0,999990.0
1,16.0;16.0,999990.0
1,18.0;17.0,170.0
1,17.0;16.0,160.0
