numPlayed,heuristicList,remainingTime
8,24.0;22.0;18.0;16.0;16.0;15.0;11.0;5.0;2.0,110.0;61.111111111111114;56.428571428571416;67.27272727272728;74.61538461538461;58.72727272727272;32.690355329949256;15.84415584415585
4,24.0;21.0;19.0;19.0;18.0,70.0;75.33333333333333;107.05882352941177;124.28571428571428
1,19.0;19.0,999990.0
1,20.0;19.0,190.0
1,17.0;17.0,999990.0
1,19.0;19.0,999990.0
1,17.0;17.0,999990.0
1,19.0;19.0,999990.0
1,19.0;19.0,999990.0
1,17.0;17.0,999990.0
1,18.0;19.0,999990.0
