numPlayed,heuristicList,remainingTime
8,24.0;23.0;20.0;18.0;17.0;16.0;15.0;12.0;2.147483647E9,230.0;101.66666666666666;86.19047619047619;87.36842105263158;89.72222222222223;90.9090909090909;76.13138686131387;999920.0
2,17.0;16.0;16.0,160.0;316.66666666666663
2,16.0;15.0;15.0,150.0;296.6666666666667
1,17.0;17.0,999990.0
1,24.0;24.0,999990.0
1,16.0;16.0,999990.0
1,16.0;16.0,999990.0
1,24.0;24.0,999990.0
