numPlayed,heuristicList,remainingTime
9,42.0;32.0;31.0;27.0;28.0;27.0;22.0;15.0;15.0;2.147483647E9,320.0;536.3636363636364;567.3913043478261;769.6969696969697;948.717948717949;845.2054794520548;590.8;500.1883239171375;999100.0
3,42.0;35.0;33.0;33.0,499.9999999999999;714.8148148148148;1082.7586206896551
2,39.0;34.0;34.0,680.0;1326.6666666666665
1,39.0;38.0,3800.0
1,38.0;36.0,1800.0
1,38.0;38.0,999900.0
1,38.0;38.0,999900.0
1,39.0;38.0,3800.0
