numPlayed,heuristicList,remainingTime
8,39.0;36.0;33.0;33.0;31.0;27.0;26.0;26.0;2.147483647E9,1200.0;1100.0;1528.5714285714284;1610.5263157894735;1297.7777777777776;1225.4237288135591;1286.9565217391307;999200.0
2,41.0;38.0;38.0,1266.6666666666667;2500.0
2,41.0;38.0;38.0,1266.6666666666667;2500.0
1,39.0;38.0,3800.0
1,39.0;38.0,3800.0
1,38.0;38.0,999900.0
1,39.0;38.0,3800.0
1,39.0;38.0,3800.0
1,38.0;38.0,999900.0
1,38.0;38.0,999900.0
1,39.0;38.0,3800.0
