numPlayed,heuristicList,remainingTime
9,42.0;30.0;28.0;28.0;27.0;22.0;15.0;13.0;11.0;2.0,250.0;376.19047619047615;577.2727272727274;768.75;697.2477064220184;483.67346938775495;374.7474747474748;295.65217391304327;137.7450980392157
2,39.0;34.0;34.0,680.0;1326.6666666666665
1,41.0;38.0,1266.6666666666667
1,39.0;36.0,1200.0
1,38.0;38.0,999900.0
1,39.0;38.0,3800.0
1,41.0;38.0,1266.6666666666667
1,41.0;38.0,1266.6666666666667
1,38.0;38.0,999900.0
1,38.0;38.0,999900.0
1,38.0;38.0,999900.0
