numPlayed,heuristicList,remainingTime
5,13.0;10.0;8.0;6.0;4.0;2.147483647E9,333.33333333333337;313.33333333333337;252.17391304347825;172.72727272727263;999500.0
3,16.0;11.0;10.0;10.0,220.0;311.11111111111114;468.42105263157896
2,13.0;10.0;9.0,333.33333333333337;433.33333333333326
1,10.0;8.0,400.0
1,11.0;10.0,1000.0
1,14.0;13.0,1300.0
1,13.0;12.0,1200.0
1,14.0;13.0,1300.0
