numPlayed,heuristicList,remainingTime
3,16.0;11.0;10.0;10.0,220.0;311.11111111111114;468.42105263157896
2,15.0;11.0;10.0,275.0;380.0
2,13.0;10.0;2.147483647E9,333.33333333333337;999800.0
1,11.0;10.0,1000.0
1,16.0;15.0,1500.0
1,10.0;10.0,999900.0
1,13.0;10.0,333.33333333333337
1,11.0;10.0,1000.0
1,13.0;10.0,333.33333333333337
1,11.0;10.0,1000.0
1,11.0;10.0,1000.0
