numPlayed,heuristicList,remainingTime
3,14.0;10.0;8.0;2.147483647E9,250.0;255.55555555555554;999700.0
2,14.0;10.0;10.0,250.0;466.66666666666663
2,16.0;11.0;10.0,220.0;311.11111111111114
2,16.0;11.0;10.0,220.0;311.11111111111114
1,15.0;13.0,650.0
1,12.0;10.0,500.0
1,13.0;10.0,333.33333333333337
1,11.0;10.0,1000.0
1,16.0;12.0,300.0
1,13.0;10.0,333.33333333333337
1,16.0;12.0,300.0
