numPlayed,heuristicList,remainingTime
7,12.0;8.0;6.0;4.0;3.0;2.0;1.0;1.0,200.0;188.88888888888886;138.4615384615385;100.00000000000006;54.72636815920396;0.0;-39.200000000000045
2,17.0;11.0;10.0,183.33333333333337;261.90476190476187
1,11.0;10.0,1000.0
1,11.0;10.0,1000.0
1,15.0;12.0,400.0
1,11.0;10.0,1000.0
1,14.0;10.0,250.0
1,13.0;10.0,333.33333333333337
1,13.0;10.0,333.33333333333337
1,15.0;12.0,400.0
1,12.0;10.0,500.0
