numPlayed,heuristicList,remainingTime
4,14.0;11.0;9.0;9.0;8.0,366.6666666666667;353.33333333333337;482.3529411764706;528.5714285714286
4,8.0;5.0;5.0;5.0;5.0,166.66666666666669;300.0;488.8888888888889;733.3333333333333
2,11.0;9.0;9.0,450.0;866.6666666666665
2,6.0;5.0;2.147483647E9,500.0;999800.0
1,6.0;6.0,999900.0
1,13.0;11.0,550.0
1,9.0;9.0,999900.0
1,9.0;9.0,999900.0
1,8.0;8.0,999900.0
1,12.0;11.0,1100.0
1,8.0;8.0,999900.0
