numPlayed,heuristicList,remainingTime
6,14.0;13.0;11.0;9.0;9.0;9.0;2.147483647E9,1300.0;744.4444444444445;541.1764705882352;600.0;722.2222222222222;999400.0
3,6.0;5.0;5.0;5.0,500.0;966.6666666666665;1600.0
2,9.0;8.0;8.0,800.0;1566.6666666666667
2,9.0;8.0;8.0,800.0;1566.6666666666667
2,9.0;8.0;8.0,800.0;1566.6666666666667
2,9.0;8.0;8.0,800.0;1566.6666666666667
1,5.0;5.0,999900.0
1,8.0;8.0,999900.0
