numPlayed,heuristicList,remainingTime
6,7.0;5.0;5.0;5.0;5.0;2.0;1.0,250.0;466.66666666666663;766.6666666666667;1150.0;426.66666666666663;200.0
3,6.0;5.0;5.0;5.0,500.0;966.6666666666665;1600.0
2,9.0;8.0;8.0,800.0;1566.6666666666667
2,9.0;8.0;8.0,800.0;1566.6666666666667
1,9.0;9.0,999900.0
1,5.0;5.0,999900.0
1,8.0;8.0,999900.0
1,8.0;8.0,999900.0
1,8.0;8.0,999900.0
1,8.0;8.0,999900.0
1,5.0;5.0,999900.0
