numPlayed,heuristicList,remainingTime
7,9.0;6.0;5.0;5.0;5.0;5.0;5.0;2.147483647E9,200.0;233.33333333333337;330.7692307692307;466.66666666666674;637.6811594202898;842.8571428571429;999300.0
3,9.0;7.0;7.0;7.0,350.0;666.6666666666667;1100.0
2,6.0;5.0;5.0,500.0;966.6666666666665
2,6.0;5.0;5.0,500.0;966.6666666666665
1,8.0;8.0,999900.0
1,9.0;9.0,999900.0
1,10.0;9.0,900.0
1,8.0;8.0,999900.0
1,11.0;11.0,999900.0
1,8.0;8.0,999900.0
1,5.0;5.0,999900.0
