numPlayed,heuristicList,remainingTime
11,14.0;12.0;11.0;11.0;11.0;8.0;6.0;5.0;4.0;4.0;4.0;2.147483647E9,600.0;722.2222222222223;1050.0;1485.7142857142858;934.3434343434344;612.5;452.9411764705883;338.7387387387387;281.443298969072;250.0;998900.0
5,14.0;12.0;11.0;11.0;11.0;11.0,600.0;722.2222222222223;1050.0;1485.7142857142858;2018.5185185185187
5,14.0;13.0;12.0;11.0;11.0;11.0,1300.0;1200.0;1100.0;1324.9999999999998;1659.090909090909
2,12.0;11.0;11.0,1100.0;2166.6666666666665
2,12.0;11.0;11.0,1100.0;2166.6666666666665
1,11.0;11.0,999900.0
1,11.0;11.0,999900.0
1,11.0;11.0,999900.0
