numPlayed,heuristicList,remainingTime
16,14.0;12.0;11.0;10.0;8.0;6.0;5.0;4.0;4.0;4.0;4.0;4.0;4.0;4.0;2.0;1.0;1.0,600.0;722.2222222222223;753.8461538461538;585.7142857142858;421.3836477987421;328.57142857142867;252.45901639344254;216.66666666666663;200.0;194.91525423728808;198.05352798053536;207.69230769230762;222.8571428571429;161.53846153846166;79.47686116700197;13.840830449826854
3,14.0;12.0;11.0;11.0,600.0;722.2222222222223;1050.0
1,12.0;11.0,1100.0
1,13.0;12.0,1200.0
1,11.0;11.0,999900.0
1,12.0;11.0,1100.0
1,13.0;12.0,1200.0
1,13.0;12.0,1200.0
1,11.0;11.0,999900.0
1,12.0;11.0,1100.0
1,11.0;11.0,999900.0
