numPlayed,heuristicList,remainingTime
12,14.0;11.0;10.0;10.0;9.0;8.0;7.0;6.0;5.0;3.0;3.0;3.0;1.0,36.66666666666667;48.33333333333333;71.53846153846153;78.1818181818182;75.46296296296296;68.57142857142856;59.87951807228916;50.395480225988706;35.087719298245645;26.785714285714292;21.576413959085443;11.186440677966118
2,12.0;10.0;10.0,50.0;96.66666666666666
1,10.0;9.0,90.0
1,11.0;10.0,100.0
1,10.0;10.0,999990.0
1,11.0;10.0,100.0
1,11.0;10.0,100.0
1,11.0;10.0,100.0
1,12.0;11.0,110.0
1,11.0;10.0,100.0
1,11.0;10.0,100.0
