numPlayed,heuristicList,remainingTime
3,13.0;10.0;9.0;2.147483647E9,33.333333333333336;43.33333333333333;999970.0
1,12.0;11.0,110.0
1,12.0;11.0,110.0
1,11.0;10.0,100.0
1,12.0;11.0,110.0
1,10.0;9.0,90.0
1,11.0;9.0,45.0
1,11.0;10.0,100.0
