numPlayed,heuristicList,remainingTime
21,35.0;33.0;31.0;30.0;30.0;30.0;30.0;30.0;29.0;28.0;28.0;28.0;27.0;27.0;27.0;26.0;25.0;25.0;25.0;26.0;25.0;2.147483647E9,165.0;155.0;174.70588235294113;224.61538461538458;290.0;368.18181818181813;458.30188679245293;489.5238095238095;480.9375;497.54098360655723;527.9504504504504;525.5913978494623;538.5714285714287;561.2468193384225;557.7777777777778;537.5;531.7660044150111;535.2873563218391;567.6748251748253;579.6469366562826;999790.0
7,30.0;29.0;28.0;28.0;28.0;27.0;27.0;27.0,290.0;280.0;395.71428571428567;552.0;525.9259259259259;576.1538461538461;656.7647058823529
7,30.0;29.0;28.0;28.0;28.0;27.0;27.0;27.0,290.0;280.0;395.71428571428567;552.0;525.9259259259259;576.1538461538461;656.7647058823529
3,29.0;28.0;28.0;28.0,280.0;556.6666666666666;926.6666666666666
1,25.0;25.0,999990.0
1,35.0;35.0,999990.0
1,27.0;27.0,999990.0
1,25.0;26.0,999990.0
1,30.0;30.0,999990.0
1,28.0;28.0,999990.0
1,27.0;27.0,999990.0
