numPlayed,heuristicList,remainingTime
32,27.0;25.0;25.0;25.0;24.0;24.0;24.0;23.0;22.0;22.0;22.0;21.0;21.0;21.0;22.0;20.0;20.0;20.0;18.0;20.0;20.0;20.0;17.0;16.0;14.0;14.0;12.0;11.0;11.0;11.0;7.0;4.0;2.0,125.0;246.66666666666669;410.0;400.0;461.1111111111111;549.9999999999999;524.0540540540541;463.44827586206895;458.3544303797469;476.0;457.7777777777778;460.7317073170733;475.5612244897959;537.1028037383178;521.9465648854962;520.7741935483871;528.5195530726257;488.2805429864254;512.766393442623;539.9500624219726;569.5344827586207;529.6531791907513;486.42079806529614;428.8316831683169;390.82145850796314;344.96732026143786;305.1479289940828;276.70081967213116;255.63836193917496;219.18335901386752;179.78183002279388;143.89658356417357
4,32.0;30.0;30.0;30.0;30.0,150.0;296.6666666666667;493.33333333333337;740.0
2,26.0;25.0;26.0,250.0;999980.0
1,35.0;35.0,999990.0
1,28.0;28.0,999990.0
1,28.0;28.0,999990.0
1,27.0;27.0,999990.0
1,25.0;25.0,999990.0
