numPlayed,heuristicList,remainingTime
26,34.0;33.0;31.0;30.0;30.0;30.0;30.0;30.0;30.0;30.0;30.0;30.0;29.0;28.0;28.0;28.0;28.0;28.0;28.0;27.0;27.0;27.0;27.0;26.0;25.0;25.0;2.147483647E9,330.0;207.77777777777777;213.57142857142856;267.2727272727273;340.55555555555554;428.9473684210527;531.0869565217391;646.4197530864199;774.6774193548388;915.7142857142859;1069.4444444444446;1074.285714285714;989.3893129770993;961.2195121951218;962.6903553299492;982.2608695652173;1014.1825095057034;1055.2702702702704;1036.2643678160923;1034.8333333333335;1045.508849557522;1065.079365079365;1041.951640759931;990.560471976401;959.4594594594594;999740.0
4,28.0;27.0;27.0;27.0;27.0,270.0;536.6666666666666;893.3333333333334;1339.9999999999998
1,27.0;27.0,999990.0
1,25.0;26.0,999990.0
1,30.0;30.0,999990.0
1,28.0;28.0,999990.0
1,25.0;25.0,999990.0
1,27.0;27.0,999990.0
1,30.0;30.0,999990.0
1,30.0;30.0,999990.0
1,35.0;35.0,999990.0
