numPlayed,heuristicList,remainingTime
31,33.0;31.0;30.0;30.0;30.0;29.0;28.0;28.0;28.0;27.0;27.0;27.0;26.0;25.0;25.0;25.0;25.0;24.0;24.0;24.0;23.0;22.0;22.0;22.0;21.0;21.0;21.0;22.0;20.0;20.0;20.0;2.147483647E9,155.0;198.88888888888886;295.0;420.0;439.13043478260875;414.21052631578954;438.4905660377359;483.52941176470597;482.28260869565213;503.44827586206895;537.4285714285714;535.0;511.33333333333337;507.71289537712903;515.7894736842105;531.6129032258066;527.0776255707763;531.4285714285714;542.0;536.0772357723578;518.5321100917432;510.0459770114942;507.86762197202324;495.74007220216595;489.7094430992737;488.1800486618006;502.449118046133;494.02692778457765;489.74544778892596;488.68986693961097;999690.0
4,30.0;29.0;28.0;28.0;28.0,290.0;280.0;395.71428571428567;552.0
3,26.0;25.0;25.0;25.0,250.0;496.66666666666663;826.6666666666666
2,31.0;30.0;30.0,300.0;596.6666666666666
1,27.0;27.0,999990.0
1,30.0;30.0,999990.0
1,28.0;28.0,999990.0
1,30.0;30.0,999990.0
1,27.0;27.0,999990.0
1,35.0;35.0,999990.0
1,30.0;30.0,999990.0
