numPlayed,heuristicList,remainingTime
21,20.0;16.0;15.0;14.0;12.0;10.0;9.0;8.0;7.0;7.0;7.0;7.0;7.0;7.0;7.0;7.0;7.0;7.0;7.0;7.0;7.0;7.0,40.0;58.0;70.52631578947368;65.55555555555556;55.55555555555556;50.0;45.294117647058826;40.43478260869567;38.92241379310346;39.285714285714306;40.914634146341456;43.51063829787236;46.91037735849059;51.01694915254237;55.769230769230745;61.12676056338029;67.06168831168833;73.5542168674699;80.58988764044943;88.15789473684208;96.25
17,18.0;15.0;14.0;12.0;10.0;9.0;8.0;7.0;7.0;7.0;7.0;7.0;7.0;7.0;7.0;7.0;7.0;7.0,50.0;68.33333333333331;62.631578947368425;52.631578947368425;48.38709677419355;44.782608695652186;40.69767441860465;40.32128514056225;41.97044334975365;45.0;49.109506618531896;54.140127388535035;60.0;66.63230240549828;74.0;82.07792207792207;90.84836339345355
15,21.0;17.0;16.0;15.0;14.0;13.0;11.0;10.0;9.0;9.0;9.0;9.0;9.0;9.0;9.0;9.0,42.5;62.0;75.78947368421053;83.75;87.0;77.00000000000003;70.0;63.703703703703695;62.60869565217391;64.2857142857143;67.77777777777774;72.63157894736844;78.60465116279067;85.55555555555554;93.39622641509436
15,19.0;15.0;14.0;13.0;12.0;10.0;9.0;8.0;8.0;8.0;8.0;8.0;8.0;8.0;8.0;8.0,37.5;54.0;65.26315789473685;71.25;63.03030303030303;57.61904761904762;52.5;52.30769230769229;54.6875;58.7719298245614;64.16666666666666;70.66666666666671;78.1547619047619;86.55913978494624;95.83333333333334
9,19.0;16.0;15.0;14.0;13.0;12.0;10.0;9.0;8.0;2.147483647E9,53.333333333333336;73.33333333333333;84.99999999999999;89.99999999999997;90.37037037037038;77.02702702702703;68.0909090909091;60.43290043290045;999910.0
2,18.0;16.0;15.0,80.0;98.88888888888889
1,15.0;14.0,140.0
1,21.0;19.0,95.0
