numPlayed,heuristicList,remainingTime
25,21.0;19.0;17.0;16.0;14.0;13.0;11.0;10.0;9.0;8.0;8.0;8.0;8.0;8.0;8.0;8.0;8.0;8.0;8.0;8.0;8.0;8.0;8.0;8.0;8.0;2.147483647E9,95.0;85.0;92.35294117647058;82.35294117647057;79.16666666666666;68.66666666666666;61.98473282442748;56.296296296296305;50.67226890756302;48.648648648648646;48.681732580037675;50.097087378640765;52.553191489361694;55.858585858585855;59.89761092150172;64.59627329192548;69.90503323836657;75.78947368421055;82.22493887530561;89.19330289193306;96.68094218415422;104.67741935483872;113.17460317460313;122.16606498194949;999750.0
24,19.0;16.0;15.0;14.0;12.0;10.0;9.0;8.0;7.0;7.0;7.0;7.0;7.0;7.0;7.0;7.0;7.0;7.0;7.0;7.0;7.0;7.0;7.0;7.0;7.0,53.333333333333336;73.33333333333333;84.99999999999999;74.99999999999999;61.49425287356321;54.44444444444443;48.837209302325576;43.33333333333333;41.56950672645738;41.85185185185185;43.49106203995791;46.15384615384613;49.659367396593666;53.901018922852984;58.81188118811883;64.34782608695653;70.47857540345018;77.18266253869967;84.44444444444446;92.25225225225228;100.59720457433286;109.47242206235006;118.8724933787363;128.79310344827587
18,19.0;15.0;14.0;13.0;12.0;10.0;9.0;8.0;8.0;8.0;8.0;8.0;8.0;8.0;8.0;8.0;8.0;8.0;8.0,37.5;54.0;65.26315789473685;71.25;63.03030303030303;57.61904761904762;52.5;52.30769230769229;54.6875;58.7719298245614;64.16666666666666;70.66666666666671;78.1547619047619;86.55913978494624;95.83333333333334;105.94594594594594;116.875;128.60465116279073
1,19.0;18.0,180.0
1,18.0;18.0,999990.0
1,20.0;19.0,190.0
1,19.0;18.0,180.0
1,19.0;18.0,180.0
1,20.0;19.0,190.0
1,20.0;19.0,190.0
1,19.0;19.0,999990.0
