numPlayed,heuristicList,remainingTime
1,6.0;3.0,100.0
1,8.0;5.0,166.66666666666669
1,4.0;1.0,33.33333333333334
0,5.0,
0,5.0,
0,7.0,
0,6.0,
0,6.0,
0,6.0,
0,5.0,
0,9.0,
