numPlayed,heuristicList,remainingTime
2,16.0;11.0;10.0,220.0;311.11111111111114
2,16.0;11.0;2.147483647E9,220.0;999800.0
1,10.0;10.0,999900.0
1,13.0;10.0,333.33333333333337
1,15.0;13.0,650.0
1,11.0;10.0,1000.0
1,15.0;12.0,400.0
1,16.0;11.0,220.0
1,11.0;10.0,1000.0
1,11.0;10.0,1000.0
1,11.0;10.0,1000.0
