numPlayed,heuristicList,remainingTime
8,16.0;12.0;8.0;6.0;4.0;3.0;2.0;1.0;1.0,300.0;200.0;158.8235294117647;106.66666666666669;64.10256410256409;18.75;-32.55813953488371;-72.83950617283949
2,14.0;10.0;10.0,250.0;466.66666666666663
2,15.0;11.0;10.0,275.0;380.0
1,13.0;10.0,333.33333333333337
1,15.0;13.0,650.0
1,16.0;15.0,1500.0
1,15.0;12.0,400.0
1,13.0;10.0,333.33333333333337
