numPlayed,heuristicList,remainingTime
3,12.0;8.0;6.0;2.147483647E9,200.0;188.88888888888886;999700.0
1,10.0;8.0,400.0
1,16.0;15.0,1500.0
1,13.0;10.0,333.33333333333337
1,15.0;11.0,275.0
1,16.0;12.0,300.0
1,14.0;13.0,1300.0
1,11.0;10.0,1000.0
1,11.0;10.0,1000.0
1,14.0;10.0,250.0
1,15.0;12.0,400.0
