numPlayed,heuristicList,remainingTime
2,16.0;11.0;2.147483647E9,220.0;999800.0
2,17.0;11.0;10.0,183.33333333333337;261.90476190476187
1,13.0;10.0,333.33333333333337
1,16.0;11.0,220.0
1,12.0;10.0,500.0
1,16.0;11.0,220.0
1,16.0;11.0,220.0
1,11.0;10.0,1000.0
1,15.0;11.0,275.0
1,11.0;10.0,1000.0
1,11.0;10.0,1000.0
