numPlayed,heuristicList,remainingTime
1,5.0;4.0,40.0
1,4.0;2.0,10.0
1,4.0;2.0,10.0
1,5.0;4.0,40.0
1,5.0;3.0,15.0
1,8.0;5.0,16.666666666666668
1,8.0;5.0,16.666666666666668
1,6.0;2.147483647E9,999990.0
0,4.0,
0,5.0,
0,5.0,
