numPlayed,heuristicList,remainingTime
12,5.0;4.0;3.0;2.0;2.0;2.0;2.0;2.0;2.0;2.0;2.0;2.0;2.147483647E9,40.0;30.0;20.0;20.000000000000007;22.72727272727272;27.142857142857153;32.94117647058823;40.0;48.260869565217405;57.69230769230771;68.27586206896552;999880.0
4,3.0;2.0;2.0;2.0;2.0,20.0;36.666666666666664;60.000000000000014;90.0
1,1.0;1.0,999990.0
1,1.0;1.0,999990.0
1,1.0;1.0,999990.0
1,2.0;2.0,999990.0
1,2.0;2.0,999990.0
1,1.0;1.0,999990.0
1,1.0;1.0,999990.0
1,2.0;2.0,999990.0
1,1.0;1.0,999990.0
