numPlayed,heuristicList,remainingTime
12,6.0;5.0;4.0;3.0;2.0;2.0;2.0;2.0;2.0;2.0;2.0;2.0;2.147483647E9,50.0;40.0;30.0;20.0;17.77777777777777;17.999999999999986;19.599999999999994;22.222222222222214;25.714285714285708;30.0;35.03703703703701;999880.0
1,1.0;1.0,999990.0
1,1.0;1.0,999990.0
1,2.0;2.0,999990.0
1,2.0;2.0,999990.0
1,1.0;1.0,999990.0
1,1.0;1.0,999990.0
1,1.0;1.0,999990.0
1,1.0;1.0,999990.0
1,1.0;1.0,999990.0
1,1.0;1.0,999990.0
