numPlayed,heuristicList,remainingTime
6,4.0;3.0;2.0;2.0;2.0;2.0;2.0,30.0;20.0;24.285714285714278;32.0;42.30769230769231;55.000000000000014
5,2.0;1.0;1.0;1.0;1.0;1.0,10.0;16.666666666666664;26.666666666666664;40.0;56.666666666666686
5,6.0;5.0;4.0;3.0;2.0;2.147483647E9,50.0;40.0;30.0;20.0;999950.0
1,2.0;2.0,999990.0
1,1.0;1.0,999990.0
1,1.0;1.0,999990.0
1,1.0;1.0,999990.0
1,1.0;1.0,999990.0
