numPlayed,heuristicList,remainingTime
30,7.0;6.0;5.0;5.0;4.0;3.0;3.0;3.0;3.0;3.0;3.0;3.0;3.0;3.0;3.0;2.0;2.0;2.0;2.0;2.0;2.0;2.0;2.0;2.0;2.0;2.0;2.0;2.0;2.0;2.0;2.0,60.0;50.0;67.14285714285712;57.14285714285714;42.30769230769231;39.47368421052633;40.599999999999994;43.87096774193547;48.648648648648674;54.65116279069767;61.734693877551024;69.81818181818181;78.85245901639345;88.80597014925374;80.7453416149068;75.74468085106383;72.74418604651163;71.15702479338842;70.63197026022306;70.94594594594594;71.95046439628487;73.54285714285714;75.64986737400528;78.21782178217819;81.20649651972161;84.58515283842792;88.32989690721644;92.421875;96.84601113172539;101.5901060070671
14,7.0;6.0;5.0;4.0;4.0;4.0;4.0;4.0;4.0;3.0;3.0;3.0;3.0;3.0;2.147483647E9,60.0;50.0;40.0;45.000000000000014;54.54545454545453;67.14285714285712;82.35294117647058;100.0;90.0;87.14285714285714;88.00000000000003;91.20000000000002;96.0869565217391;999860.0
12,6.0;5.0;5.0;4.0;3.0;3.0;3.0;3.0;3.0;3.0;3.0;3.0;3.0,50.0;96.66666666666666;68.33333333333334;45.71428571428571;43.93939393939394;47.33333333333334;53.421052631578945;61.44927536231887;71.11111111111109;82.25806451612902;94.8095238095238;108.71794871794873
9,7.0;6.0;5.0;5.0;5.0;4.0;4.0;4.0;4.0;4.0,60.0;50.0;67.14285714285712;91.99999999999997;78.7037037037037;80.76923076923077;88.52941176470588;99.68253968253973;113.39999999999998
9,7.0;6.0;5.0;5.0;5.0;4.0;4.0;4.0;4.0;4.0,60.0;50.0;67.14285714285712;91.99999999999997;78.7037037037037;80.76923076923077;88.52941176470588;99.68253968253973;113.39999999999998
9,7.0;6.0;5.0;4.0;4.0;4.0;4.0;4.0;4.0;4.0,60.0;50.0;40.0;45.000000000000014;54.54545454545453;67.14285714285712;82.35294117647058;100.0;119.99999999999997
3,6.0;5.0;5.0;5.0,50.0;96.66666666666666;160.0
1,5.0;5.0,999990.0
