numPlayed,heuristicList,remainingTime
23,15.0;13.0;12.0;11.0;10.0;9.0;8.0;7.0;6.0;6.0;6.0;6.0;6.0;6.0;6.0;6.0;6.0;4.0;4.0;4.0;2.0;1.0;0.0;1.0,65.0;78.8888888888889;83.07692307692307;81.66666666666666;77.08333333333334;70.64516129032259;63.076923076923094;54.79166666666666;51.99999999999997;51.980198019801975;53.69595536959554;56.666666666666686;60.638977635782766;65.46666666666667;71.05943152454782;77.35849056603769;70.51851851851853;65.8303886925795;62.637362637362656;50.0;35.87500000000003;21.063829787234027;12.503576537911272
1,16.0;16.0,999990.0
1,16.0;15.0,150.0
1,16.0;15.0,150.0
1,16.0;15.0,150.0
1,16.0;16.0,999990.0
1,16.0;15.0,150.0
1,16.0;15.0,150.0
