numPlayed,heuristicList,remainingTime
33,33.0;29.0;28.0;26.0;25.0;24.0;26.0;26.0;28.0;25.0;24.0;23.0;22.0;23.0;23.0;24.0;24.0;24.0;24.0;25.0;25.0;25.0;26.0;24.0;23.0;22.0;23.0;24.0;26.0;25.0;24.0;23.0;22.0;25.0,725.0;1100.0;1168.1818181818182;1284.2105263157896;1381.3559322033898;1947.0588235294117;2609.090909090909;4266.666666666666;4499.999999999999;4399.999999999999;4142.650103519669;3835.5140186915887;3981.889763779528;4188.88888888889;4699.059561128527;5241.860465116279;5817.163504968384;6424.8730964466995;7462.25;8591.133004926109;9813.592233009711;11833.333333333334;12482.62910798122;12428.333333333334;11851.520572450805;12062.527233115467;12927.272727272726;15271.05263157895;17038.495332235037;17946.54088050314;17949.71264367816;17223.688663282577;19128.169014084506
32,32.0;30.0;26.0;28.0;26.0;23.0;23.0;23.0;22.0;21.0;20.0;20.0;23.0;23.0;24.0;24.0;24.0;25.0;25.0;25.0;25.0;24.0;20.0;23.0;23.0;23.0;24.0;24.0;23.0;23.0;20.0;22.0;2.147483647E9,1500.0;877.7777777777776;1662.4999999999998;1828.5714285714284;1500.0;1534.1463414634145;1682.5688073394494;1757.4074074074074;1779.255319148936;1764.4628099173556;1817.2297297297296;2226.7515923566875;2678.3132530120483;3344.4444444444453;4100.0;4948.837209302325;6257.301107754282;7816.9811320754725;9668.196721311477;11858.447488584472;13332.666666666666;11255.555555555557;11967.612293144208;12712.88888888889;13490.56603773585;15173.91910739191;16985.386221294364;17781.102362204725;18611.483550589695;16524.39024390244;16647.82608695652;996800.0
5,33.0;31.0;29.0;29.0;32.0;33.0,1550.0;1450.0;2028.5714285714284;7500.0;999500.0
3,32.0;29.0;29.0;32.0,966.6666666666667;1900.0;999700.0
3,32.0;29.0;29.0;32.0,966.6666666666667;1900.0;999700.0
3,33.0;30.0;30.0;33.0,1000.0;1966.666666666667;999700.0
1,29.0;29.0,999900.0
1,30.0;30.0,999900.0
