numPlayed,heuristicList,remainingTime
78,26.0;24.0;24.0;23.0;22.0;22.0;23.0;25.0;25.0;25.0;27.0;27.0;26.0;25.0;24.0;23.0;25.0;25.0;23.0;24.0;23.0;22.0;24.0;24.0;21.0;22.0;21.0;23.0;23.0;24.0;24.0;20.0;18.0;20.0;20.0;20.0;20.0;22.0;18.0;17.0;16.0;10.0;11.0;11.0;11.0;10.0;11.0;10.0;12.0;12.0;11.0;11.0;12.0;12.0;13.0;13.0;13.0;12.0;11.0;10.0;10.0;11.0;11.0;11.0;12.0;10.0;11.0;10.0;9.0;7.0;7.0;8.0;8.0;5.0;3.0;5.0;3.0;1.0;1.0,1200.0;2366.6666666666665;2544.444444444445;2444.444444444445;2796.296296296296;4073.333333333333;10094.736842105263;35266.666666666664;999100.0;999000.0;998900.0;998800.0;998700.0;998600.0;998500.0;998400.0;998300.0;998200.0;998100.0;998000.0;121540.00000000001;121439.99999999993;122581.48148148143;50118.03278688524;39094.8275862069;29755.555555555555;30234.782608695656;30846.666666666664;34865.536723163845;39272.41379310345;30090.464547677264;22199.999999999996;19989.280677009872;18477.72397094431;17407.211028632024;16633.584905660377;17315.865820489573;15606.933744221878;13949.543080939951;12418.604651162797;9824.605904270562;8346.07703281027;7302.92504570384;6529.3971631205695;5840.298855942097;5384.705882352942;4943.123896038354;4714.845938375351;4523.322475570032;4303.163090561095;4116.07948139797;4007.4980058495075;3914.9849018621044;3884.711538461539;3862.4022089277496;3847.219770520742;3792.3943958706423;3702.0040080160325;3580.581417442523;3473.2658959537566;3417.6256814052103;3369.445828489177;3327.947633112477;3329.996910719803;3261.4761587278063;3236.4416475972557;3180.3797468354405;3095.953197853434;2953.116752544929;2823.176583493281;2735.0481018491846;2654.283497728027;2493.678767412408;2292.448931987072;2160.329985652799;1988.7462441955759;1784.351628121045;1597.2525219388172
4,24.0;22.0;22.0;22.0;26.0,1100.0;2166.6666666666665;3599.9999999999995;999600.0
3,23.0;22.0;22.0;23.0,2200.0;4366.666666666666;999700.0
3,35.0;33.0;33.0;35.0,1650.0;3266.6666666666665;999700.0
3,35.0;33.0;33.0;35.0,1650.0;3266.6666666666665;999700.0
1,22.0;22.0,999900.0
1,22.0;22.0,999900.0
1,24.0;24.0,999900.0
1,32.0;37.0,999900.0
1,24.0;24.0,999900.0
1,37.0;37.0,999900.0
