numPlayed,heuristicList,remainingTime
75,27.0;24.0;22.0;22.0;22.0;25.0;24.0;23.0;25.0;26.0;26.0;23.0;23.0;24.0;22.0;24.0;21.0;22.0;22.0;23.0;24.0;22.0;22.0;23.0;23.0;24.0;24.0;23.0;22.0;20.0;24.0;23.0;24.0;20.0;18.0;19.0;20.0;20.0;20.0;20.0;22.0;18.0;17.0;11.0;10.0;12.0;11.0;11.0;10.0;11.0;10.0;12.0;12.0;11.0;11.0;12.0;11.0;12.0;11.0;11.0;11.0;12.0;12.0;12.0;12.0;11.0;11.0;11.0;11.0;12.0;12.0;11.0;11.0;11.0;12.0;2.147483647E9,800.0;873.3333333333333;1247.0588235294117;1749.9999999999995;4927.083333333333;9185.714285714284;10094.736842105263;35266.66666666664;999100.0;999000.0;998900.0;998800.0;998700.0;60051.515151515145;80425.0;28509.09090909091;23233.333333333332;20729.03225806452;22374.626865671642;28215.053763440857;25576.923076923067;24082.978723404252;26140.60913705584;28283.495145631055;34750.00000000001;42770.49808429117;44854.05405405407;40912.5;31083.90446521288;37211.40939597316;39904.901960784315;47784.39716312058;37244.8717948718;27350.17667844523;23435.643564356436;21926.600985221678;20836.20501635769;20037.37769080235;19450.399290150843;20531.250000000004;18656.375838926175;16748.346055979644;13075.254730713248;10583.294782832178;9298.814619690485;8199.376063528076;7372.503113325032;6624.604569420035;6127.916666666668;5641.508306441974;5390.305952776855;5178.232558139534;4932.612768410432;4722.940226171244;4600.356143474943;4439.814814814812;4353.238474672738;4228.072445019403;4118.784341831337;4023.2014037824138;3985.4322604790414;3954.698087185943;3930.316937997921;3911.704792118886;3855.2874208289923;3806.230721776681;3763.8045012255825;3727.3821464393186;3736.3807007786418;3748.615800135043;3724.3265608327347;3704.479878511769;3688.7368873075266;3715.0442477876113;992500.0
7,25.0;23.0;22.0;22.0;22.0;23.0;24.0;24.0,1150.0;1455.5555555555554;2150.0;3057.142857142857;5897.435897435897;21166.666666666668;999300.0
6,37.0;35.0;33.0;33.0;35.0;35.0;37.0,1750.0;1650.0;2314.285714285714;5566.666666666667;11883.333333333332;999400.0
5,24.0;23.0;22.0;22.0;23.0;24.0,2300.0;2200.0;3100.0;7400.000000000001;999500.0
2,37.0;32.0;37.0,640.0;999800.0
1,27.0;27.0,999900.0
1,22.0;22.0,999900.0
1,23.0;25.0,999900.0
