numPlayed,heuristicList,remainingTime
25,8.0;7.0;6.0;5.0;5.0;5.0;5.0;5.0;5.0;5.0;5.0;5.0;5.0;5.0;5.0;5.0;5.0;5.0;5.0;5.0;5.0;5.0;5.0;5.0;5.0;2.147483647E9,70.0;60.0;50.0;57.5;70.45454545454544;87.14285714285714;107.05882352941177;130.0;155.86956521739128;184.61538461538464;216.20689655172413;250.625;287.85714285714283;327.8947368421054;370.7317073170732;416.36363636363626;464.7872340425531;516.0000000000001;570.0;626.7857142857143;686.3559322033898;748.7096774193549;813.8461538461538;881.7647058823529;999750.0
24,8.0;7.0;6.0;5.0;5.0;5.0;5.0;5.0;5.0;5.0;5.0;5.0;5.0;5.0;5.0;5.0;5.0;5.0;5.0;5.0;5.0;5.0;5.0;5.0;5.0,70.0;60.0;50.0;57.5;70.45454545454544;87.14285714285714;107.05882352941177;130.0;155.86956521739128;184.61538461538464;216.20689655172413;250.625;287.85714285714283;327.8947368421054;370.7317073170732;416.36363636363626;464.7872340425531;516.0000000000001;570.0;626.7857142857143;686.3559322033898;748.7096774193549;813.8461538461538;881.7647058823529
1,5.0;5.0,999990.0
1,5.0;5.0,999990.0
1,5.0;5.0,999990.0
1,5.0;5.0,999990.0
1,5.0;5.0,999990.0
1,5.0;5.0,999990.0
1,5.0;5.0,999990.0
1,5.0;5.0,999990.0
1,5.0;5.0,999990.0
