numPlayed,heuristicList,remainingTime
63,6.0;5.0;5.0;5.0;5.0;5.0;5.0;5.0;5.0;5.0;5.0;5.0;5.0;5.0;5.0;5.0;5.0;5.0;5.0;5.0;5.0;5.0;5.0;5.0;5.0;5.0;4.0;3.0;3.0;3.0;3.0;3.0;3.0;3.0;3.0;3.0;3.0;3.0;3.0;3.0;3.0;3.0;3.0;3.0;3.0;3.0;3.0;3.0;3.0;3.0;3.0;3.0;3.0;3.0;3.0;3.0;3.0;2.0;2.0;2.0;2.0;2.0;2.0;2.147483647E9,50.0;96.66666666666666;160.0;240.0;336.6666666666667;450.00000000000017;580.0;726.6666666666665;889.9999999999998;1070.0;1266.6666666666665;1480.0;1710.0;1956.6666666666665;2220.0;2499.999999999999;2796.6666666666665;3109.9999999999986;3440.0;3786.6666666666642;4150.0;4529.999999999999;4926.666666666667;5340.000000000002;5769.999999999999;3020.0;1563.9622641509436;1093.75;863.2242990654206;727.6119402985073;639.2546583850933;577.8723404255319;533.3720930232557;500.1652892561983;474.9070631970261;455.472972972973;440.44891640866865;428.857142857143;419.9999999999999;413.3663366336633;408.5730858468678;405.3275109170305;403.4020618556701;402.6171875;402.82931354359937;403.92226148409907;405.8010118043844;408.38709677419354;411.61514683153007;415.43026706231444;419.7860199714693;424.642857142857;429.96688741721846;435.7289002557545;441.90358467243516;448.46889952153106;428.5922602355579;411.26715945089745;396.07980049875323;382.703213610586;370.8756174225414;360.3849443969202;999370.0
1,5.0;5.0,999990.0
1,5.0;5.0,999990.0
1,5.0;5.0,999990.0
1,5.0;5.0,999990.0
1,5.0;5.0,999990.0
1,5.0;5.0,999990.0
1,5.0;5.0,999990.0
