numPlayed,heuristicList,remainingTime
28,9.0;8.0;8.0;7.0;8.0;8.0;8.0;8.0;7.0;7.0;6.0;7.0;8.0;7.0;6.0;6.0;5.0;6.0;6.0;6.0;7.0;6.0;7.0;6.0;6.0;6.0;5.0;1.0;0.0,800.0;1566.6666666666667;1183.3333333333333;2466.6666666666665;4416.666666666667;7166.666666666666;10850.0;6361.9047619047615;5400.000000000001;3700.0;4064.5390070921985;5999.999999999998;6240.000000000001;5107.407407407408;4585.106382978724;3672.727272727273;3688.8888888888896;3755.172413793104;3858.461538461539;4537.414965986393;4636.697247706421;5399.08256880734;5490.733056708161;5615.151515151514;5766.550522648084;5344.444444444445;3547.0588235294117;2420.058997050147
3,8.0;7.0;7.0;8.0,700.0;1366.6666666666665;999700.0
2,8.0;7.0;8.0,700.0;999800.0
2,8.0;7.0;8.0,700.0;999800.0
2,8.0;7.0;8.0,700.0;999800.0
1,7.0;7.0,999900.0
1,7.0;7.0,999900.0
1,8.0;8.0,999900.0
1,8.0;8.0,999900.0
1,8.0;8.0,999900.0
1,8.0;8.0,999900.0
