numPlayed,heuristicList,remainingTime
33,9.0;7.0;8.0;8.0;8.0;8.0;6.0;7.0;7.0;7.0;8.0;8.0;8.0;8.0;8.0;8.0;6.0;6.0;6.0;6.0;7.0;6.0;7.0;7.0;7.0;7.0;7.0;7.0;7.0;7.0;7.0;7.0;7.0;2.147483647E9,350.0;1500.0;3850.0;7800.0;13749.999999999998;2785.7142857142862;3021.052631578947;3377.7777777777783;3817.241379310345;6416.666666666667;10864.912280701756;19200.0;37988.88888888888;106633.33333333317;998500.0;23015.384615384613;12862.264150943394;9675.0;8185.981308411214;8906.43274853801;8020.422535211268;8829.729729729732;9677.922077922076;10565.000000000002;11490.96385542169;12455.813953488372;13459.550561797752;14502.173913043476;15583.684210526317;16704.081632653062;17863.366336633662;19061.53846153846;996700.0
2,8.0;7.0;8.0,700.0;999800.0
2,8.0;7.0;8.0,700.0;999800.0
1,8.0;8.0,999900.0
1,8.0;8.0,999900.0
1,8.0;8.0,999900.0
1,8.0;8.0,999900.0
1,7.0;8.0,999900.0
