numPlayed,heuristicList,remainingTime
16,9.0;8.0;8.0;8.0;8.0;8.0;8.0;9.0;9.0;9.0;9.0;9.0;7.0;7.0;7.0;7.0;2.147483647E9,800.0;1566.6666666666667;2599.9999999999995;3899.999999999999;5466.666666666667;7300.000000000001;999300.0;999200.0;999100.0;999000.0;998900.0;998800.0;30766.66666666667;14606.666666666664;10760.416666666666;998400.0
6,9.0;7.0;8.0;8.0;8.0;8.0;9.0,350.0;1500.0;3850.0;7800.0;13749.999999999998;999400.0
6,9.0;8.0;7.0;8.0;8.0;8.0;9.0,800.0;700.0;1850.0;3800.0;6750.0;999400.0
6,9.0;7.0;8.0;8.0;8.0;8.0;9.0,350.0;1500.0;3850.0;7800.0;13749.999999999998;999400.0
2,8.0;7.0;8.0,700.0;999800.0
1,8.0;8.0,999900.0
1,8.0;8.0,999900.0
1,7.0;7.0,999900.0
1,8.0;8.0,999900.0
1,7.0;7.0,999900.0
1,7.0;8.0,999900.0
