numPlayed,heuristicList,remainingTime
25,9.0;8.0;8.0;8.0;8.0;9.0;9.0;8.0;7.0;7.0;7.0;7.0;7.0;7.0;6.0;6.0;6.0;7.0;7.0;6.0;7.0;7.0;6.0;7.0;6.0;2.147483647E9,800.0;1566.6666666666667;2599.9999999999995;3899.999999999999;999500.0;999400.0;999300.0;9466.666666666666;5914.285714285713;5000.0;4715.503875968992;4688.888888888887;4799.999999999999;4070.3703703703713;3721.739130434782;3554.2857142857147;4024.0990990990995;4523.076923076923;4391.803278688524;4943.859649122805;5528.934010152283;5402.654867256638;6037.5;5945.03816793893;997500.0
5,9.0;7.0;8.0;8.0;8.0;9.0,350.0;1500.0;3850.0;7800.0;999500.0
2,8.0;7.0;8.0,700.0;999800.0
2,8.0;7.0;8.0,700.0;999800.0
2,8.0;7.0;8.0,700.0;999800.0
1,7.0;8.0,999900.0
1,8.0;8.0,999900.0
1,8.0;8.0,999900.0
1,8.0;8.0,999900.0
1,8.0;8.0,999900.0
1,8.0;8.0,999900.0
