numPlayed,heuristicList,remainingTime
41,37.0;36.0;35.0;34.0;34.0;34.0;34.0;33.0;32.0;31.0;30.0;29.0;28.0;27.0;26.0;25.0;23.0;22.0;21.0;20.0;21.0;21.0;21.0;21.0;21.0;21.0;23.0;22.0;23.0;22.0;21.0;20.0;21.0;21.0;21.0;21.0;21.0;21.0;23.0;22.0;23.0;2.147483647E9,3600.0;3500.0;3400.0;4200.0;5318.181818181818;6671.428571428571;6743.902439024391;6245.161290322581;5647.826086956521;5106.060606060605;4646.448087431693;4260.162601626017;3932.2981366459635;3649.5145631067962;3401.3539651837527;3075.2293577981645;2814.3976897689763;2595.918367346939;2406.233988044406;2344.2622950819677;2317.9114342366156;2317.5771971496442;2337.196765498652;2372.7541954590333;2421.4838416021857;2576.799078871618;2689.033306255078;2859.689922480621;2984.011734506784;3061.98347107438;3096.015424164525;3192.5385239253847;3295.8718244803704;3405.604395604395;3521.401118099231;3642.9859719438873;3770.129558541268;4017.838175570134;4212.094395280238;4474.922325787838;995900.0
8,37.0;35.0;34.0;33.0;33.0;33.0;33.0;33.0;33.0,1750.0;2255.5555555555557;2523.0769230769233;3240.0;4179.0123456790125;5300.0;6590.243902439025;8044.444444444445
8,37.0;35.0;34.0;33.0;33.0;33.0;33.0;33.0;32.0,1750.0;2255.5555555555557;2523.0769230769233;3240.0;4179.0123456790125;5300.0;6590.243902439025;6814.285714285713
8,37.0;35.0;34.0;33.0;33.0;33.0;33.0;33.0;32.0,1750.0;2255.5555555555557;2523.0769230769233;3240.0;4179.0123456790125;5300.0;6590.243902439025;6814.285714285713
7,37.0;36.0;35.0;34.0;34.0;34.0;34.0;34.0,3600.0;3500.0;3400.0;4200.0;5318.181818181818;6671.428571428571;8235.29411764706
7,37.0;36.0;35.0;34.0;34.0;34.0;34.0;34.0,3600.0;3500.0;3400.0;4200.0;5318.181818181818;6671.428571428571;8235.29411764706
7,37.0;36.0;35.0;34.0;34.0;34.0;34.0;34.0,3600.0;3500.0;3400.0;4200.0;5318.181818181818;6671.428571428571;8235.29411764706
7,37.0;36.0;35.0;34.0;34.0;34.0;34.0;34.0,3600.0;3500.0;3400.0;4200.0;5318.181818181818;6671.428571428571;8235.29411764706
7,37.0;36.0;35.0;34.0;34.0;34.0;34.0;34.0,3600.0;3500.0;3400.0;4200.0;5318.181818181818;6671.428571428571;8235.29411764706
7,37.0;36.0;35.0;34.0;34.0;34.0;34.0;34.0,3600.0;3500.0;3400.0;4200.0;5318.181818181818;6671.428571428571;8235.29411764706
7,37.0;36.0;35.0;34.0;34.0;34.0;34.0;34.0,3600.0;3500.0;3400.0;4200.0;5318.181818181818;6671.428571428571;8235.29411764706
