numPlayed,heuristicList,remainingTime
45,38.0;38.0;38.0;38.0;38.0;38.0;38.0;38.0;38.0;38.0;38.0;38.0;38.0;38.0;38.0;38.0;38.0;38.0;38.0;38.0;38.0;38.0;38.0;38.0;38.0;38.0;38.0;38.0;38.0;36.0;36.0;29.0;26.0;26.0;23.0;25.0;25.0;25.0;25.0;25.0;26.0;24.0;25.0;23.0;24.0;2.147483647E9,999900.0;999800.0;999700.0;999600.0;999500.0;999400.0;999300.0;999200.0;999100.0;999000.0;998900.0;998800.0;998700.0;998600.0;998500.0;998400.0;998300.0;998200.0;998100.0;998000.0;997900.0;997800.0;997700.0;997600.0;997500.0;997400.0;997300.0;997200.0;292533.3333333333;160431.0344827586;50908.184143222505;27646.544181977253;19672.81553398058;14533.623910336239;12248.54819976771;10753.233830845773;9709.378330373002;8948.145846281335;8375.863021264848;8043.172690763051;7589.644012944982;7321.026490066224;6947.39710580718;6721.840675222569;995500.0
1,38.0;38.0,999900.0
1,38.0;38.0,999900.0
1,38.0;38.0,999900.0
1,38.0;38.0,999900.0
1,38.0;38.0,999900.0
1,38.0;38.0,999900.0
1,38.0;38.0,999900.0
