numPlayed,heuristicList,remainingTime
7,8.0;5.0;4.0;3.0;2.0;1.0;0.0;1.0,16.666666666666668;18.333333333333336;16.25;11.42857142857143;4.814814814814817;-2.941176470588232;-5.0
1,5.0;5.0,999990.0
1,5.0;4.0,40.0
1,6.0;5.0,50.0
1,6.0;5.0,50.0
1,6.0;5.0,50.0
1,5.0;5.0,999990.0
1,5.0;5.0,999990.0
