numPlayed,heuristicList,remainingTime
2,8.0;5.0;4.0,16.666666666666668;18.333333333333336
2,8.0;5.0;2.147483647E9,16.666666666666668;999980.0
1,6.0;5.0,50.0
1,7.0;6.0,60.0
1,5.0;5.0,999990.0
1,6.0;5.0,50.0
1,7.0;5.0,25.0
1,5.0;5.0,999990.0
1,5.0;5.0,999990.0
1,6.0;5.0,50.0
1,8.0;5.0,16.666666666666668
