numPlayed,heuristicList,remainingTime
22,24.0;23.0;21.0;20.0;20.0;20.0;20.0;19.0;18.0;18.0;18.0;18.0;18.0;18.0;18.0;16.0;16.0;15.0;15.0;16.0;16.0;14.0;2.147483647E9,230.0;141.11111111111111;142.14285714285714;176.36363636363637;223.88888888888886;281.57894736842104;295.8490566037736;284.56140350877195;293.33333333333337;312.2950819672131;337.8390804597701;368.3333333333333;402.93193717277484;441.1526479750779;416.8539325842696;407.5;384.3162393162394;373.0434782608696;387.80821917808214;404.9822064056939;387.8320610687023;999780.0
1,24.0;24.0,999990.0
1,24.0;24.0,999990.0
1,24.0;24.0,999990.0
1,24.0;24.0,999990.0
1,24.0;24.0,999990.0
1,24.0;24.0,999990.0
1,24.0;24.0,999990.0
