numPlayed,heuristicList,remainingTime
14,24.0;23.0;21.0;20.0;20.0;20.0;20.0;19.0;18.0;18.0;18.0;18.0;18.0;18.0;17.0,230.0;141.11111111111111;142.14285714285714;176.36363636363637;223.88888888888886;281.57894736842104;295.8490566037736;284.56140350877195;293.33333333333337;312.2950819672131;337.8390804597701;368.3333333333333;402.93193717277484;408.1286549707602
14,24.0;23.0;21.0;20.0;20.0;20.0;20.0;20.0;18.0;18.0;18.0;18.0;18.0;18.0;2.147483647E9,230.0;141.11111111111111;142.14285714285714;176.36363636363637;223.88888888888886;281.57894736842104;348.47826086956525;314.2857142857143;313.08510638297867;326.27118644067804;347.8169014084507;375.18072289156623;407.1052631578948;999860.0
1,24.0;24.0,999990.0
1,24.0;24.0,999990.0
1,24.0;24.0,999990.0
1,24.0;24.0,999990.0
1,24.0;24.0,999990.0
1,24.0;24.0,999990.0
1,24.0;24.0,999990.0
1,24.0;24.0,999990.0
1,24.0;24.0,999990.0
