numPlayed,heuristicList,remainingTime
11,24.0;23.0;20.0;18.0;17.0;16.0;16.0;13.0;11.0;9.0;5.0;2.0,230.0;101.66666666666666;86.19047619047619;87.36842105263158;89.72222222222223;100.73170731707316;88.47999999999999;74.49275362318843;60.57471264367817;41.005291005291014;23.541666666666657
6,24.0;23.0;22.0;20.0;20.0;20.0;20.0,230.0;220.0;156.15384615384613;178.1818181818182;217.74193548387098;268.0
6,24.0;22.0;20.0;20.0;20.0;19.0;19.0,110.0;100.0;138.57142857142856;191.99999999999994;210.2150537634409;244.2857142857144
1,24.0;24.0,999990.0
1,24.0;24.0,999990.0
1,24.0;24.0,999990.0
1,24.0;24.0,999990.0
1,24.0;24.0,999990.0
1,24.0;24.0,999990.0
1,24.0;24.0,999990.0
1,24.0;24.0,999990.0
