numPlayed,heuristicList,remainingTime
13,18.0;14.0;11.0;10.0;9.0;8.0;6.0;5.0;4.0;4.0;4.0;4.0;4.0;2.147483647E9,350.0;309.5238095238095;340.74074074074076;363.63636363636374;368.6868686868686;308.0000000000001;253.1914893617021;196.49122807017545;164.43514644351467;145.83333333333348;136.00395647873393;132.64248704663237;998700.0
3,17.0;12.0;11.0;10.0,240.0;344.44444444444457;418.18181818181824
1,14.0;13.0,1300.0
1,15.0;12.0,400.0
1,11.0;10.0,1000.0
1,14.0;13.0,1300.0
1,16.0;14.0,700.0
1,20.0;16.0,400.0
