numPlayed,heuristicList,remainingTime
9,16.0;10.0;9.0;8.0;8.0;6.0;4.0;2.0;0.0;1.0,166.66666666666669;233.33333333333326;280.0;366.66666666666663;333.33333333333337;242.22222222222229;132.8467153284671;20.000000000000114;-34.25196850393695
6,19.0;12.0;11.0;9.0;8.0;8.0;8.0,171.4285714285714;250.0;261.2903225806451;272.0;316.4251207729468;381.81818181818164
3,17.0;12.0;11.0;10.0,240.0;344.44444444444457;418.18181818181824
3,16.0;11.0;10.0;9.0,220.0;311.11111111111114;372.72727272727275
1,16.0;14.0,700.0
1,13.0;12.0,1200.0
1,14.0;11.0,366.6666666666667
1,14.0;11.0,366.6666666666667
1,11.0;10.0,1000.0
1,15.0;12.0,400.0
1,15.0;13.0,650.0
