numPlayed,heuristicList,remainingTime
25,7.0;6.0;5.0;5.0;5.0;5.0;4.0;3.0;3.0;3.0;3.0;3.0;3.0;3.0;3.0;3.0;3.0;3.0;3.0;3.0;3.0;3.0;3.0;3.0;3.0;3.0,60.0;50.0;67.14285714285712;91.99999999999997;123.07692307692307;104.54545454545456;75.52631578947367;66.17283950617283;63.428571428571416;63.953488372093005;66.50326797385623;70.5084745762712;75.67164179104478;81.82222222222222;88.85542168674701;96.7032967032967;105.31986531986536;114.67289719626172;124.73913043478262;135.50135501355015;146.94656488549617;159.06474820143882;171.84807256235825;185.29032258064512;199.38650306748468
20,7.0;6.0;5.0;4.0;3.0;3.0;3.0;3.0;3.0;3.0;3.0;3.0;3.0;3.0;3.0;3.0;3.0;3.0;3.0;3.0;3.0,60.0;50.0;40.0;30.0;29.444444444444457;32.0;36.400000000000006;42.222222222222214;49.28571428571428;57.50000000000003;66.81481481481478;77.20000000000002;88.63636363636363;101.11111111111109;114.61538461538458;129.1428571428571;144.68888888888893;161.24999999999994;178.8235294117647;197.4074074074074
7,7.0;6.0;5.0;5.0;5.0;5.0;5.0;5.0,60.0;50.0;67.14285714285712;91.99999999999997;123.07692307692307;160.0;202.63157894736844
7,7.0;6.0;5.0;5.0;5.0;5.0;5.0;5.0,60.0;50.0;67.14285714285712;91.99999999999997;123.07692307692307;160.0;202.63157894736844
4,7.0;6.0;6.0;6.0;2.147483647E9,60.0;116.66666666666666;193.33333333333334;999960.0
4,6.0;5.0;5.0;5.0;5.0,50.0;96.66666666666666;160.0;240.0
4,6.0;5.0;5.0;5.0;5.0,50.0;96.66666666666666;160.0;240.0
1,5.0;5.0,999990.0
