numPlayed,heuristicList,remainingTime
8,13.0;8.0;8.0;8.0;7.0;6.0;4.0;2.0;1.0,160.0;286.66666666666663;466.66666666666674;533.3333333333334;517.5438596491229;375.0;215.38461538461536;99.99999999999989
4,12.0;10.0;8.0;8.0;8.0,500.0;400.0;528.5714285714286;720.0
3,11.0;8.0;8.0;8.0,266.6666666666667;500.0;822.2222222222222
2,12.0;10.0;9.0,500.0;588.8888888888889
1,13.0;11.0,550.0
1,10.0;9.0,900.0
1,8.0;8.0,999900.0
1,13.0;11.0,550.0
