numPlayed,heuristicList,remainingTime
14,22.0;19.0;17.0;15.0;13.0;13.0;12.0;12.0;10.0;9.0;8.0;8.0;6.0;4.0;2.0,63.33333333333334;67.33333333333333;64.34782608695652;58.18181818181819;63.84615384615384;66.52173913043478;73.52941176470588;69.46502057613168;64.4859813084112;58.69565217391306;56.41025641025638;48.30188679245285;36.86567164179104;23.885601577909284
2,21.0;18.0;17.0,60.0;83.33333333333333
1,20.0;19.0,190.0
1,21.0;19.0,95.0
1,21.0;21.0,999990.0
1,20.0;19.0,190.0
1,21.0;20.0,200.0
1,21.0;20.0,200.0
1,20.0;19.0,190.0
1,20.0;19.0,190.0
1,21.0;20.0,200.0
