numPlayed,heuristicList,remainingTime
4,22.0;20.0;17.0;14.0;2.147483647E9,100.0;68.66666666666667;52.592592592592595;999960.0
4,22.0;20.0;18.0;17.0;17.0,100.0;90.0;98.23529411764704;124.61538461538461
3,21.0;19.0;17.0;17.0,95.0;85.0;117.14285714285714
3,21.0;19.0;17.0;17.0,95.0;85.0;117.14285714285714
1,21.0;20.0,200.0
1,21.0;21.0,999990.0
1,21.0;20.0,200.0
1,20.0;19.0,190.0
1,21.0;20.0,200.0
1,20.0;19.0,190.0
1,21.0;20.0,200.0
