numPlayed,heuristicList,remainingTime
5,20.0;17.0;15.0;14.0;14.0;2.147483647E9,56.66666666666667;59.33333333333333;67.5;86.66666666666667;999950.0
4,20.0;17.0;14.0;14.0;15.0,56.66666666666667;46.66666666666667;62.38095238095238;103.0769230769231
4,20.0;17.0;15.0;15.0;14.0,56.66666666666667;59.33333333333333;83.52941176470588;95.7142857142857
3,21.0;18.0;17.0;17.0,60.0;83.33333333333333;125.38461538461539
1,20.0;19.0,190.0
1,20.0;19.0,190.0
1,21.0;20.0,200.0
1,20.0;19.0,190.0
1,19.0;19.0,999990.0
1,21.0;20.0,200.0
1,21.0;21.0,999990.0
