numPlayed,heuristicList,remainingTime
11,20.0;18.0;17.0;16.0;15.0;14.0;14.0;11.0;10.0;10.0;10.0;2.147483647E9,90.0;112.22222222222223;121.53846153846152;123.33333333333334;120.83333333333334;132.85714285714283;106.12903225806451;90.43478260869566;85.73770491803279;85.96491228070175;999890.0
3,22.0;20.0;19.0;18.0,100.0;125.55555555555554;136.9230769230769
1,21.0;20.0,200.0
1,21.0;20.0,200.0
1,22.0;21.0,210.0
1,20.0;19.0,190.0
1,22.0;21.0,210.0
1,21.0;20.0,200.0
