numPlayed,heuristicList,remainingTime
3,13.0;11.0;9.0;2.147483647E9,55.0;45.0;999970.0
2,13.0;11.0;11.0,55.0;106.66666666666666
1,13.0;12.0,120.0
1,14.0;13.0,130.0
1,13.0;12.0,120.0
1,11.0;11.0,999990.0
1,13.0;11.0,55.0
1,11.0;11.0,999990.0
1,13.0;12.0,120.0
1,13.0;12.0,120.0
1,13.0;11.0,55.0
