numPlayed,heuristicList,remainingTime
8,11.0;9.0;6.0;4.0;3.0;2.0;1.0;0.0;1.0,45.0;24.666666666666664;16.25;11.42857142857143;6.410256410256409;0.6382978723404307;-5.92307692307692;-8.776371308016877
1,14.0;13.0,130.0
1,12.0;11.0,110.0
1,13.0;11.0,55.0
1,13.0;11.0,55.0
1,13.0;12.0,120.0
1,14.0;13.0,130.0
1,11.0;9.0,45.0
