numPlayed,heuristicList,remainingTime
79,7.0;6.0;5.0;5.0;5.0;5.0;5.0;5.0;5.0;5.0;5.0;5.0;5.0;5.0;5.0;5.0;4.0;4.0;4.0;4.0;3.0;3.0;3.0;3.0;3.0;3.0;3.0;3.0;3.0;3.0;3.0;3.0;3.0;3.0;3.0;3.0;3.0;3.0;3.0;3.0;3.0;2.0;2.0;2.0;2.0;2.0;2.0;2.0;2.0;2.0;2.0;2.0;2.0;2.0;2.0;2.0;2.0;2.0;2.0;2.0;2.0;2.0;2.0;2.0;2.0;2.0;2.0;2.0;2.0;2.0;2.0;2.0;2.0;2.0;2.0;2.0;2.0;2.0;2.0;2.147483647E9,60.0;50.0;67.14285714285712;91.99999999999997;123.07692307692307;160.0;202.63157894736844;250.90909090909088;304.7999999999999;364.2857142857143;429.35483870967744;500.0;576.2162162162163;658.0000000000001;745.3488372093024;593.5483870967739;519.7942386831276;480.0000000000001;458.2352941176471;373.41772151898726;324.06091370558386;292.7118644067797;271.8181818181818;257.5796178343948;247.87535410764872;241.4285714285714;237.4245939675174;235.31914893617022;234.73477406679763;235.40145985401455;237.12095400340718;239.7444089456868;243.15789473684208;247.27272727272725;252.01884253028254;257.3401534526854;263.19123020706445;269.5348837209302;276.3403781979978;283.5820895522389;268.3660772757039;255.6466302367943;244.93208828522916;235.85585585585568;228.13901345291492;221.56558533145278;215.96573208722748;211.20405576679332;207.17129071170086;203.7782892213272;200.95159515951616;198.63013698630152;196.76272328951802;195.30612244897975;194.223573433115;193.48361887586418;193.05918189730198;192.92682926829264;193.06617846487654;193.45941686367235;194.09090909090912;194.94687422782306;196.01511879049667;197.2848145556335;198.74631268436565;200.39098740887994;202.2111039380245;204.1997063142437;206.3505217925108;208.65787896944278;211.11663740979134;213.72212692967412;216.4700950251539;219.35666119919824;222.3782771535581;225.5316919853326;228.8139216692323;232.2222222222225;999210.0
15,7.0;6.0;5.0;5.0;5.0;5.0;5.0;5.0;5.0;5.0;5.0;5.0;5.0;5.0;5.0;5.0,60.0;50.0;67.14285714285712;91.99999999999997;123.07692307692307;160.0;202.63157894736844;250.90909090909088;304.7999999999999;364.2857142857143;429.35483870967744;500.0;576.2162162162163;658.0000000000001;745.3488372093024
14,3.0;2.0;2.0;2.0;2.0;2.0;2.0;2.0;2.0;2.0;2.0;2.0;2.0;2.0;2.0,20.0;36.666666666666664;60.000000000000014;90.0;126.66666666666666;170.0;220.0;276.66666666666663;340.0;409.99999999999994;486.66666666666674;570.0000000000001;660.0;756.6666666666666
1,3.0;3.0,999990.0
1,5.0;5.0,999990.0
1,3.0;3.0,999990.0
1,3.0;3.0,999990.0
1,3.0;3.0,999990.0
1,5.0;5.0,999990.0
1,3.0;3.0,999990.0
1,5.0;5.0,999990.0
