numPlayed,heuristicList,remainingTime
2,28.0;20.0;2.147483647E9,250.0;999800.0
1,27.0;23.0,575.0
1,27.0;24.0,800.0
1,27.0;25.0,1250.0
1,25.0;23.0,1150.0
1,28.0;23.0,460.0
1,25.0;22.0,733.3333333333334
1,25.0;20.0,400.0
1,26.0;22.0,550.0
1,27.0;21.0,350.0
1,27.0;24.0,800.0
