numPlayed,heuristicList,remainingTime
2,26.0;19.0;2.147483647E9,271.4285714285714;999800.0
1,26.0;21.0,420.0
1,27.0;23.0,575.0
1,25.0;25.0,999900.0
1,28.0;23.0,460.0
1,27.0;23.0,575.0
1,27.0;21.0,350.0
1,27.0;21.0,350.0
1,27.0;23.0,575.0
1,27.0;24.0,800.0
1,26.0;24.0,1200.0
