numPlayed,heuristicList,remainingTime
5,27.0;19.0;13.0;9.0;4.0;1.0,237.5;180.9523809523809;133.33333333333337;57.14285714285717;-12.104283054003702
1,27.0;25.0,1250.0
1,27.0;20.0,285.71428571428567
1,27.0;19.0,237.5
1,26.0;24.0,1200.0
1,26.0;24.0,1200.0
1,28.0;24.0,600.0
1,26.0;24.0,1200.0
