numPlayed,heuristicList,remainingTime
2,26.0;13.0;2.147483647E9,100.0;999800.0
1,27.0;19.0,237.5
1,27.0;24.0,800.0
1,26.0;22.0,550.0
1,28.0;20.0,250.0
1,26.0;19.0,271.4285714285714
1,26.0;24.0,1200.0
1,27.0;23.0,575.0
1,26.0;19.0,271.4285714285714
1,27.0;23.0,575.0
1,27.0;20.0,285.71428571428567
