numPlayed,heuristicList,remainingTime
7,11.0;9.0;8.0;7.0;6.0;4.0;2.0;1.0,450.0;522.2222222222223;523.0769230769231;483.33333333333326;333.33333333333337;182.05128205128187;77.11864406779671
5,14.0;9.0;8.0;8.0;8.0;8.0,180.0;244.44444444444446;363.1578947368421;523.0769230769231;722.2222222222222
3,11.0;8.0;8.0;8.0,266.6666666666667;500.0;822.2222222222222
3,11.0;8.0;8.0;8.0,266.6666666666667;500.0;822.2222222222222
3,11.0;8.0;8.0;8.0,266.6666666666667;500.0;822.2222222222222
1,10.0;9.0,900.0
1,13.0;11.0,550.0
1,13.0;11.0,550.0
