numPlayed,heuristicList,remainingTime
37,21.0;17.0;16.0;15.0;15.0;15.0;15.0;14.0;14.0;14.0;14.0;14.0;14.0;13.0;13.0;13.0;14.0;14.0;13.0;13.0;13.0;13.0;13.0;13.0;13.0;13.0;13.0;13.0;12.0;12.0;12.0;12.0;12.0;12.0;12.0;12.0;12.0;2.147483647E9,42.5;62.0;75.78947368421053;100.0;131.08108108108107;168.26086956521743;181.77419354838707;202.73504273504284;228.8297872340425;259.09090909090907;293.04232804232805;330.42253521126753;336.0233918128655;348.1333333333334;364.8471615720524;417.8512396694216;474.44444444444446;493.21678321678314;515.4574132492114;540.6130268199233;568.311345646438;598.2926829268292;630.3703703703704;664.406779661017;700.2982107355865;737.9650436953808;777.3451327433629;773.1410256410256;774.1825280624696;779.3800539083556;787.9650436953807;799.3798449612402;813.2100108813929;829.1411042944783;846.9302475088396;866.3868613138688;999630.0
27,21.0;18.0;17.0;16.0;16.0;16.0;16.0;15.0;14.0;14.0;14.0;14.0;14.0;14.0;14.0;14.0;14.0;14.0;14.0;14.0;14.0;14.0;14.0;14.0;14.0;14.0;14.0;14.0,60.0;83.33333333333333;97.49999999999999;126.66666666666669;164.58333333333331;210.0;222.72727272727275;214.70085470085473;221.28712871287132;235.4838709677419;254.67120181405897;277.64705882352945;303.7823834196891;332.7160493827161;364.22594142259413;398.1679389312977;434.44444444444446;472.9870129870129;513.7462235649548;556.6854990583806;601.7771883289125;649.0;698.3372734436564;749.7757847533632;803.3049040511726;858.9159891598915;916.6019417475729
20,18.0;17.0;16.0;16.0;16.0;15.0;14.0;14.0;14.0;14.0;14.0;14.0;14.0;14.0;14.0;14.0;14.0;14.0;14.0;14.0;14.0,170.0;160.0;224.28571428571428;312.0;292.59259259259255;250.0;252.60869565217394;271.11111111111114;298.3783783783784;331.81818181818176;370.26143790849676;413.1034482758621;460.0;510.74074074074076;565.1898734177215;623.2558139534883;684.8745519713262;750.0;818.5981308411214;890.6432748538011
5,17.0;16.0;16.0;16.0;16.0;16.0,160.0;316.66666666666663;526.6666666666666;789.9999999999999;1106.6666666666667
5,17.0;16.0;16.0;16.0;16.0;16.0,160.0;316.66666666666663;526.6666666666666;789.9999999999999;1106.6666666666667
1,16.0;16.0,999990.0
1,17.0;17.0,999990.0
1,17.0;17.0,999990.0
