numPlayed,heuristicList,remainingTime
49,7.0;6.0;5.0;5.0;5.0;5.0;5.0;5.0;5.0;5.0;4.0;3.0;3.0;3.0;3.0;3.0;3.0;3.0;3.0;3.0;3.0;3.0;3.0;3.0;3.0;3.0;3.0;3.0;3.0;3.0;3.0;3.0;3.0;3.0;3.0;3.0;3.0;3.0;3.0;3.0;3.0;3.0;3.0;3.0;3.0;3.0;3.0;3.0;3.0;2.147483647E9,600.0;500.0;671.4285714285713;920.0;1230.769230769231;1600.0;2026.3157894736846;2509.090909090909;3047.999999999999;2499.9999999999995;1756.4516129032254;1451.1627906976742;1300.0;1222.3880597014922;1186.7088607594933;1178.0219780219782;1188.3495145631064;1213.0434782608704;1249.212598425197;1294.964028776979;1349.006622516556;1410.4294478527609;1478.5714285714284;1552.9411764705887;1633.165829145728;1718.9573459715639;1810.089686098655;1906.3829787234044;2007.6923076923076;2113.8996138996145;2224.9077490774907;2340.636042402827;2461.016949152543;2585.993485342018;2715.51724137931;2849.546827794561;2988.0466472303215;3130.985915492958;3278.3378746594008;3430.0791556728245;3586.1892583120207;3746.6501240694797;3911.445783132531;4080.56206088993;4253.986332574033;4431.707317073169;4613.714902807775;4799.999999999998;995100.0
7,6.0;5.0;5.0;5.0;5.0;5.0;5.0;5.0,500.0;966.6666666666665;1600.0;2400.0;3366.6666666666665;4500.0;5800.0
1,3.0;3.0,999900.0
1,3.0;3.0,999900.0
1,3.0;3.0,999900.0
1,5.0;5.0,999900.0
1,3.0;3.0,999900.0
1,3.0;3.0,999900.0
1,3.0;3.0,999900.0
1,5.0;5.0,999900.0
1,3.0;3.0,999900.0
