numPlayed,heuristicList,remainingTime
61,4.0;3.0;3.0;3.0;3.0;3.0;3.0;3.0;3.0;3.0;3.0;3.0;3.0;3.0;3.0;3.0;3.0;3.0;3.0;3.0;3.0;3.0;3.0;3.0;3.0;3.0;3.0;3.0;3.0;3.0;3.0;3.0;3.0;3.0;3.0;3.0;3.0;3.0;3.0;3.0;3.0;3.0;3.0;3.0;3.0;3.0;3.0;2.0;2.0;2.0;2.0;2.0;2.0;2.0;2.0;2.0;2.0;2.0;2.0;2.0;2.0;2.147483647E9,300.0;566.6666666666666;933.3333333333333;1400.0;1966.6666666666665;2633.3333333333335;3400.0;4266.666666666667;5233.333333333335;6299.999999999999;7466.666666666668;8733.333333333334;10099.999999999998;11566.666666666666;13133.333333333334;14800.0;16566.666666666664;18433.333333333336;20399.999999999996;22466.666666666664;24633.333333333332;26900.0;29266.666666666664;31733.333333333336;34300.0;36966.66666666667;39733.333333333336;42600.0;45566.666666666664;48633.333333333336;51800.0;55066.666666666664;58433.33333333334;61900.00000000001;65466.66666666666;69133.33333333334;72900.0;76766.66666666669;80733.33333333333;84800.00000000001;88966.66666666666;93233.33333333334;97600.0;102066.66666666667;106633.33333333334;111300.0;56449.99999999999;38726.76056338028;29993.157894736847;24810.9243697479;21392.657342657334;18978.443113772457;17190.314136125653;15819.069767441859;14739.539748953972;13872.243346007603;13164.285714285714;12579.09967845659;12090.597014925374;11679.665738161559;993900.0
1,3.0;3.0,999900.0
1,3.0;3.0,999900.0
1,5.0;5.0,999900.0
1,3.0;3.0,999900.0
1,3.0;3.0,999900.0
1,3.0;3.0,999900.0
1,3.0;3.0,999900.0
