numPlayed,heuristicList,remainingTime
32,8.0;7.0;5.0;5.0;4.0;4.0;4.0;4.0;2.0;2.0;2.0;2.0;2.0;2.0;2.0;2.0;2.0;2.0;2.0;2.0;2.0;2.0;2.0;2.0;2.0;2.0;2.0;2.0;2.0;2.0;2.0;2.0;2.0,700.0;344.44444444444457;418.18181818181824;380.0;413.79310344827593;478.9473684210527;565.9574468085107;396.2962962962961;315.463917525773;270.4918032786884;244.44444444444434;230.23255813953483;224.36548223350246;224.92492492492488;230.76923076923072;241.17647058823513;255.66778900112263;273.913043478261;295.6772334293946;320.78853046594986;349.11838790932006;380.5687203791467;415.0633855331844;452.5423728813562;492.95774647887356;536.2707535121331;582.4497257769654;631.4685314685316;683.3054159687331;737.9421221864945;795.3632148377123;855.5555555555552
10,9.0;7.0;6.0;5.0;5.0;5.0;5.0;5.0;4.0;4.0;2.147483647E9,350.0;388.8888888888888;369.23076923076917;440.0;549.3827160493827;688.2352941176471;853.6585365853659;814.2857142857142;828.1690140845069;999000.0
4,8.0;7.0;6.0;6.0;6.0,700.0;600.0;814.2857142857142;1120.0
4,8.0;7.0;6.0;6.0;6.0,700.0;600.0;814.2857142857142;1120.0
4,8.0;7.0;6.0;6.0;6.0,700.0;600.0;814.2857142857142;1120.0
2,8.0;7.0;7.0,700.0;1366.6666666666665
2,8.0;7.0;7.0,700.0;1366.6666666666665
1,7.0;7.0,999900.0
