numPlayed,heuristicList,remainingTime
3,63.0;60.0;60.0;60.0,200.0;396.6666666666667;660.0
3,56.0;54.0;54.0;2.147483647E9,270.0;536.6666666666666;999970.0
1,70.0;69.0,690.0
1,56.0;55.0,550.0
1,52.0;56.0,999990.0
1,67.0;66.0,660.0
1,71.0;71.0,999990.0
1,60.0;60.0,999990.0
1,60.0;61.0,999990.0
1,56.0;55.0,550.0
1,71.0;70.0,700.0
