numPlayed,heuristicList,remainingTime
6,60.0;59.0;58.0;56.0;55.0;56.0;56.0,590.0;580.0;433.0769230769231;423.0769230769231;565.1960784313726;731.9047619047619
2,56.0;55.0;56.0,550.0;999980.0
2,66.0;65.0;2.147483647E9,650.0;999980.0
1,55.0;56.0,999990.0
1,54.0;54.0,999990.0
1,54.0;56.0,999990.0
1,71.0;71.0,999990.0
1,55.0;56.0,999990.0
