numPlayed,heuristicList,remainingTime
9,68.0;67.0;66.0;65.0;64.0;63.0;60.0;60.0;60.0;2.147483647E9,670.0;660.0;650.0;640.0;630.0;502.9411764705882;498.3168316831683;530.1492537313433;999910.0
5,64.0;63.0;60.0;60.0;60.0;60.0,630.0;301.6666666666667;396.6666666666667;538.1818181818182;713.2183908045977
2,56.0;52.0;56.0,130.0;999980.0
1,60.0;61.0,999990.0
1,60.0;61.0,999990.0
1,69.0;68.0,680.0
1,55.0;56.0,999990.0
1,60.0;61.0,999990.0
1,60.0;60.0,999990.0
1,60.0;61.0,999990.0
1,54.0;54.0,999990.0
