numPlayed,heuristicList,remainingTime
2,8.0;5.0;5.0,166.66666666666669;300.0
2,7.0;5.0;2.147483647E9,250.0;999800.0
1,6.0;5.0,500.0
1,5.0;5.0,999900.0
1,6.0;5.0,500.0
1,5.0;5.0,999900.0
1,6.0;5.0,500.0
1,6.0;5.0,500.0
1,6.0;5.0,500.0
1,9.0;7.0,350.0
1,6.0;5.0,500.0
