numPlayed,heuristicList,remainingTime
3,8.0;5.0;5.0;2.147483647E9,166.66666666666669;300.0;999700.0
1,6.0;5.0,500.0
1,5.0;5.0,999900.0
1,6.0;5.0,500.0
1,6.0;5.0,500.0
1,6.0;5.0,500.0
1,6.0;5.0,500.0
1,6.0;5.0,500.0
