numPlayed,heuristicList,remainingTime
11,15.0;10.0;9.0;8.0;8.0;6.0;5.0;4.0;3.0;2.0;1.0;2.147483647E9,200.0;277.7777777777778;327.27272727272737;424.9999999999999;378.2051282051282;325.6410256410255;264.8648648648648;196.49122807017545;121.78217821782175;41.98473282442751;998900.0
6,16.0;11.0;10.0;9.0;8.0;7.0;7.0,220.0;311.11111111111114;372.72727272727275;400.0000000000001;396.9696969696969;435.135135135135
5,16.0;11.0;10.0;9.0;8.0;8.0,220.0;311.11111111111114;372.72727272727275;400.0000000000001;473.33333333333337
5,16.0;11.0;10.0;9.0;8.0;8.0,220.0;311.11111111111114;372.72727272727275;400.0000000000001;473.33333333333337
2,14.0;11.0;10.0,366.6666666666667;483.33333333333326
1,11.0;10.0,1000.0
1,15.0;14.0,1400.0
1,14.0;13.0,1300.0
1,16.0;14.0,700.0
1,16.0;15.0,1500.0
1,16.0;14.0,700.0
