numPlayed,heuristicList,remainingTime
12,14.0;11.0;10.0;9.0;8.0;8.0;6.0;5.0;4.0;3.0;2.0;1.0;1.0,366.6666666666667;483.33333333333326;537.5;542.8571428571429;625.0;525.0;434.7368421052631;346.26865671641804;257.1428571428571;166.66666666666652;74.75728155339812;7.407407407407391
8,17.0;12.0;11.0;10.0;9.0;8.0;8.0;8.0;8.0,240.0;344.44444444444457;418.18181818181824;455.55555555555566;460.6060606060605;510.8108108108106;587.0967741935485;683.3333333333333
6,15.0;12.0;11.0;10.0;9.0;8.0;8.0,400.0;533.3333333333333;600.0;614.2857142857143;592.5925925925926;641.9354838709678
6,14.0;11.0;10.0;9.0;8.0;8.0;8.0,366.6666666666667;483.33333333333326;537.5;542.8571428571429;625.0;746.153846153846
1,13.0;12.0,1200.0
1,12.0;11.0,1100.0
1,14.0;13.0,1300.0
1,14.0;13.0,1300.0
