numPlayed,heuristicList,remainingTime
11,17.0;16.0;16.0;16.0;16.0;16.0;16.0;16.0;16.0;16.0;16.0;16.0,160.0;316.66666666666663;526.6666666666666;789.9999999999999;1106.6666666666667;1476.6666666666667;1900.0000000000002;2376.6666666666665;2906.666666666667;3490.0;4126.666666666666
11,17.0;16.0;16.0;16.0;16.0;16.0;16.0;16.0;16.0;16.0;16.0;16.0,160.0;316.66666666666663;526.6666666666666;789.9999999999999;1106.6666666666667;1476.6666666666667;1900.0000000000002;2376.6666666666665;2906.666666666667;3490.0;4126.666666666666
11,17.0;16.0;16.0;16.0;16.0;16.0;16.0;16.0;16.0;16.0;16.0;16.0,160.0;316.66666666666663;526.6666666666666;789.9999999999999;1106.6666666666667;1476.6666666666667;1900.0000000000002;2376.6666666666665;2906.666666666667;3490.0;4126.666666666666
11,17.0;16.0;16.0;16.0;16.0;16.0;16.0;16.0;16.0;16.0;16.0;16.0,160.0;316.66666666666663;526.6666666666666;789.9999999999999;1106.6666666666667;1476.6666666666667;1900.0000000000002;2376.6666666666665;2906.666666666667;3490.0;4126.666666666666
11,17.0;16.0;16.0;16.0;16.0;16.0;16.0;16.0;16.0;16.0;16.0;16.0,160.0;316.66666666666663;526.6666666666666;789.9999999999999;1106.6666666666667;1476.6666666666667;1900.0000000000002;2376.6666666666665;2906.666666666667;3490.0;4126.666666666666
11,17.0;16.0;16.0;16.0;16.0;16.0;16.0;16.0;16.0;16.0;16.0;16.0,160.0;316.66666666666663;526.6666666666666;789.9999999999999;1106.6666666666667;1476.6666666666667;1900.0000000000002;2376.6666666666665;2906.666666666667;3490.0;4126.666666666666
11,17.0;16.0;16.0;16.0;16.0;16.0;16.0;16.0;16.0;16.0;16.0;2.147483647E9,160.0;316.66666666666663;526.6666666666666;789.9999999999999;1106.6666666666667;1476.6666666666667;1900.0000000000002;2376.6666666666665;2906.666666666667;3490.0;999890.0
11,17.0;16.0;16.0;16.0;16.0;16.0;16.0;16.0;16.0;16.0;16.0;16.0,160.0;316.66666666666663;526.6666666666666;789.9999999999999;1106.6666666666667;1476.6666666666667;1900.0000000000002;2376.6666666666665;2906.666666666667;3490.0;4126.666666666666
