numPlayed,heuristicList,remainingTime
6,17.0;16.0;16.0;16.0;16.0;16.0;16.0,160.0;316.66666666666663;526.6666666666666;789.9999999999999;1106.6666666666667;1476.6666666666667
6,17.0;16.0;16.0;16.0;16.0;16.0;16.0,160.0;316.66666666666663;526.6666666666666;789.9999999999999;1106.6666666666667;1476.6666666666667
6,17.0;16.0;16.0;16.0;16.0;16.0;2.147483647E9,160.0;316.66666666666663;526.6666666666666;789.9999999999999;1106.6666666666667;999940.0
5,17.0;16.0;16.0;16.0;16.0;16.0,160.0;316.66666666666663;526.6666666666666;789.9999999999999;1106.6666666666667
5,17.0;16.0;16.0;16.0;16.0;16.0,160.0;316.66666666666663;526.6666666666666;789.9999999999999;1106.6666666666667
5,17.0;16.0;16.0;16.0;16.0;16.0,160.0;316.66666666666663;526.6666666666666;789.9999999999999;1106.6666666666667
5,17.0;16.0;16.0;16.0;16.0;16.0,160.0;316.66666666666663;526.6666666666666;789.9999999999999;1106.6666666666667
5,17.0;16.0;16.0;16.0;16.0;16.0,160.0;316.66666666666663;526.6666666666666;789.9999999999999;1106.6666666666667
5,17.0;16.0;16.0;16.0;16.0;16.0,160.0;316.66666666666663;526.6666666666666;789.9999999999999;1106.6666666666667
5,17.0;16.0;16.0;16.0;16.0;16.0,160.0;316.66666666666663;526.6666666666666;789.9999999999999;1106.6666666666667
5,17.0;16.0;16.0;16.0;16.0;16.0,160.0;316.66666666666663;526.6666666666666;789.9999999999999;1106.6666666666667
