numPlayed,heuristicList,remainingTime
13,28.0;26.0;23.0;22.0;20.0;20.0;20.0;20.0;20.0;20.0;19.0;17.0;19.0;18.0,130.0;92.66666666666667;102.85714285714286;99.0;112.42937853107347;133.0769230769231;158.76288659793815;188.73563218390808;222.66666666666663;240.24390243902434;227.67441860465118;257.02479338842977;271.5248226950355
6,26.0;25.0;23.0;22.0;22.0;22.0;22.0,250.0;154.44444444444446;156.42857142857142;194.54545454545456;247.22222222222217;311.0526315789474
2,27.0;26.0;23.0,260.0;116.66666666666666
1,26.0;26.0,999990.0
1,27.0;27.0,999990.0
1,28.0;27.0,270.0
1,27.0;27.0,999990.0
1,28.0;27.0,270.0
