numPlayed,heuristicList,remainingTime
20,26.0;24.0;21.0;20.0;18.0;18.0;18.0;16.0;13.0;13.0;12.0;11.0;9.0;9.0;8.0;9.0;7.0;7.0;6.0;3.0;2.0,120.0;84.66666666666667;93.33333333333333;89.0;100.56497175141246;118.71794871794873;117.29729729729729;98.09523809523807;92.13333333333335;86.30136986301369;80.27027027027029;69.91525423728814;64.09407665505228;57.690821256038646;56.63716814159295;50.90909090909091;46.909492273730706;41.6225165562914;30.861581920903944;20.43795620437959
2,25.0;23.0;22.0,115.0;145.55555555555554
1,27.0;26.0,260.0
1,27.0;27.0,999990.0
1,26.0;26.0,999990.0
1,26.0;26.0,999990.0
1,27.0;26.0,260.0
1,26.0;26.0,999990.0
1,27.0;25.0,125.0
1,25.0;25.0,999990.0
1,28.0;26.0,130.0
