numPlayed,heuristicList,remainingTime
12,26.0;25.0;24.0;21.0;19.0;19.0;19.0;19.0;19.0;18.0;18.0;18.0;18.0,250.0;240.0;135.0;107.7777777777778;114.58333333333331;131.0526315789474;153.125;179.5402298850575;192.8275862068965;210.91954022988506;232.64367816091954;257.4137931034483
10,26.0;24.0;22.0;19.0;19.0;19.0;19.0;19.0;19.0;18.0;18.0,120.0;110.0;83.91304347826086;95.78947368421052;116.98113207547169;144.11764705882354;176.26506024096386;213.0612244897959;230.90163934426226;254.1095890410959
4,26.0;25.0;23.0;23.0;23.0,250.0;154.44444444444446;205.45454545454544;280.0
2,26.0;25.0;2.147483647E9,250.0;999980.0
1,26.0;26.0,999990.0
1,27.0;27.0,999990.0
1,27.0;26.0,260.0
1,27.0;26.0,260.0
1,27.0;26.0,260.0
1,27.0;27.0,999990.0
1,27.0;26.0,260.0
