numPlayed,heuristicList,remainingTime
47,80.0;78.0;73.0;72.0;72.0;72.0;72.0;72.0;72.0;72.0;70.0;68.0;66.0;66.0;66.0;66.0;66.0;66.0;64.0;60.0;60.0;60.0;60.0;59.0;54.0;54.0;54.0;54.0;54.0;54.0;54.0;55.0;54.0;54.0;54.0;54.0;54.0;54.0;49.0;48.0;46.0;48.0;42.0;45.0;45.0;45.0;44.0;2.147483647E9,3900.0;2100.0;2462.068965517241;3209.0909090909095;4169.491525423728;5310.810810810811;6622.471910112359;8100.000000000002;9741.176470588236;9954.545454545454;9310.900473933649;8404.109589041094;8106.7024128686335;8107.0484581497785;8282.242990654206;8574.025974025973;8951.219512195123;8925.552825552828;8249.056603773584;7879.444444444442;7693.467336683416;7627.868852459018;7529.24528301887;7001.309635173058;6662.287793047695;6446.334519572954;6315.734265734265;6247.329121194718;6226.113148245155;6241.935483870968;6345.996860282574;6411.787600778427;6499.279173972336;6605.4478976234;6727.971987830779;6865.039062499998;7015.213701589262;6913.1659056316585;6797.280168999207;6624.8175182481755;6580.35063752277;6312.250000000002;6211.111111111113;6136.504465099326;6084.126575765369;6016.669356140066;995300.0
7,75.0;72.0;72.0;72.0;70.0;70.0;70.0;70.0,2400.0;4766.666666666667;7933.333333333334;7020.000000000002;7860.215053763441;9242.857142857145;10962.264150943396
6,80.0;79.0;77.0;76.0;76.0;76.0;76.0,7900.0;5144.444444444445;5421.428571428571;6854.545454545455;8772.22222222222;11068.42105263158
2,73.0;72.0;72.0,7200.0;14366.666666666666
1,72.0;72.0,999900.0
1,80.0;80.0,999900.0
1,72.0;72.0,999900.0
1,72.0;72.0,999900.0
