numPlayed,heuristicList,remainingTime
28,80.0;79.0;75.0;72.0;72.0;72.0;70.0;70.0;70.0;70.0;70.0;66.0;66.0;66.0;67.0;67.0;67.0;65.0;64.0;64.0;64.0;64.0;65.0;64.0;64.0;65.0;65.0;64.0;64.0,7900.0;3020.0;2582.1428571428573;3086.95652173913;3851.5625;4125.531914893618;4645.967741935484;5314.285714285715;6096.195652173913;6976.635514018691;6616.550925925926;6608.839779005524;6789.220183486239;7316.129032258064;7902.877697841726;8542.857142857141;8733.849765258217;8793.430656934306;8960.920770877945;9207.775653282344;9516.493955094991;10076.282051282053;10461.253979916726;10886.295793758482;11555.697823303459;12252.565656565655;12749.915014164308;13277.659574468085
26,80.0;79.0;76.0;73.0;72.0;72.0;72.0;72.0;72.0;72.0;72.0;69.0;69.0;67.0;67.0;68.0;68.0;67.0;68.0;68.0;68.0;68.0;66.0;64.0;64.0;63.0;2.147483647E9,7900.0;3816.6666666666665;3058.333333333333;3254.545454545455;3869.791666666666;4690.47619047619;5667.3076923076915;6782.795698924731;8029.166666666666;9402.439024390245;9126.113671274961;9251.851851851852;8820.630372492835;8755.451713395638;9201.219512195123;9732.374100719422;10026.530612244898;10714.285714285716;11452.293577981653;12237.288135593219;13066.929133858266;13257.429718875506;12937.249782419496;12802.457757296464;12554.054054054053;997400.0
4,74.0;72.0;72.0;72.0;72.0,3600.0;7166.666666666667;11933.333333333334;17900.0
1,72.0;72.0,999900.0
1,72.0;72.0,999900.0
1,72.0;72.0,999900.0
1,80.0;80.0,999900.0
1,72.0;72.0,999900.0
1,80.0;80.0,999900.0
1,72.0;72.0,999900.0
1,72.0;72.0,999900.0
