numPlayed,heuristicList,remainingTime
33,77.0;73.0;72.0;72.0;72.0;72.0;70.0;69.0;69.0;66.0;66.0;66.0;66.0;66.0;63.0;63.0;63.0;63.0;63.0;60.0;60.0;61.0;60.0;57.0;57.0;57.0;57.0;57.0;57.0;58.0;57.0;57.0;58.0;57.0,1825.0;2860.0;4443.75;6454.545454545456;8875.0;8534.782608695652;8183.098591549295;8572.222222222219;7487.837837837838;7280.000000000002;7432.275132275132;7781.57894736842;8260.112359550561;7919.851851851852;7859.375;7964.890282131662;8181.056466302369;8477.723970944311;8245.649948822926;8173.167848699761;8369.39586645469;8461.41843971631;8186.5522174535035;8043.1965442764595;7992.040520984081;8008.921825050858;8078.170974155069;8189.181286549709;8436.543715846996;8602.85714285714;8795.284697508896;9110.986337263708;9340.554821664466
14,79.0;75.0;72.0;72.0;72.0;72.0;72.0;72.0;66.0;66.0;66.0;66.0;66.0;66.0;2.147483647E9,1875.0;2052.380952380952;2954.1666666666665;4152.941176470588;5609.848484848485;7314.814814814814;9264.0625;6725.68306010929;6131.666666666666;6088.235294117646;6294.03153153153;6645.197740112995;7096.3592233009695;998600.0
8,76.0;74.0;72.0;72.0;70.0;70.0;70.0;70.0;70.0,3700.0;3600.0;5099.999999999999;4999.999999999999;5777.777777777777;6900.0;8260.0;9822.222222222223
4,72.0;69.0;69.0;69.0;69.0,2300.0;4566.666666666667;7600.0;11400.0
3,72.0;70.0;70.0;70.0,3500.0;6966.666666666667;11600.0
1,80.0;80.0,999900.0
1,80.0;80.0,999900.0
1,72.0;72.0,999900.0
1,80.0;80.0,999900.0
1,72.0;72.0,999900.0
1,80.0;80.0,999900.0
