numPlayed,heuristicList,remainingTime
11,7.0;7.0;7.0;6.0;6.0;6.0;5.0;4.0;3.0;2.0;1.0;1.0,999990.0;999980.0;210.00000000000003;199.99999999999997;227.77777777777777;165.55555555555557;113.23529411764704;77.24137931034485;51.09890109890108;30.597014925373145;19.058380414312637
1,7.0;7.0,999990.0
1,7.0;7.0,999990.0
1,7.0;7.0,999990.0
1,7.0;7.0,999990.0
1,7.0;7.0,999990.0
1,7.0;7.0,999990.0
1,7.0;7.0,999990.0
1,7.0;7.0,999990.0
1,7.0;7.0,999990.0
1,7.0;7.0,999990.0
