numPlayed,heuristicList,remainingTime
1,21.0;9.0,75.0
1,21.0;17.0,425.0
1,21.0;13.0,162.5
1,21.0;16.0,320.0
1,20.0;18.0,900.0
1,21.0;10.0,90.9090909090909
1,21.0;10.0,90.9090909090909
1,20.0;13.0,185.71428571428567
1,21.0;13.0,162.5
1,22.0;2.147483647E9,999900.0
0,22.0,
