numPlayed,heuristicList,remainingTime
1,20.0;12.0,150.0
1,20.0;14.0,233.33333333333337
1,20.0;11.0,122.22222222222223
1,21.0;12.0,133.33333333333334
1,20.0;13.0,185.71428571428567
1,21.0;14.0,199.99999999999994
1,20.0;9.0,81.81818181818181
1,19.0;16.0,533.3333333333334
1,21.0;18.0,600.0
1,21.0;2.147483647E9,999900.0
0,20.0,
