numPlayed,heuristicList,remainingTime
2,20.0;10.0;2.0,100.0;18.518518518518505
1,21.0;18.0,600.0
1,21.0;11.0,110.0
1,22.0;14.0,175.0
1,20.0;16.0,400.0
1,22.0;16.0,266.6666666666667
1,22.0;18.0,450.0
1,21.0;13.0,162.5
