numPlayed,heuristicList,remainingTime
1,20.0;16.0,400.0
1,21.0;5.0,31.25
1,21.0;16.0,320.0
1,20.0;16.0,400.0
1,22.0;10.0,83.33333333333334
1,21.0;10.0,90.9090909090909
1,21.0;12.0,133.33333333333334
1,21.0;10.0,90.9090909090909
1,20.0;16.0,400.0
1,20.0;2.147483647E9,999900.0
0,21.0,
