numPlayed,heuristicList,remainingTime
83,19.0;17.0;16.0;17.0;15.0;15.0;15.0;16.0;16.0;17.0;17.0;17.0;17.0;17.0;17.0;17.0;17.0;18.0;18.0;18.0;17.0;15.0;14.0;14.0;15.0;14.0;15.0;16.0;16.0;16.0;16.0;16.0;16.0;17.0;17.0;17.0;17.0;17.0;15.0;16.0;17.0;17.0;17.0;17.0;17.0;13.0;14.0;14.0;15.0;15.0;15.0;14.0;15.0;15.0;16.0;15.0;15.0;14.0;15.0;16.0;14.0;16.0;12.0;15.0;16.0;16.0;16.0;16.0;16.0;15.0;13.0;14.0;14.0;13.0;14.0;15.0;15.0;13.0;13.0;12.0;13.0;13.0;14.0;2.147483647E9,850.0;1055.5555555555554;2314.285714285714;1900.0;2060.0;2382.3529411764707;3441.666666666666;4722.807017543859;8225.806451612902;14500.0;27068.6274509804;59319.99999999998;249600.00000000006;998600.0;998500.0;998400.0;998300.0;998200.0;998100.0;998000.0;997900.0;839299.9999999981;58146.87500000001;41544.0;28447.204968944097;25938.095238095248;27820.588235294115;29769.811320754718;31785.757575757576;33868.42105263157;36017.79661016949;38233.879781420765;46958.44748858448;58238.14432989691;73216.96252465482;93833.33333333333;123654.62184873947;92876.4705882353;93521.4285714286;119636.36363636366;157925.92592592587;218842.85714285704;329564.2857142855;589739.6825396826;134025.7731958763;91417.33333333333;71202.2988505747;65962.06896551726;62019.73180076628;58988.50574712644;52176.923076923085;50849.865951742635;49805.479452054795;52514.88833746897;51556.134259259255;50804.91684743312;47254.484088717436;47041.49908592321;49672.74114774115;46804.95867768594;49422.13930348258;42509.19540229885;42879.06976744187;45317.64705882353;47856.08607935441;50497.29364005413;53244.2477876106;56100.00000000001;56175.98684210525;51344.186046511626;49569.44294213086;48072.80080889787;45072.47706422016;44141.363373772394;44884.58280389666;45640.92792046396;43379.70240366271;41480.48090523338;38723.699421965306;37461.044176706826;36371.894498014735;36347.34246575342;991700.0
6,17.0;14.0;15.0;15.0;15.0;16.0;16.0,466.66666666666674;1433.3333333333335;2900.0;4866.666666666666;26583.333333333332;999400.0
3,18.0;15.0;17.0;18.0,500.0;3233.333333333334;999700.0
2,16.0;15.0;17.0,1500.0;999800.0
2,17.0;15.0;17.0,750.0;999800.0
2,17.0;16.0;17.0,1600.0;999800.0
2,17.0;16.0;17.0,1600.0;999800.0
1,15.0;15.0,999900.0
