numPlayed,heuristicList,remainingTime
86,20.0;15.0;17.0;18.0;18.0;19.0;16.0;17.0;14.0;15.0;15.0;16.0;17.0;17.0;16.0;17.0;17.0;17.0;18.0;18.0;18.0;18.0;18.0;18.0;17.0;18.0;14.0;14.0;14.0;16.0;16.0;16.0;16.0;16.0;16.0;15.0;16.0;16.0;17.0;17.0;17.0;14.0;16.0;16.0;17.0;17.0;17.0;14.0;14.0;15.0;15.0;16.0;14.0;15.0;14.0;16.0;15.0;16.0;15.0;15.0;15.0;16.0;16.0;16.0;16.0;16.0;16.0;15.0;15.0;13.0;13.0;14.0;11.0;14.0;15.0;15.0;15.0;13.0;13.0;13.0;12.0;12.0;11.0;11.0;10.0;4.0;0.0,300.0;1055.5555555555554;4225.0;17399.999999999996;999500.0;16100.000000000004;14350.0;5003.508771929824;4442.105263157894;4342.105263157894;5124.603174603176;6995.0;9356.578947368422;10152.71317829457;13259.259259259261;17136.842105263157;21972.300469483565;38975.00000000001;88692.00000000003;998000.0;997900.0;997800.0;997700.0;997600.0;997500.0;997400.0;86644.28571428572;43960.0;42280.426356589145;41221.649484536094;40601.38888888889;40304.761904761916;40255.76923076923;40402.127659574464;36259.58702064896;37023.33333333333;37854.59317585302;43059.70695970696;48969.164265129664;55696.96969696969;44720.71865443427;45646.72489082969;46628.125;52524.5997088792;59194.95412844037;66766.66666666666;54612.88305190745;46986.503067484664;44853.32409972298;43186.02693602693;44721.948212083844;40742.612419700214;39933.001328021244;37244.68085106383;38885.28896672504;38514.63146314632;40205.551020408166;39883.95061728395;39657.03486954402;39511.82197496523;41271.89226519337;43075.40009144947;44922.5476839237;46813.53179972936;48748.54390681004;50727.770360480645;50315.936507936516;50001.12994350283;45749.91965720408;42413.54466858791;41155.121293800534;36335.962877030164;35734.39677301064;36289.31042710569;36855.994407549806;37434.153005464475;35911.32634698847;34613.946587537095;33500.751879699244;31760.87701267557;30289.196279513475;28413.286713286718;26840.404651475437;25023.516402506444;21177.651101046395;17272.000690488512
3,18.0;15.0;17.0;18.0,500.0;3233.333333333334;999700.0
2,17.0;16.0;18.0,1600.0;999800.0
2,17.0;16.0;18.0,1600.0;999800.0
2,17.0;16.0;17.0,1600.0;999800.0
1,17.0;17.0,999900.0
1,17.0;17.0,999900.0
1,14.0;15.0,999900.0
1,16.0;17.0,999900.0
1,16.0;17.0,999900.0
1,15.0;17.0,999900.0
