numPlayed,heuristicList,remainingTime
4,19.0;13.0;11.0;11.0;2.147483647E9,216.66666666666669;258.33333333333337;369.23076923076917;999600.0
3,14.0;11.0;9.0;9.0,366.6666666666667;353.33333333333337;482.3529411764706
3,14.0;10.0;9.0;9.0,250.0;340.0;506.25
1,14.0;13.0,1300.0
1,14.0;14.0,999900.0
1,15.0;14.0,1400.0
1,15.0;14.0,1400.0
1,14.0;14.0,999900.0
1,14.0;13.0,1300.0
1,13.0;11.0,550.0
1,14.0;13.0,1300.0
