numPlayed,heuristicList,remainingTime
3,15.0;12.0;11.0;11.0,400.0;533.3333333333333;792.3076923076924
2,14.0;12.0;2.147483647E9,600.0;999800.0
2,18.0;14.0;14.0,350.0;666.6666666666667
2,14.0;12.0;11.0,600.0;722.2222222222223
1,13.0;12.0,1200.0
1,16.0;14.0,700.0
1,14.0;13.0,1300.0
1,15.0;13.0,650.0
1,14.0;13.0,1300.0
1,15.0;13.0,650.0
1,14.0;14.0,999900.0
