numPlayed,heuristicList,remainingTime
9,15.0;12.0;11.0;9.0;7.0;4.0;4.0;4.0;4.0;1.0,400.0;533.3333333333333;468.42105263157896;368.4210526315791;219.9074074074074;167.92452830188677;144.9999999999999;136.39846743295027;48.51063829787222
4,17.0;13.0;11.0;11.0;11.0,325.0;355.55555555555554;500.0;700.0
1,15.0;14.0,1400.0
1,15.0;13.0,650.0
1,13.0;12.0,1200.0
1,13.0;11.0,550.0
1,14.0;13.0,1300.0
1,14.0;13.0,1300.0
