numPlayed,heuristicList,remainingTime
6,16.0;13.0;11.0;10.0;9.0;9.0;2.147483647E9,433.33333333333337;433.33333333333337;475.0;494.11764705882354;576.3888888888889;999400.0
2,13.0;11.0;10.0,550.0;655.5555555555557
1,15.0;13.0,650.0
1,14.0;14.0,999900.0
1,13.0;12.0,1200.0
1,14.0;13.0,1300.0
1,14.0;13.0,1300.0
1,14.0;12.0,600.0
1,14.0;14.0,999900.0
1,14.0;14.0,999900.0
1,14.0;12.0,600.0
