numPlayed,heuristicList,remainingTime
13,14.0;11.0;10.0;9.0;8.0;8.0;6.0;5.0;4.0;3.0;2.0;1.0;0.0;1.0,36.66666666666667;48.33333333333333;53.75;54.28571428571428;62.500000000000014;52.500000000000014;43.473684210526315;34.626865671641795;25.714285714285708;16.66666666666667;7.475728155339823;-1.8461538461538396;-6.812227074235807
8,17.0;12.0;11.0;10.0;9.0;8.0;8.0;8.0;8.0,24.0;34.44444444444446;41.81818181818183;45.55555555555556;46.06060606060606;51.081081081081095;58.70967741935485;68.33333333333334
6,15.0;12.0;11.0;10.0;9.0;8.0;8.0,40.0;53.33333333333333;60.0;61.42857142857143;59.25925925925927;64.19354838709678
6,14.0;11.0;10.0;9.0;8.0;8.0;8.0,36.66666666666667;48.33333333333333;53.75;54.28571428571428;62.500000000000014;74.61538461538461
1,13.0;12.0,120.0
1,12.0;11.0,110.0
1,14.0;13.0,130.0
1,14.0;13.0,130.0
