numPlayed,heuristicList,remainingTime
6,16.0;11.0;10.0;9.0;8.0;7.0;2.147483647E9,22.0;31.111111111111114;37.27272727272728;40.0;39.6969696969697;999940.0
5,16.0;11.0;10.0;9.0;8.0;8.0,22.0;31.111111111111114;37.27272727272728;40.0;47.33333333333334
5,16.0;11.0;10.0;9.0;8.0;8.0,22.0;31.111111111111114;37.27272727272728;40.0;47.33333333333334
4,15.0;10.0;9.0;8.0;8.0,20.0;27.77777777777778;32.727272727272734;42.5
2,14.0;11.0;10.0,36.66666666666667;48.33333333333333
1,11.0;10.0,100.0
1,15.0;14.0,140.0
1,14.0;13.0,130.0
1,16.0;14.0,70.0
1,16.0;15.0,150.0
1,16.0;14.0,70.0
