numPlayed,heuristicList,remainingTime
4,10.0;5.0;5.0;5.0;5.0,10.0;16.66666666666667;26.66666666666667;40.0
4,10.0;5.0;5.0;5.0;5.0,10.0;16.66666666666667;26.66666666666667;40.0
4,10.0;5.0;5.0;5.0;5.0,10.0;16.66666666666667;26.66666666666667;40.0
4,9.0;5.0;5.0;5.0;2.147483647E9,12.5;21.666666666666657;35.0;999960.0
3,9.0;5.0;5.0;5.0,12.5;21.666666666666657;35.0
1,5.0;5.0,999990.0
1,6.0;5.0,50.0
1,8.0;7.0,70.0
1,6.0;5.0,50.0
1,5.0;5.0,999990.0
1,6.0;5.0,50.0
