numPlayed,heuristicList,remainingTime
3,10.0;5.0;5.0;2.147483647E9,10.0;16.66666666666667;999970.0
3,10.0;5.0;5.0;5.0,10.0;16.66666666666667;26.66666666666667
2,10.0;5.0;5.0,10.0;16.66666666666667
2,10.0;5.0;5.0,10.0;16.66666666666667
2,9.0;5.0;5.0,12.5;21.666666666666657
2,10.0;5.0;5.0,10.0;16.66666666666667
2,10.0;5.0;5.0,10.0;16.66666666666667
1,5.0;5.0,999990.0
1,5.0;5.0,999990.0
1,7.0;6.0,60.0
1,7.0;6.0,60.0
