numPlayed,heuristicList,remainingTime
25,25.0;23.0;22.0;22.0;17.0;15.0;15.0;15.0;15.0;17.0;17.0;20.0;17.0;15.0;12.0;10.0;9.0;8.0;7.0;7.0;8.0;8.0;8.0;7.0;3.0;1.0,1150.0;1455.5555555555554;2150.0;1082.3529411764707;813.7254901960787;790.1960784313726;838.9705882352941;925.4901960784314;1200.0000000000005;1509.9009900990095;2322.8828828828828;2694.117647058823;2678.3132530120483;2266.6666666666665;1848.7858719646797;1542.6621160409559;1300.407608695652;1097.787610619469;960.6343283582091;899.453551912568;856.5789473684208;827.1767810026386;775.7557794902191;620.266120777891;449.1413474240421
5,23.0;20.0;18.0;18.0;20.0;20.0,666.6666666666667;713.3333333333333;1011.7647058823529;2275.0000000000005;4377.777777777777
4,22.0;21.0;20.0;19.0;20.0,2100.0;2000.0;1900.0;3199.9999999999995
4,22.0;20.0;19.0;19.0;20.0,1000.0;1255.5555555555554;1850.0;3800.0
3,21.0;20.0;19.0;20.0,2000.0;1900.0;4850.0
3,22.0;21.0;20.0;20.0,2100.0;2000.0;2814.285714285714
2,20.0;19.0;19.0,1900.0;3766.6666666666665
2,20.0;19.0;19.0,1900.0;3766.6666666666665
