numPlayed,heuristicList,remainingTime
14,37.0;31.0;30.0;27.0;27.0;27.0;28.0;27.0;25.0;24.0;23.0;23.0;24.0;25.0;25.0,516.6666666666667;833.3333333333333;858.0645161290322;1066.6666666666665;1356.410256410256;1878.947368421053;2263.8297872340427;2297.916666666667;2280.7017543859647;2232.142857142857;2280.746089049338;2508.176100628931;2900.578034682081;3322.816399286987
13,32.0;30.0;27.0;27.0;28.0;27.0;24.0;23.0;22.0;22.0;23.0;24.0;24.0;2.147483647E9,1500.0;1086.6666666666667;1461.1111111111113;2418.1818181818185;2967.741935483871;2389.6551724137935;2138.0434782608695;1988.0597014925374;2006.25;2240.3846153846152;2665.9388646288207;3129.6000000000004;998700.0
3,30.0;27.0;27.0;28.0,900.0;1766.6666666666667;4516.666666666666
3,37.0;34.0;34.0;35.0,1133.3333333333335;2233.3333333333335;5683.333333333333
1,29.0;29.0,999900.0
1,32.0;37.0,999900.0
1,27.0;27.0,999900.0
1,35.0;34.0,3400.0
