numPlayed,heuristicList,remainingTime
23,8.0;7.0;7.0;7.0;7.0;7.0;7.0;7.0;7.0;7.0;7.0;7.0;7.0;7.0;7.0;6.0;6.0;6.0;5.0;4.0;3.0;2.0;1.0;1.0,70.0;136.66666666666666;226.66666666666669;340.0;476.66666666666663;636.6666666666669;820.0;1026.6666666666665;1256.6666666666665;1510.0000000000002;1786.6666666666665;2086.6666666666665;2410.0;2756.6666666666665;1511.6666666666667;1151.3043478260875;991.6666666666667;716.25;498.59060402684577;349.24924924924926;246.55063291139237;173.14814814814815;129.82968369829683
14,8.0;7.0;7.0;7.0;7.0;7.0;7.0;7.0;7.0;7.0;7.0;7.0;7.0;7.0;7.0,70.0;136.66666666666666;226.66666666666669;340.0;476.66666666666663;636.6666666666669;820.0;1026.6666666666665;1256.6666666666665;1510.0000000000002;1786.6666666666665;2086.6666666666665;2410.0;2756.6666666666665
14,8.0;7.0;7.0;7.0;7.0;7.0;7.0;7.0;7.0;7.0;7.0;7.0;7.0;7.0;7.0,70.0;136.66666666666666;226.66666666666669;340.0;476.66666666666663;636.6666666666669;820.0;1026.6666666666665;1256.6666666666665;1510.0000000000002;1786.6666666666665;2086.6666666666665;2410.0;2756.6666666666665
14,8.0;7.0;7.0;7.0;7.0;7.0;7.0;7.0;7.0;7.0;7.0;7.0;7.0;7.0;7.0,70.0;136.66666666666666;226.66666666666669;340.0;476.66666666666663;636.6666666666669;820.0;1026.6666666666665;1256.6666666666665;1510.0000000000002;1786.6666666666665;2086.6666666666665;2410.0;2756.6666666666665
14,8.0;7.0;7.0;7.0;7.0;7.0;7.0;7.0;7.0;7.0;7.0;7.0;7.0;7.0;7.0,70.0;136.66666666666666;226.66666666666669;340.0;476.66666666666663;636.6666666666669;820.0;1026.6666666666665;1256.6666666666665;1510.0000000000002;1786.6666666666665;2086.6666666666665;2410.0;2756.6666666666665
14,8.0;7.0;7.0;7.0;7.0;7.0;7.0;7.0;7.0;7.0;7.0;7.0;7.0;7.0;7.0,70.0;136.66666666666666;226.66666666666669;340.0;476.66666666666663;636.6666666666669;820.0;1026.6666666666665;1256.6666666666665;1510.0000000000002;1786.6666666666665;2086.6666666666665;2410.0;2756.6666666666665
1,7.0;7.0,999990.0
1,7.0;7.0,999990.0
