numPlayed,heuristicList,remainingTime
4,35.0;30.0;27.0;24.0;2.147483647E9,600.0;666.6666666666667;655.5555555555555;999600.0
1,27.0;25.0,1250.0
1,25.0;24.0,2400.0
1,30.0;28.0,1400.0
1,34.0;30.0,750.0
1,28.0;25.0,833.3333333333334
1,25.0;24.0,2400.0
1,27.0;26.0,2600.0
1,28.0;26.0,1300.0
1,30.0;27.0,900.0
1,30.0;27.0,900.0
