numPlayed,heuristicList,remainingTime
5,27.0;22.0;20.0;17.0;11.0;2.0,440.0;557.1428571428571;521.875;324.32432432432427;108.695652173913
2,26.0;22.0;22.0,550.0;1066.6666666666665
2,25.0;21.0;20.0,525.0;780.0
1,35.0;35.0,999900.0
1,28.0;27.0,2700.0
1,28.0;25.0,833.3333333333334
1,27.0;24.0,800.0
1,32.0;29.0,966.6666666666667
