numPlayed,heuristicList,remainingTime
3,35.0;30.0;28.0;2.147483647E9,600.0;785.7142857142857;999700.0
2,35.0;31.0;29.0,775.0;955.5555555555557
1,25.0;25.0,999900.0
1,30.0;27.0,900.0
1,30.0;27.0,900.0
1,27.0;25.0,1250.0
1,25.0;24.0,2400.0
1,30.0;27.0,900.0
1,29.0;27.0,1350.0
1,28.0;26.0,1300.0
1,27.0;25.0,1250.0
