numPlayed,heuristicList,remainingTime
5,33.0;28.0;24.0;21.0;20.0;2.147483647E9,560.0;529.6296296296296;512.5;563.6363636363636;999500.0
1,27.0;26.0,2600.0
1,30.0;30.0,999900.0
1,28.0;27.0,2700.0
1,26.0;24.0,1200.0
1,30.0;27.0,900.0
1,27.0;24.0,800.0
1,35.0;30.0,600.0
1,30.0;26.0,650.0
1,30.0;27.0,900.0
1,31.0;28.0,933.3333333333335
