numPlayed,heuristicList,remainingTime
3,24.0;19.0;16.0;2.147483647E9,380.0;391.66666666666663;999700.0
1,22.0;20.0,1000.0
1,21.0;20.0,2000.0
1,24.0;21.0,700.0
1,25.0;24.0,2400.0
1,19.0;17.0,850.0
1,27.0;24.0,800.0
1,20.0;18.0,900.0
1,24.0;22.0,1100.0
1,24.0;20.0,500.0
1,20.0;16.0,400.0
