numPlayed,heuristicList,remainingTime
1,24.0;20.0,500.0
1,27.0;24.0,800.0
1,26.0;24.0,1200.0
1,20.0;20.0,999900.0
1,24.0;19.0,380.0
1,19.0;18.0,1800.0
1,20.0;18.0,900.0
1,23.0;20.0,666.6666666666667
1,21.0;20.0,2000.0
1,24.0;19.0,380.0
1,19.0;2.147483647E9,999900.0
