numPlayed,heuristicList,remainingTime
3,25.0;17.0;14.0;2.147483647E9,212.5;239.39393939393943;999700.0
1,21.0;18.0,600.0
1,20.0;20.0,999900.0
1,21.0;20.0,2000.0
1,24.0;21.0,700.0
1,24.0;21.0,700.0
1,20.0;20.0,999900.0
1,20.0;19.0,1900.0
1,24.0;22.0,1100.0
1,24.0;19.0,380.0
1,26.0;24.0,1200.0
