numPlayed,heuristicList,remainingTime
5,24.0;18.0;14.0;10.0;4.0;2.0,300.0;273.3333333333333;208.695652173913;91.66666666666669;19.230769230769283
1,24.0;22.0,1100.0
1,24.0;21.0,700.0
1,19.0;18.0,1800.0
1,24.0;22.0,1100.0
1,24.0;20.0,500.0
1,24.0;21.0,700.0
1,25.0;22.0,733.3333333333334
