numPlayed,heuristicList,remainingTime
11,13.0;10.0;9.0;8.0;7.0;7.0;6.0;5.0;4.0;3.0;1.0;1.0,33.333333333333336;43.33333333333333;47.5;47.14285714285714;53.750000000000014;52.758620689655174;47.22891566265059;39.310344827586206;30.189873417721515;16.36363636363636;7.541371158392451
2,12.0;10.0;10.0,50.0;96.66666666666666
2,13.0;10.0;10.0,33.333333333333336;63.33333333333334
1,11.0;10.0,100.0
1,10.0;9.0,90.0
1,12.0;11.0,110.0
1,11.0;10.0,100.0
1,11.0;10.0,100.0
1,10.0;9.0,90.0
1,11.0;10.0,100.0
1,10.0;9.0,90.0
