numPlayed,heuristicList,remainingTime
4,12.0;9.0;8.0;7.0;7.0,30.0;38.33333333333333;41.25;51.66666666666667
4,13.0;10.0;9.0;8.0;2.147483647E9,33.333333333333336;43.33333333333333;47.5;999960.0
3,14.0;10.0;10.0;9.0,25.0;46.66666666666667;56.66666666666667
2,11.0;9.0;8.0,45.0;52.22222222222223
2,11.0;9.0;8.0,45.0;52.22222222222223
1,13.0;11.0,55.0
1,11.0;10.0,100.0
1,11.0;10.0,100.0
