numPlayed,heuristicList,remainingTime
8,12.0;10.0;9.0;8.0;7.0;7.0;6.0;4.0;2.147483647E9,50.0;58.8888888888889;59.999999999999986;56.66666666666666;63.33333333333333;60.769230769230774;44.69879518072288;999920.0
3,12.0;10.0;9.0;9.0,50.0;58.8888888888889;85.0
1,11.0;10.0,100.0
1,11.0;10.0,100.0
1,11.0;10.0,100.0
1,12.0;11.0,110.0
1,10.0;9.0,90.0
1,11.0;10.0,100.0
1,11.0;10.0,100.0
1,12.0;11.0,110.0
1,12.0;11.0,110.0
