numPlayed,heuristicList,remainingTime
58,63.0;63.0;63.0;63.0;63.0;63.0;63.0;60.0;58.0;56.0;56.0;56.0;56.0;56.0;56.0;56.0;53.0;51.0;51.0;51.0;51.0;51.0;51.0;51.0;51.0;51.0;51.0;50.0;46.0;46.0;46.0;46.0;46.0;47.0;46.0;46.0;46.0;46.0;47.0;46.0;47.0;47.0;46.0;46.0;47.0;47.0;46.0;46.0;46.0;46.0;46.0;46.0;46.0;46.0;46.0;46.0;47.0;46.0;2.147483647E9,999900.0;999800.0;999700.0;999600.0;999500.0;999400.0;24700.0;12450.574712643678;8530.08849557522;7488.095238095237;7219.880418535127;7286.330935251799;7538.438438438439;7911.683848797251;8373.589164785553;8026.373626373628;7465.397755002443;7192.6829268292695;7089.759665621734;7097.501523461306;7183.103168155971;7326.900584795323;7516.389811738649;7743.239951278927;8001.6863406408065;8287.613082811413;8462.596153846154;8167.0628183361605;7977.203647416414;7864.511691884458;7810.36432160804;7802.080924855492;7920.415879017013;7972.060301507538;8050.465899303108;8151.74239082488;8272.89544793182;8494.191419141915;8643.975225225226;8891.124685591089;9148.472317941647;9331.0322156476;9525.675675675677;9816.222222222223;10115.345231129317;10335.459398707502;10565.472972972973;10804.894558708667;11053.302360622803;11310.332282318699;11575.668386491558;11849.035187287176;12130.191377034753;12418.924685299768;12715.04763877382;13113.512784186736;13421.869158878504;994200.0
1,63.0;63.0,999900.0
1,63.0;63.0,999900.0
1,63.0;63.0,999900.0
1,63.0;63.0,999900.0
1,63.0;63.0,999900.0
1,63.0;63.0,999900.0
1,63.0;63.0,999900.0
