numPlayed,heuristicList,remainingTime
2,2.0;1.0;1.0,10.0;16.666666666666664
2,2.0;1.0;2.147483647E9,10.0;999980.0
1,3.0;2.0,20.0
1,4.0;3.0,30.0
1,3.0;2.0,20.0
1,4.0;3.0,30.0
1,3.0;2.0,20.0
1,3.0;2.0,20.0
