numPlayed,heuristicList,remainingTime
6,3.0;2.0;1.0;1.0;1.0;0.0;1.0,20.0;10.0;9.999999999999993;12.0;0.9259259259259167;6.0
1,3.0;2.0,20.0
1,3.0;2.0,20.0
1,4.0;3.0,30.0
1,4.0;3.0,30.0
1,3.0;2.0,20.0
1,4.0;3.0,30.0
1,5.0;4.0,40.0
1,3.0;3.0,999990.0
1,3.0;3.0,999990.0
1,4.0;3.0,30.0
