numPlayed,heuristicList,remainingTime
3,2.0;1.0;1.0;2.147483647E9,10.0;16.666666666666664;999970.0
2,2.0;1.0;1.0,10.0;16.666666666666664
1,3.0;2.0,20.0
1,4.0;3.0,30.0
1,3.0;2.0,20.0
1,3.0;2.0,20.0
1,3.0;2.0,20.0
1,4.0;3.0,30.0
1,4.0;3.0,30.0
1,4.0;3.0,30.0
1,4.0;3.0,30.0
