numPlayed,heuristicList,remainingTime
1,16.0;10.0,166.66666666666669
1,16.0;16.0,999900.0
1,16.0;12.0,300.0
1,19.0;16.0,533.3333333333334
1,12.0;2.0,20.0
0,14.0,
0,18.0,
0,18.0,
