numPlayed,heuristicList,remainingTime
1,17.0;12.0,240.0
1,19.0;16.0,533.3333333333334
1,12.0;4.0,50.0
1,18.0;16.0,800.0
1,20.0;2.147483647E9,999900.0
0,16.0,
0,16.0,
0,19.0,
0,12.0,
0,19.0,
0,16.0,
