numPlayed,heuristicList,remainingTime
26,13.0;12.0;11.0;10.0;10.0;10.0;8.0;7.0;6.0;6.0;6.0;6.0;6.0;6.0;6.0;6.0;6.0;6.0;6.0;6.0;5.0;4.0;3.0;2.0;1.0;0.0;1.0,120.0;110.0;100.0;119.99999999999997;149.99999999999997;118.0;95.84615384615384;78.36734693877551;72.13740458015269;70.73170731707319;72.0304568527919;75.13043478260869;79.58174904942965;85.1351351351351;91.64133738601822;99.00552486187843;107.1645569620253;116.07476635514013;125.70498915401305;125.42153047989626;116.78571428571428;102.28070175438597;84.30469074304693;64.69344608879493;44.65888689407541;33.25902335456482
4,12.0;11.0;10.0;10.0;10.0,110.0;100.0;138.57142857142856;191.99999999999994
2,10.0;9.0;9.0,90.0;176.66666666666666
1,3.0;3.0,999990.0
1,10.0;10.0,999990.0
1,3.0;3.0,999990.0
1,10.0;10.0,999990.0
1,9.0;9.0,999990.0
1,3.0;3.0,999990.0
1,10.0;10.0,999990.0
1,3.0;3.0,999990.0
