numPlayed,heuristicList,remainingTime
26,16.0;13.0;12.0;11.0;10.0;10.0;10.0;10.0;8.0;8.0;8.0;8.0;6.0;5.0;4.0;4.0;4.0;4.0;4.0;4.0;4.0;4.0;4.0;4.0;4.0;4.0;2.147483647E9,43.333333333333336;58.33333333333333;66.25;68.57142857142857;80.0;96.15384615384616;115.9375;104.92753623188406;103.50000000000003;106.75675675675674;112.91666666666671;99.64912280701756;84.74402730375425;69.49820788530471;59.756097560975604;53.1320754716981;48.478379857690186;45.17441860465112;42.85528031290744;41.292356185973205;40.33513513513512;39.88047808764941;39.85534010464761;40.206540447504324;40.89443996776794;999740.0
10,18.0;16.0;13.0;12.0;11.0;10.0;10.0;10.0;10.0;10.0;10.0,80.0;52.66666666666666;55.23809523809524;57.777777777777786;58.33333333333334;64.73684210526318;74.375;86.4367816091954;100.58823529411765;116.66666666666671
1,3.0;3.0,999990.0
1,10.0;10.0,999990.0
1,3.0;3.0,999990.0
1,9.0;9.0,999990.0
1,3.0;3.0,999990.0
1,10.0;10.0,999990.0
