numPlayed,heuristicList,remainingTime
34,9.0;8.0;7.0;6.0;5.0;4.0;3.0;3.0;3.0;3.0;3.0;3.0;3.0;3.0;3.0;3.0;3.0;3.0;3.0;3.0;3.0;3.0;3.0;3.0;3.0;3.0;3.0;3.0;3.0;3.0;3.0;3.0;3.0;3.0;2.147483647E9,80.0;70.0;60.0;50.0;40.0;30.0;26.36363636363636;25.306122448979607;25.714285714285708;27.14285714285714;29.378881987577643;32.30769230769229;35.86206896551727;40.00000000000003;44.69387755102042;49.9248120300752;55.67944250871079;61.948051948051955;68.72340425531917;76.0;83.77358490566036;92.04081632653055;100.79903147699758;110.04608294930864;119.7802197802198;129.99999999999994;140.7042253521127;151.89189189189187;163.56215213358075;175.71428571428578;188.34767641996558;201.46179401993356;215.05617977528084;999660.0
3,11.0;10.0;10.0;10.0,100.0;196.66666666666666;326.66666666666663
1,3.0;3.0,999990.0
1,3.0;3.0,999990.0
1,9.0;9.0,999990.0
1,3.0;3.0,999990.0
1,9.0;9.0,999990.0
1,10.0;10.0,999990.0
1,3.0;3.0,999990.0
1,3.0;3.0,999990.0
1,10.0;10.0,999990.0
