numPlayed,heuristicList,remainingTime
53,21.0;19.0;19.0;18.0;18.0;18.0;18.0;18.0;19.0;19.0;19.0;19.0;19.0;19.0;19.0;19.0;19.0;20.0;20.0;20.0;20.0;21.0;21.0;21.0;21.0;21.0;21.0;21.0;21.0;21.0;21.0;21.0;22.0;22.0;19.0;20.0;17.0;17.0;17.0;17.0;18.0;15.0;12.0;13.0;11.0;10.0;9.0;9.0;10.0;8.0;4.0;4.0;3.0;1.0,950.0;1866.6666666666665;1988.8888888888891;2514.285714285714;3219.298245614035;4066.666666666665;5044.827586206896;8215.384615384619;12965.217391304346;20100.000000000004;30994.11764705882;48200.00000000001;77054.54545454548;130900.00000000003;255100.00000000003;767200.0000000005;998300.0;998200.0;998100.0;998000.0;997900.0;997800.0;997700.0;997600.0;997500.0;997400.0;997300.0;997200.0;997100.0;997000.0;996900.0;996800.0;996700.0;996600.0;996500.0;996400.0;996300.0;996200.0;996100.0;996000.0;995900.0;79019.74522292987;44396.3917525773;28404.548685145703;20416.355489171023;15626.09182530795;12759.24764890282;11110.638297872341;9489.93288590604;7704.739501655342;6463.9840813619285;5460.394537177539;4557.809694793537
17,21.0;19.0;19.0;18.0;18.0;18.0;18.0;18.0;19.0;19.0;19.0;19.0;19.0;19.0;19.0;19.0;19.0;20.0,950.0;1866.6666666666665;1988.8888888888891;2514.285714285714;3219.298245614035;4066.666666666665;5044.827586206896;8215.384615384619;12965.217391304346;20100.000000000004;30994.11764705882;48200.00000000001;77054.54545454548;130900.00000000003;255100.00000000003;767200.0000000005;998300.0
7,24.0;22.0;22.0;22.0;22.0;23.0;23.0;23.0,1100.0;2166.6666666666665;3599.9999999999995;5399.999999999998;15500.0;62899.999999999985;999300.0
6,23.0;22.0;21.0;21.0;21.0;22.0;23.0,2200.0;2100.0;2957.1428571428573;4120.000000000001;9229.166666666668;999400.0
4,22.0;21.0;21.0;21.0;22.0,2100.0;4166.666666666666;6933.333333333333;999600.0
3,23.0;22.0;22.0;24.0,2200.0;4366.666666666666;999700.0
3,24.0;22.0;23.0;24.0,1100.0;4500.0;999700.0
1,22.0;22.0,999900.0
