numPlayed,heuristicList,remainingTime
14,7.0;6.0;5.0;4.0;3.0;3.0;3.0;3.0;3.0;3.0;3.0;3.0;3.0;3.0;3.0,600.0;500.0;400.0;300.0;294.44444444444446;320.0;364.0;422.2222222222224;492.85714285714266;575.0;668.148148148148;771.9999999999995;886.3636363636365;1011.1111111111109
10,7.0;6.0;5.0;5.0;5.0;4.0;3.0;3.0;3.0;3.0;2.147483647E9,600.0;500.0;671.4285714285713;920.0;787.037037037037;575.0;517.391304347826;511.1111111111111;531.0810810810813;999000.0
5,7.0;6.0;5.0;5.0;5.0;5.0,600.0;500.0;671.4285714285713;920.0;1230.769230769231
4,7.0;6.0;5.0;5.0;5.0,600.0;500.0;671.4285714285713;920.0
2,7.0;6.0;6.0,600.0;1166.6666666666665
2,6.0;5.0;5.0,500.0;966.6666666666665
2,6.0;5.0;5.0,500.0;966.6666666666665
1,5.0;5.0,999900.0
