numPlayed,heuristicList,remainingTime
7,12.0;9.0;7.0;6.0;5.0;4.0;3.0;2.147483647E9,30.0;27.333333333333336;27.5;25.882352941176464;22.327044025157235;17.179487179487182;999930.0
1,14.0;13.0,130.0
1,11.0;10.0,100.0
1,13.0;13.0,999990.0
1,14.0;13.0,130.0
1,13.0;12.0,120.0
1,13.0;12.0,120.0
1,13.0;13.0,999990.0
1,13.0;12.0,120.0
1,13.0;12.0,120.0
1,13.0;13.0,999990.0
