numPlayed,heuristicList,remainingTime
9,12.0;9.0;6.0;5.0;4.0;3.0;2.0;1.0;0.0;1.0,30.0;20.0;18.333333333333336;15.999999999999993;12.295081967213115;7.272727272727266;1.1475409836065609;-5.853658536585371;-8.984771573604064
1,13.0;12.0,120.0
1,9.0;7.0,35.0
1,13.0;12.0,120.0
1,13.0;12.0,120.0
1,13.0;13.0,999990.0
1,13.0;12.0,120.0
1,12.0;9.0,30.0
1,13.0;12.0,120.0
1,14.0;13.0,130.0
1,14.0;13.0,130.0
