numPlayed,heuristicList,remainingTime
8,7.0;6.0;5.0;5.0;4.0;4.0;4.0;4.0;4.0,600.0;500.0;671.4285714285713;571.4285714285716;611.1111111111111;700.0;820.0;965.0793650793651
8,7.0;6.0;5.0;5.0;4.0;4.0;4.0;4.0;4.0,600.0;500.0;671.4285714285713;571.4285714285716;611.1111111111111;700.0;820.0;965.0793650793651
8,7.0;6.0;5.0;4.0;4.0;4.0;4.0;4.0;2.147483647E9,600.0;500.0;400.0;450.0000000000001;545.4545454545453;671.4285714285711;823.5294117647059;999200.0
7,7.0;6.0;5.0;4.0;4.0;4.0;4.0;4.0,600.0;500.0;400.0;450.0000000000001;545.4545454545453;671.4285714285711;823.5294117647059
4,7.0;6.0;5.0;5.0;5.0,600.0;500.0;671.4285714285713;920.0
2,6.0;5.0;5.0,500.0;966.6666666666665
2,6.0;5.0;5.0,500.0;966.6666666666665
2,6.0;5.0;5.0,500.0;966.6666666666665
2,6.0;5.0;5.0,500.0;966.6666666666665
2,6.0;5.0;5.0,500.0;966.6666666666665
2,6.0;5.0;5.0,500.0;966.6666666666665
