numPlayed,heuristicList,remainingTime
24,7.0;6.0;5.0;4.0;3.0;3.0;3.0;3.0;3.0;3.0;3.0;2.0;2.0;2.0;2.0;2.0;2.0;2.0;2.0;2.0;2.0;2.0;1.0;1.0;2.147483647E9,600.0;500.0;400.0;300.0;294.44444444444446;320.0;364.0;422.2222222222224;492.85714285714266;575.0;511.8811881188119;478.68852459016375;463.6363636363635;460.97560975609736;467.5675675675675;481.5533980582527;501.7621145374451;527.4193548387093;557.992565055762;593.1034482758619;632.4758842443725;540.6779661016944;467.33837111670846;997600.0
6,7.0;6.0;5.0;4.0;4.0;4.0;4.0,600.0;500.0;400.0;450.0000000000001;545.4545454545453;671.4285714285711
6,7.0;6.0;5.0;4.0;4.0;4.0;4.0,600.0;500.0;400.0;450.0000000000001;545.4545454545453;671.4285714285711
4,6.0;5.0;4.0;4.0;4.0,500.0;400.0;528.5714285714286;720.0
3,7.0;6.0;5.0;5.0,600.0;500.0;671.4285714285713
2,6.0;5.0;5.0,500.0;966.6666666666665
2,6.0;5.0;5.0,500.0;966.6666666666665
2,6.0;5.0;5.0,500.0;966.6666666666665
