numPlayed,heuristicList,remainingTime
26,35.0;34.0;33.0;32.0;33.0;33.0;34.0;34.0;33.0;32.0;32.0;32.0;32.0;32.0;32.0;32.0;32.0;32.0;32.0;32.0;32.0;32.0;32.0;32.0;32.0;32.0;2.147483647E9,340.0;330.0;320.0;536.6666666666667;808.3333333333334;1842.0000000000002;4655.0;3973.3333333333335;2343.9130434782605;1977.7777777777778;1875.9863945578234;1877.4193548387098;1932.6666666666665;2021.5151515151515;2134.1584158415844;2265.2631578947376;2411.679790026247;2571.428571428572;2743.2026143790854;2926.1044176706832;3119.4972067039116;3322.916666666667;3536.0162601626016;3758.532110091743;3990.2597402597403;999740.0
17,33.0;31.0;29.0;29.0;26.0;26.0;26.0;26.0;26.0;26.0;26.0;29.0;29.0;29.0;27.0;29.0;29.0;29.0,155.0;145.0;202.85714285714283;165.00000000000003;178.0;205.29411764705884;240.93023255813955;283.0769230769231;330.9836065573771;384.2857142857143;579.9200000000001;861.4545454545453;1272.6315789473688;1374.9382716049379;2012.637362637363;3007.5675675675675;4684.444444444444
15,34.0;33.0;32.0;32.0;32.0;32.0;32.0;32.0;32.0;32.0;32.0;32.0;32.0;32.0;32.0;32.0,330.0;320.0;452.8571428571428;632.0;850.0;1105.0;1396.3157894736842;1723.6363636363637;2086.7999999999997;2485.7142857142853;2920.3225806451615;3390.588235294119;3896.486486486487;4438.000000000001;5015.116279069767
12,34.0;33.0;32.0;32.0;32.0;32.0;32.0;32.0;32.0;32.0;32.0;32.0;33.0,330.0;320.0;452.8571428571428;632.0;850.0;1105.0;1396.3157894736842;1723.6363636363637;2086.7999999999997;2485.7142857142853;2920.3225806451615;5285.454545454545
11,35.0;34.0;33.0;32.0;31.0;33.0;33.0;33.0;33.0;33.0;33.0;33.0,340.0;330.0;320.0;310.0;552.5;894.0;1351.0000000000002;1939.9999999999998;2677.5;3580.0;4664.0
6,35.0;34.0;33.0;32.0;33.0;35.0;34.0,340.0;330.0;320.0;536.6666666666667;2920.833333333333;9410.0
2,33.0;32.0;33.0,320.0;999980.0
1,32.0;33.0,999990.0
