numPlayed,heuristicList,remainingTime
57,54.0;53.0;53.0;53.0;53.0;53.0;53.0;53.0;53.0;53.0;53.0;53.0;52.0;49.0;49.0;50.0;50.0;50.0;50.0;49.0;50.0;50.0;49.0;50.0;49.0;50.0;50.0;50.0;49.0;48.0;48.0;48.0;47.0;42.0;41.0;40.0;42.0;39.0;39.0;36.0;32.0;23.0;23.0;21.0;21.0;21.0;18.0;19.0;19.0;15.0;16.0;13.0;11.0;13.0;13.0;10.0;10.0;2.0,5300.0;10566.666666666666;17600.0;26400.0;36966.666666666664;49300.0;63399.99999999999;79266.66666666667;96900.0;116300.0;137466.66666666666;79783.33333333333;30909.21052631579;22254.166666666668;20809.090909090908;20277.227722772277;20255.369595536962;20556.521739130432;19801.204819277107;20641.30434782609;21585.643564356433;21471.42857142857;22663.71562709591;22817.26618705036;24186.4406779661;25611.11111111111;27090.273556231004;27436.111111111113;26835.429510891903;26508.869179600886;26385.901309164146;25600.0;21877.777777777777;19066.396292004636;16869.899183869416;15906.58783783784;14490.774240231549;13468.354430379746;12220.283147291046;10788.771283939253;8900.581539222967;7628.5847589424575;6605.887801005558;5850.794381763761;5271.245159975546;4714.584837545126;4300.531208499337;3961.8878532327253;3588.4550994441834;3298.8710271198906;2997.8053435114507;2708.879514353328;2492.5901180363335;2304.1121495327116;2098.339613266533;1917.1776607824913;1665.0219886302693
1,53.0;53.0,999900.0
1,53.0;53.0,999900.0
1,53.0;53.0,999900.0
1,53.0;53.0,999900.0
1,53.0;53.0,999900.0
1,53.0;53.0,999900.0
1,53.0;53.0,999900.0
