numPlayed,heuristicList,remainingTime
41,25.0;22.0;21.0;21.0;21.0;22.0;23.0;23.0;21.0;18.0;18.0;18.0;19.0;19.0;19.0;19.0;19.0;20.0;20.0;20.0;21.0;21.0;21.0;21.0;21.0;21.0;19.0;20.0;17.0;20.0;17.0;18.0;15.0;13.0;12.0;10.0;9.0;10.0;10.0;4.0;4.0;1.0,733.3333333333334;1033.3333333333333;1561.5384615384617;2244.444444444445;4027.7777777777774;10033.333333333332;30800.0;16183.33333333334;6305.66037735849;4722.222222222222;4197.900262467191;4410.526315789473;4693.220338983049;5029.37293729373;5409.691629955947;5828.571428571428;6769.487179487176;7786.567164179103;8880.434782608696;10916.666666666668;13325.0;16170.000000000004;19529.82456140351;23499.999999999996;28198.529411764714;26198.907103825135;27745.91439688717;21933.333333333332;23659.432234432228;20120.689655172413;19082.73921200751;15546.131805157594;12295.371367061358;10003.5175879397;8060.606060606064;6647.999999999998;5836.526410026858;5242.263759086189;4236.607142857143;3533.4773218142554;2850.565036025787
5,26.0;25.0;24.0;24.0;26.0;26.0,2500.0;2400.0;3385.714285714286;24800.0;999500.0
5,23.0;21.0;21.0;21.0;22.0;22.0,1050.0;2066.6666666666665;3433.333333333333;10600.0;37666.666666666664
4,23.0;22.0;22.0;22.0;23.0,2200.0;4366.666666666666;7266.666666666666;999600.0
4,22.0;21.0;21.0;21.0;22.0,2100.0;4166.666666666666;6933.333333333333;999600.0
1,21.0;21.0,999900.0
1,20.0;20.0,999900.0
1,21.0;21.0,999900.0
