numPlayed,heuristicList,remainingTime
71,4.0;3.0;3.0;3.0;3.0;3.0;3.0;3.0;3.0;3.0;3.0;3.0;3.0;3.0;3.0;3.0;3.0;3.0;3.0;3.0;3.0;3.0;3.0;3.0;3.0;3.0;3.0;3.0;3.0;3.0;3.0;3.0;3.0;3.0;3.0;3.0;3.0;3.0;3.0;3.0;3.0;3.0;3.0;3.0;3.0;3.0;3.0;3.0;3.0;3.0;3.0;3.0;3.0;3.0;3.0;3.0;3.0;3.0;3.0;3.0;3.0;3.0;3.0;3.0;3.0;3.0;3.0;3.0;3.0;3.0;3.0;2.147483647E9,30.0;56.66666666666667;93.33333333333334;140.0;196.66666666666666;263.3333333333333;340.0;426.66666666666663;523.3333333333334;630.0;746.6666666666667;873.3333333333335;1010.0;1156.6666666666667;1313.3333333333335;1479.999999999999;1656.6666666666665;1843.3333333333337;2040.0;2246.666666666665;2463.333333333333;2689.9999999999995;2926.6666666666665;3173.3333333333344;3430.0;3696.666666666666;3973.333333333333;4259.999999999999;4556.666666666667;4863.333333333333;5180.0;5506.666666666666;5843.333333333334;6190.000000000005;6546.666666666666;6913.333333333333;7290.0;7676.666666666671;8073.333333333332;8480.000000000002;8896.666666666666;9323.33333333333;9760.0;10206.666666666659;10663.333333333334;11130.0;11606.666666666666;12093.333333333336;12590.0;13096.666666666675;13613.333333333334;14140.000000000004;14676.666666666668;15223.333333333338;15779.999999999998;16346.666666666668;16923.333333333332;17509.999999999996;18106.666666666664;18713.33333333334;19330.0;19956.666666666686;20593.333333333332;21239.99999999998;21896.666666666664;22563.333333333336;23240.000000000004;23926.666666666664;24623.333333333332;25330.000000000004;999290.0
1,3.0;3.0,999990.0
1,3.0;3.0,999990.0
1,5.0;5.0,999990.0
1,3.0;3.0,999990.0
1,3.0;3.0,999990.0
1,3.0;3.0,999990.0
1,3.0;3.0,999990.0
