numPlayed,heuristicList,remainingTime
25,20.0;17.0;16.0;14.0;13.0;12.0;10.0;9.0;8.0;7.0;7.0;7.0;7.0;6.0;6.0;6.0;6.0;6.0;6.0;6.0;6.0;6.0;6.0;6.0;6.0;2.147483647E9,56.66666666666667;78.33333333333333;73.15789473684211;74.11764705882351;74.38271604938272;64.88372093023257;58.23999999999998;52.248062015503876;46.18421052631581;43.66197183098592;43.13725490196077;43.93939393939391;41.935483870967715;41.16104868913854;41.29353233830847;42.14285714285714;43.58974358974359;45.55555555555557;47.9863481228669;50.84388185654012;54.10029498525074;57.734806629834225;61.7316017316017;66.078431372549;999750.0
19,22.0;19.0;17.0;15.0;13.0;12.0;11.0;10.0;9.0;8.0;8.0;8.0;8.0;8.0;8.0;8.0;8.0;8.0;8.0;8.0,63.33333333333334;67.33333333333333;64.34782608695652;58.18181818181819;56.66666666666666;55.49019607843137;53.61702127659575;50.78014184397162;46.96721311475409;46.00000000000003;46.76029962546815;48.73786407766991;51.666666666666686;55.394402035623386;59.82758620689657;64.90566037735854;70.58766859344891;76.84491978609628;83.65671641791045
2,20.0;17.0;16.0,56.66666666666667;78.33333333333333
2,22.0;19.0;18.0,63.33333333333334;88.33333333333333
1,20.0;18.0,90.0
1,19.0;18.0,180.0
1,19.0;18.0,180.0
1,19.0;18.0,180.0
