numPlayed,heuristicList,remainingTime
39,20.0;16.0;14.0;13.0;12.0;10.0;9.0;8.0;7.0;7.0;7.0;6.0;6.0;6.0;6.0;6.0;6.0;5.0;4.0;4.0;4.0;4.0;4.0;4.0;4.0;4.0;4.0;4.0;4.0;4.0;4.0;4.0;4.0;4.0;4.0;4.0;4.0;4.0;4.0;2.147483647E9,40.0;45.55555555555556;53.478260869565204;58.94736842105263;53.703703703703695;50.000000000000014;46.13636363636364;41.64794007490637;40.446428571428584;41.111111111111114;39.021406727828776;38.43750000000003;38.91156462585033;40.20080321285138;42.16216216216216;44.70588235294122;43.69776482021379;39.56298200514141;36.471264367816076;34.16493416493418;32.476280834914604;31.291448516579436;30.530425417339814;30.135338345864625;30.063291139240505;30.281814178775903;30.7658779576588;31.49587750294461;32.45623836126629;33.63443145589804;35.02026342451876;36.60535656663444;38.382761816496725;40.34666666666669;42.49217193282095;44.81511914543961;47.31195566112433;49.97962821492223;999610.0
16,23.0;19.0;17.0;14.0;13.0;12.0;11.0;10.0;9.0;8.0;8.0;8.0;8.0;8.0;8.0;8.0;8.0,47.5;55.55555555555556;47.93103448275863;48.8;50.21929824561403;50.74074074074073;50.000000000000014;47.97250859106529;44.75999999999999;44.117647058823536;45.07366482504602;47.17703349282297;50.189873417721515;53.97484276729563;58.44709897610923;63.551401869158894
1,17.0;16.0,160.0
1,18.0;18.0,999990.0
1,20.0;19.0,190.0
1,20.0;18.0,90.0
1,22.0;19.0,63.33333333333334
1,18.0;17.0,170.0
1,20.0;18.0,90.0
1,22.0;19.0,63.33333333333334
1,17.0;16.0,160.0
