numPlayed,heuristicList,remainingTime
18,22.0;19.0;17.0;15.0;13.0;12.0;11.0;10.0;9.0;8.0;8.0;8.0;8.0;8.0;8.0;8.0;8.0;8.0;8.0,63.33333333333334;67.33333333333333;64.34782608695652;58.18181818181819;56.66666666666666;55.49019607843137;53.61702127659575;50.78014184397162;46.96721311475409;46.00000000000003;46.76029962546815;48.73786407766991;51.666666666666686;55.394402035623386;59.82758620689657;64.90566037735854;70.58766859344891;76.84491978609628
15,20.0;17.0;15.0;13.0;11.0;10.0;9.0;8.0;8.0;8.0;8.0;8.0;8.0;8.0;8.0;8.0,56.66666666666667;59.33333333333333;55.65217391304347;49.09090909090909;46.66666666666667;44.50980392156863;41.70212765957447;42.222222222222214;44.65753424657535;48.44961240310079;53.333333333333314;59.166666666666686;65.86666666666667;73.38164251207729;81.67770419426049
9,17.0;15.0;13.0;11.0;10.0;9.0;8.0;8.0;8.0;2.147483647E9,75.0;65.0;55.0;53.333333333333314;51.75438596491229;49.04761904761905;51.08108108108108;55.6521739130435;999910.0
2,21.0;18.0;17.0,60.0;83.33333333333333
1,18.0;17.0,170.0
1,18.0;16.0,80.0
1,21.0;20.0,200.0
1,19.0;17.0,85.0
1,19.0;18.0,180.0
1,19.0;18.0,180.0
1,18.0;16.0,80.0
