numPlayed,heuristicList,remainingTime
42,22.0;19.0;17.0;16.0;14.0;13.0;12.0;10.0;9.0;8.0;7.0;7.0;7.0;7.0;7.0;7.0;7.0;7.0;6.0;6.0;6.0;6.0;6.0;5.0;4.0;4.0;4.0;4.0;4.0;4.0;4.0;4.0;4.0;4.0;4.0;4.0;4.0;4.0;4.0;4.0;2.0;1.0;1.0,63.33333333333334;67.33333333333333;77.5;72.63157894736842;71.5846994535519;70.44444444444443;62.10526315789474;55.65217391304347;49.672131147540995;43.63057324840764;40.58159722222223;39.29515418502203;39.19847328244276;39.9887766554433;41.49096385542171;43.59673024523158;46.23548922056386;45.87443946188341;46.14285714285714;46.94132334581772;48.20069204152247;49.87138263665594;48.37638376383762;44.02684563758385;40.461538461538396;37.52272727272725;35.09762532981529;33.103448275862036;31.4780600461894;30.17391304347825;29.1540041067762;28.38910505836577;27.85582255083176;27.535211267605632;27.411764705882376;27.47266881028935;27.70724191063175;28.10650887573962;28.662873399715522;22.949061662198403;14.674694765010884;7.095709570957126
17,22.0;18.0;16.0;14.0;12.0;11.0;10.0;9.0;8.0;8.0;8.0;8.0;8.0;8.0;8.0;8.0;8.0;8.0,45.0;52.22222222222223;52.30769230769229;48.33333333333333;47.33333333333334;46.29629629629629;44.45945945945945;41.632653061224474;41.55737704918033;43.150684931506845;45.94117647058826;49.69072164948457;54.26605504587158;59.58677685950414;65.6015037593985;72.27586206896555;79.58598726114647
4,21.0;18.0;16.0;15.0;15.0,60.0;63.33333333333333;72.5;93.33333333333334
2,21.0;18.0;18.0,60.0;116.66666666666669
1,19.0;18.0,180.0
1,22.0;21.0,210.0
1,19.0;17.0,85.0
1,16.0;15.0,150.0
1,19.0;18.0,180.0
1,18.0;18.0,999990.0
1,18.0;17.0,170.0
