numPlayed,heuristicList,remainingTime
21,31.0;30.0;29.0;28.0;27.0;29.0;30.0;31.0;30.0;29.0;30.0;30.0;31.0;29.0;31.0;30.0;28.0;25.0;26.0;28.0;30.0;2.147483647E9,3000.0;2900.0;2800.0;2700.0;4825.0;11357.142857142857;246400.0;999200.0;999100.0;999000.0;998900.0;998800.0;998700.0;998600.0;998500.0;998400.0;48156.89655172414;27269.49152542373;26695.000000000004;35786.88524590164;997900.0
3,33.0;31.0;31.0;33.0,1550.0;3066.666666666667;999700.0
3,33.0;31.0;31.0;33.0,1550.0;3066.666666666667;999700.0
2,29.0;26.0;29.0,866.6666666666667;999800.0
1,29.0;29.0,999900.0
1,31.0;31.0,999900.0
1,31.0;31.0,999900.0
1,31.0;31.0,999900.0
