numPlayed,heuristicList,remainingTime
77,21.0;19.0;19.0;18.0;18.0;18.0;18.0;18.0;18.0;18.0;18.0;19.0;19.0;19.0;19.0;19.0;19.0;19.0;19.0;19.0;19.0;19.0;20.0;20.0;20.0;20.0;20.0;20.0;20.0;20.0;20.0;20.0;20.0;20.0;21.0;21.0;21.0;21.0;21.0;21.0;21.0;21.0;21.0;21.0;21.0;21.0;21.0;21.0;21.0;22.0;22.0;22.0;22.0;22.0;19.0;19.0;20.0;17.0;20.0;17.0;17.0;17.0;17.0;17.0;18.0;18.0;18.0;15.0;13.0;12.0;12.0;13.0;13.0;13.0;12.0;13.0;12.0;2.147483647E9,95.0;186.66666666666666;198.8888888888889;251.4285714285714;321.9298245614035;406.6666666666667;504.48275862068954;614.9019607843138;737.6923076923076;872.7272727272726;1337.3684210526314;2048.749999999999;3185.0;5138.0000000000055;8971.428571428572;18939.99999999996;90354.99999999978;999820.0;999810.0;999800.0;999790.0;999780.0;999770.0;999760.0;999750.0;999740.0;999730.0;999720.0;999710.0;999700.0;999690.0;999680.0;999670.0;999660.0;999650.0;999640.0;999630.0;999620.0;999610.0;999600.0;999590.0;999580.0;999570.0;999560.0;999550.0;999540.0;999530.0;999520.0;999510.0;999500.0;999490.0;999480.0;999470.0;999460.0;999450.0;999440.0;999430.0;999420.0;999410.0;999400.0;999390.0;999380.0;999370.0;999360.0;999350.0;999340.0;999330.0;32856.04166666665;12929.265944645007;8181.445603576751;6315.228208005985;5190.999099909989;4440.879038317055;3803.1402183039454;3424.412171507607;3062.450363196126;999230.0
18,21.0;19.0;19.0;18.0;18.0;18.0;18.0;18.0;18.0;18.0;18.0;19.0;19.0;19.0;19.0;19.0;19.0;19.0;19.0,95.0;186.66666666666666;198.8888888888889;251.4285714285714;321.9298245614035;406.6666666666667;504.48275862068954;614.9019607843138;737.6923076923076;872.7272727272726;1337.3684210526314;2048.749999999999;3185.0;5138.0000000000055;8971.428571428572;18939.99999999996;90354.99999999978;999820.0
9,24.0;22.0;22.0;22.0;22.0;22.0;22.0;23.0;23.0;23.0,110.0;216.66666666666666;360.0;540.0;756.6666666666667;1010.0;2650.0;13426.666666666664;999910.0
9,23.0;22.0;21.0;21.0;21.0;21.0;21.0;22.0;22.0;23.0,220.0;210.0;295.71428571428567;412.0;553.8461538461538;720.0;1470.0;3193.333333333333;999910.0
6,22.0;21.0;21.0;21.0;21.0;21.0;22.0,210.0;416.66666666666663;693.3333333333334;1039.9999999999998;1456.6666666666667;999940.0
5,24.0;22.0;22.0;23.0;23.0;24.0,110.0;216.66666666666666;743.3333333333334;2260.0;999950.0
3,23.0;22.0;22.0;23.0,220.0;436.66666666666663;999970.0
1,22.0;22.0,999990.0
