numPlayed,heuristicList,remainingTime
20,10.0;10.0;10.0;10.0;10.0;10.0;10.0;10.0;9.0;9.0;10.0;10.0;10.0;10.0;10.0;10.0;10.0;10.0;10.0;10.0;2.147483647E9,999990.0;999980.0;999970.0;999960.0;999950.0;999940.0;999930.0;1443.3333333333335;965.625;1492.857142857143;2288.6111111111118;3523.9999999999995;5541.25;9138.888888888889;16712.500000000004;40240.0;999830.0;999820.0;999810.0;999800.0
1,10.0;10.0,999990.0
1,10.0;10.0,999990.0
1,10.0;10.0,999990.0
1,10.0;10.0,999990.0
1,10.0;10.0,999990.0
1,10.0;10.0,999990.0
1,10.0;10.0,999990.0
