numPlayed,heuristicList,remainingTime
24,71.0;70.0;69.0;68.0;67.0;66.0;65.0;64.0;63.0;60.0;60.0;60.0;60.0;59.0;58.0;56.0;55.0;56.0;55.0;56.0;55.0;54.0;55.0;55.0;55.0,700.0;690.0;680.0;670.0;660.0;650.0;640.0;630.0;552.7868852459015;537.8048780487806;548.9320388349514;574.5161290322582;589.3526785714287;596.1710037174721;581.2310030395136;567.4559193954659;579.5144213216503;585.4285714285714;609.8544520547946;626.0336906584992;635.1604095563142;660.1373283395754;687.9279279279277;718.2089552238807
24,71.0;70.0;69.0;68.0;67.0;66.0;65.0;64.0;63.0;60.0;60.0;60.0;60.0;59.0;58.0;56.0;55.0;56.0;55.0;56.0;55.0;54.0;55.0;55.0;55.0,700.0;690.0;680.0;670.0;660.0;650.0;640.0;630.0;552.7868852459015;537.8048780487806;548.9320388349514;574.5161290322582;589.3526785714287;596.1710037174721;581.2310030395136;567.4559193954659;579.5144213216503;585.4285714285714;609.8544520547946;626.0336906584992;635.1604095563142;660.1373283395754;687.9279279279277;718.2089552238807
20,71.0;70.0;69.0;68.0;67.0;66.0;65.0;64.0;63.0;60.0;60.0;60.0;60.0;59.0;58.0;56.0;55.0;56.0;55.0;56.0;2.147483647E9,700.0;690.0;680.0;670.0;660.0;650.0;640.0;630.0;552.7868852459015;537.8048780487806;548.9320388349514;574.5161290322582;589.3526785714287;596.1710037174721;581.2310030395136;567.4559193954659;579.5144213216503;585.4285714285714;609.8544520547946;999800.0
4,71.0;70.0;69.0;68.0;68.0,700.0;690.0;680.0;845.0
4,71.0;70.0;69.0;68.0;68.0,700.0;690.0;680.0;845.0
1,71.0;70.0,700.0
1,71.0;70.0,700.0
1,71.0;70.0,700.0
1,71.0;70.0,700.0
1,71.0;70.0,700.0
1,71.0;70.0,700.0
