numPlayed,heuristicList,remainingTime
24,71.0;70.0;69.0;68.0;67.0;66.0;65.0;64.0;63.0;60.0;60.0;60.0;60.0;59.0;58.0;56.0;55.0;56.0;55.0;56.0;55.0;54.0;55.0;55.0;55.0,700.0;690.0;680.0;670.0;660.0;650.0;640.0;630.0;552.7868852459015;537.8048780487806;548.9320388349514;574.5161290322582;589.3526785714287;596.1710037174721;581.2310030395136;567.4559193954659;579.5144213216503;585.4285714285714;609.8544520547946;626.0336906584992;635.1604095563142;660.1373283395754;687.9279279279277;718.2089552238807
23,71.0;69.0;68.0;67.0;66.0;65.0;65.0;64.0;63.0;61.0;61.0;61.0;60.0;59.0;58.0;57.0;55.0;55.0;55.0;55.0;55.0;55.0;55.0;55.0,345.0;452.22222222222223;513.8461538461538;548.3333333333334;567.0833333333335;642.8571428571429;676.0759493670887;684.8484848484848;638.8679245283021;642.3076923076924;669.2736705577173;680.5031446540881;681.1734693877552;675.1111111111112;664.9228130360207;635.3203342618384;624.9941383352872;626.5991902834006;636.3223508459484;651.9872813990462;672.2613065326633;696.2827225130893;723.4696331930246
16,71.0;70.0;69.0;68.0;67.0;66.0;65.0;64.0;63.0;60.0;60.0;60.0;60.0;59.0;58.0;56.0;2.147483647E9,700.0;690.0;680.0;670.0;660.0;650.0;640.0;630.0;552.7868852459015;537.8048780487806;548.9320388349514;574.5161290322582;589.3526785714287;596.1710037174721;581.2310030395136;999840.0
5,71.0;69.0;68.0;67.0;67.0;66.0,345.0;452.22222222222223;513.8461538461538;664.0;718.7500000000001
1,71.0;70.0,700.0
1,71.0;70.0,700.0
1,71.0;70.0,700.0
1,71.0;71.0,999990.0
