numPlayed,heuristicList,remainingTime
6,24.0;19.0;17.0;16.0;15.0;14.0;13.0,380.0;471.42857142857133;580.7692307692307;666.6666666666665;722.2222222222224;748.8888888888891
6,25.0;22.0;19.0;15.0;14.0;13.0;2.147483647E9,733.3333333333334;633.3333333333334;463.6363636363636;455.1724137931034;465.9090909090909;999400.0
1,24.0;24.0,999900.0
1,26.0;24.0,1200.0
1,26.0;24.0,1200.0
1,25.0;24.0,2400.0
1,27.0;24.0,800.0
1,24.0;23.0,2300.0
