numPlayed,heuristicList,remainingTime
16,16.0;15.0;13.0;13.0;13.0;13.0;13.0;13.0;13.0;13.0;12.0;12.0;12.0;11.0;11.0;8.0;2.147483647E9,1500.0;877.7777777777776;1145.4545454545455;1550.0;2055.5555555555557;2653.8461538461543;3341.9354838709673;4118.518518518518;4982.926829268293;4750.0;4787.3239436619715;4967.4418604651155;4538.59649122807;4374.178403755869;3223.2558139534885;998400.0
6,15.0;13.0;13.0;13.0;13.0;13.0;13.0,650.0;1266.6666666666665;2100.0;3150.0;4416.666666666667;5900.0
3,17.0;16.0;16.0;16.0,1600.0;3166.6666666666665;5266.666666666666
1,16.0;16.0,999900.0
1,16.0;16.0,999900.0
1,15.0;16.0,999900.0
1,16.0;16.0,999900.0
1,16.0;16.0,999900.0
1,16.0;16.0,999900.0
1,17.0;17.0,999900.0
1,16.0;16.0,999900.0
