numPlayed,heuristicList,remainingTime
12,17.0;15.0;13.0;13.0;13.0;13.0;13.0;13.0;13.0;11.0;12.0;12.0;2.147483647E9,750.0;650.0;885.7142857142858;1220.0;1634.6153846153848;2125.0;2689.4736842105267;3327.272727272727;2801.470588235294;3060.975609756098;3372.5694444444443;998800.0
9,17.0;15.0;13.0;13.0;13.0;13.0;13.0;13.0;13.0;13.0,750.0;650.0;885.7142857142858;1220.0;1634.6153846153848;2125.0;2689.4736842105267;3327.272727272727;4037.999999999999
3,17.0;16.0;16.0;16.0,1600.0;3166.6666666666665;5266.666666666666
3,17.0;15.0;16.0;16.0,750.0;3100.0;7850.0
2,16.0;15.0;16.0,1500.0;999800.0
2,16.0;15.0;16.0,1500.0;999800.0
1,16.0;16.0,999900.0
1,16.0;16.0,999900.0
