numPlayed,heuristicList,remainingTime
24,17.0;16.0;16.0;16.0;16.0;16.0;16.0;17.0;16.0;17.0;17.0;16.0;16.0;13.0;13.0;13.0;13.0;13.0;13.0;13.0;13.0;13.0;11.0;12.0;2.147483647E9,1600.0;3166.6666666666665;5266.666666666666;7899.999999999996;11066.666666666668;14766.66666666667;999300.0;96933.33333333333;999100.0;999000.0;998900.0;998800.0;18100.000000000004;10135.772357723577;7784.0;6742.857142857141;6217.219589257503;5950.393700787403;5834.343434343434;5815.686274509802;5865.013054830288;5265.957446808511;5167.103620474407;997600.0
2,16.0;15.0;16.0,1500.0;999800.0
1,16.0;16.0,999900.0
1,16.0;16.0,999900.0
1,16.0;16.0,999900.0
1,16.0;16.0,999900.0
1,16.0;16.0,999900.0
1,16.0;16.0,999900.0
1,16.0;16.0,999900.0
1,16.0;16.0,999900.0
1,16.0;16.0,999900.0
