numPlayed,heuristicList,remainingTime
17,17.0;15.0;13.0;13.0;13.0;13.0;13.0;13.0;13.0;13.0;12.0;12.0;12.0;11.0;11.0;8.0;3.0;1.0,750.0;650.0;885.7142857142858;1220.0;1634.6153846153848;2125.0;2689.4736842105267;3327.272727272727;4037.999999999999;3984.848484848485;4100.40650406504;4314.285714285714;4033.070866141733;3942.735042735042;2982.608695652174;1762.499999999999;1088.7529137529132
7,16.0;13.0;13.0;13.0;13.0;13.0;13.0;13.0,433.33333333333337;833.3333333333335;1377.7777777777778;2066.6666666666665;2899.9999999999995;3877.7777777777774;5000.0
3,17.0;16.0;16.0;16.0,1600.0;3166.6666666666665;5266.666666666666
1,16.0;16.0,999900.0
1,15.0;16.0,999900.0
1,16.0;16.0,999900.0
1,16.0;16.0,999900.0
1,16.0;16.0,999900.0
1,16.0;16.0,999900.0
1,16.0;16.0,999900.0
1,16.0;16.0,999900.0
