numPlayed,heuristicList,remainingTime
50,71.0;70.0;69.0;68.0;67.0;66.0;65.0;64.0;63.0;60.0;60.0;60.0;60.0;59.0;58.0;56.0;55.0;56.0;56.0;56.0;55.0;54.0;55.0;55.0;55.0;55.0;56.0;55.0;56.0;55.0;55.0;55.0;55.0;55.0;56.0;55.0;56.0;55.0;55.0;54.0;52.0;51.0;50.0;49.0;48.0;47.0;46.0;45.0;44.0;43.0;2.147483647E9,7000.0;6900.0;6800.0;6700.0;6600.0;6500.0;6400.0;6300.0;5527.868852459016;5378.048780487806;5489.320388349514;5745.1612903225805;5893.526785714286;5961.71003717472;5812.310030395137;5674.559193954659;5795.144213216502;5977.906976744186;6208.427454387491;6356.072351421188;6433.724137931034;6674.811083123426;6945.3070683661645;7241.630901287555;7561.188811188809;8020.9713024282555;8375.233022636487;8874.957698815566;9260.9291799787;9664.901664145236;10086.135057471263;10524.031007751937;10978.10052219321;11595.39432176656;12076.109936575049;12730.327868852459;13237.015177065765;13758.738738738735;14125.148157691317;14176.72621921777;14109.510951095108;13943.27485380117;13697.681159420292;13390.985848495657;13039.296284117067;12656.268927922469;12253.111204052231;11838.767650834405;11420.198675496687;995000.0
34,69.0;68.0;67.0;66.0;65.0;64.0;63.0;60.0;60.0;60.0;60.0;60.0;60.0;60.0;60.0;60.0;60.0;60.0;60.0;59.0;58.0;56.0;55.0;56.0;55.0;56.0;55.0;54.0;55.0;55.0;55.0;55.0;56.0;55.0;56.0,6800.0;6700.0;6600.0;6500.0;6400.0;6300.0;5242.857142857142;5142.857142857142;5370.329670329671;5767.857142857142;6277.443609022555;6872.727272727273;7540.0;8271.428571428572;9062.21198156682;9909.24369747899;10810.42471042471;11764.285714285714;12339.291465378423;12569.80056980057;12171.515151515154;11691.752577319587;11715.53724053724;11577.38287560582;11804.635761589403;11848.472775564409;11746.607142857145;11948.30230010953;12196.078431372549;12483.002832861193;12803.931095406362;13361.14381833473;13727.128712871287;14330.780894617135
8,64.0;63.0;60.0;60.0;60.0;60.0;60.0;60.0;60.0,6300.0;3016.666666666667;3966.666666666667;5381.818181818182;7132.183908045977;9188.888888888889;11541.860465116277;14186.666666666666
6,63.0;60.0;60.0;60.0;60.0;60.0;60.0,2000.0;3966.666666666667;6600.000000000001;9900.0;13866.666666666666;18499.999999999996
2,56.0;55.0;56.0,5500.0;999800.0
2,56.0;55.0;56.0,5500.0;999800.0
1,55.0;56.0,999900.0
1,55.0;56.0,999900.0
