numPlayed,heuristicList,remainingTime
49,37.0;36.0;35.0;34.0;34.0;34.0;34.0;33.0;32.0;31.0;30.0;29.0;28.0;27.0;26.0;24.0;23.0;22.0;21.0;20.0;21.0;21.0;21.0;21.0;21.0;21.0;23.0;22.0;23.0;23.0;23.0;24.0;23.0;22.0;21.0;20.0;21.0;21.0;21.0;21.0;21.0;21.0;23.0;22.0;23.0;23.0;23.0;23.0;23.0;23.0,360.0;350.0;340.0;420.00000000000006;531.8181818181818;667.142857142857;674.3902439024391;624.516129032258;564.7826086956521;510.6060606060606;464.6448087431694;426.0162601626017;393.22981366459635;364.95145631067965;327.63157894736844;298.6826347305389;274.9817295980512;254.75806451612902;236.93739424703887;231.4102564102564;229.27069645203682;229.62174940898336;231.89402076620115;235.70866141732284;240.8038147138965;256.4885057471263;267.88235294117646;285.0968241673122;303.00111152278623;321.590909090909;346.7470709855271;366.58719646799113;380.75055187637975;389.2371871275327;392.34712900820284;402.73404255319133;413.81085192697765;425.5361757105943;437.8756957328387;450.80071174377235;464.28703703703707;491.69874476987457;512.8031687995126;541.7204301075269;571.4118336262449;601.877394636015;633.1171272795639;665.1310446659284;697.9191589632046
18,37.0;35.0;34.0;33.0;33.0;33.0;33.0;33.0;32.0;31.0;30.0;29.0;28.0;27.0;26.0;25.0;24.0;24.0;2.147483647E9,175.0;225.55555555555557;252.30769230769232;323.99999999999994;417.90123456790127;530.0;659.0243902439025;681.4285714285716;643.8749999999999;588.5964912280702;534.0880503144654;485.7407407407409;444.0909090909091;408.27027027027043;377.185501066098;349.8630136986302;336.2708631378159;999820.0
8,37.0;35.0;34.0;33.0;33.0;33.0;33.0;33.0;32.0,175.0;225.55555555555557;252.30769230769232;323.99999999999994;417.90123456790127;530.0;659.0243902439025;681.4285714285716
8,37.0;35.0;34.0;33.0;33.0;33.0;33.0;33.0;33.0,175.0;225.55555555555557;252.30769230769232;323.99999999999994;417.90123456790127;530.0;659.0243902439025;804.4444444444447
8,37.0;35.0;34.0;33.0;33.0;33.0;33.0;33.0;33.0,175.0;225.55555555555557;252.30769230769232;323.99999999999994;417.90123456790127;530.0;659.0243902439025;804.4444444444447
7,37.0;36.0;35.0;34.0;34.0;34.0;34.0;34.0,360.0;350.0;340.0;420.00000000000006;531.8181818181818;667.142857142857;823.5294117647057
7,37.0;36.0;35.0;34.0;34.0;34.0;34.0;34.0,360.0;350.0;340.0;420.00000000000006;531.8181818181818;667.142857142857;823.5294117647057
1,37.0;37.0,999990.0
