numPlayed,heuristicList,remainingTime
43,62.0;61.0;60.0;59.0;57.0;57.0;57.0;55.0;54.0;53.0;53.0;51.0;51.0;51.0;51.0;51.0;51.0;51.0;52.0;51.0;50.0;51.0;51.0;51.0;51.0;51.0;51.0;52.0;51.0;52.0;52.0;52.0;48.0;52.0;52.0;50.0;50.0;50.0;50.0;49.0;48.0;47.0;45.0;2.147483647E9,610.0;600.0;590.0;478.33333333333337;521.4912280701755;605.3846153846154;579.2500000000001;560.0;544.2857142857142;559.7087378640775;537.7777777777778;541.1764705882352;558.6486486486486;585.3023909985934;618.6691312384473;657.3684210526314;700.5679012345679;769.3922651933702;818.5353535353534;848.3333333333335;905.71277719113;966.1341222879682;1029.503546099291;1095.7491289198604;1164.814814814815;1236.6562662506503;1341.7624810892592;1418.129496402878;1531.5815255423367;1649.4550408719347;1771.7518248175184;1736.7423337315813;1865.880631948508;1999.8394495412845;2048.702001081666;2101.166837256909;2156.9256920835364;2215.7301293900186;2234.44540727903;2217.977528089888;2173.135811556864;2074.044943820225;999570.0
17,56.0;55.0;54.0;53.0;51.0;51.0;51.0;51.0;51.0;51.0;51.0;51.0;51.0;52.0;51.0;50.0;51.0;51.0,550.0;540.0;530.0;428.3333333333333;466.2280701754387;540.7692307692307;636.3636363636364;748.3333333333334;874.7872340425531;1014.8148148148148;1167.9234972677593;1333.8235294117642;1664.3795620437954;1845.7894736842106;1863.1868131868132;2077.551020408163;2304.1746031746034
4,52.0;51.0;50.0;51.0;51.0,510.0;500.0;1260.0;2530.0
2,51.0;50.0;52.0,500.0;999980.0
2,52.0;51.0;52.0,510.0;999980.0
1,51.0;52.0,999990.0
1,51.0;52.0,999990.0
1,62.0;62.0,999990.0
1,65.0;65.0,999990.0
1,51.0;52.0,999990.0
1,62.0;62.0,999990.0
