numPlayed,heuristicList,remainingTime
22,59.0;57.0;57.0;57.0;55.0;54.0;53.0;53.0;51.0;51.0;51.0;51.0;51.0;51.0;51.0;52.0;51.0;50.0;51.0;51.0;51.0;51.0;51.0,285.0;566.6666666666666;943.3333333333334;692.5;612.9032258064517;573.0769230769231;605.068493150685;561.2121212121212;568.9795918367347;599.9999999999999;644.9019607843138;699.6899224806202;762.3728813559322;831.8473895582327;950.2824858757062;1028.1632653061224;1065.130499627144;1157.1074380165292;1254.1458733205377;1356.1529271206684;1463.0588235294117;1574.8101265822784
12,65.0;64.0;63.0;62.0;62.0;62.0;62.0;62.0;60.0;59.0;58.0;57.0;2.147483647E9,640.0;630.0;620.0;770.0;977.2727272727273;1227.142857142857;1515.2941176470588;1298.0952380952378;1132.7586206896551;1010.9375;919.5185185185185;999880.0
8,54.0;53.0;51.0;51.0;51.0;51.0;51.0;51.0;51.0,530.0;341.1111111111111;460.0;630.0;838.8888888888889;1083.8461538461538;1363.8709677419354;1678.5185185185187
5,64.0;63.0;62.0;62.0;62.0;62.0,630.0;620.0;881.4285714285713;1232.0;1657.6923076923076
5,53.0;51.0;51.0;51.0;51.0;51.0,255.0;506.66666666666663;843.3333333333334;1264.9999999999998;1771.6666666666667
1,50.0;52.0,999990.0
1,50.0;52.0,999990.0
1,51.0;52.0,999990.0
1,51.0;52.0,999990.0
1,65.0;65.0,999990.0
1,51.0;52.0,999990.0
