numPlayed,heuristicList,remainingTime
36,61.0;60.0;59.0;57.0;57.0;57.0;55.0;54.0;53.0;53.0;51.0;51.0;51.0;51.0;51.0;51.0;51.0;52.0;51.0;50.0;51.0;51.0;51.0;51.0;51.0;51.0;52.0;51.0;52.0;52.0;52.0;48.0;52.0;52.0;50.0;50.0;2.147483647E9,600.0;590.0;440.7692307692308;514.5454545454545;635.483870967742;594.6153846153845;568.7500000000001;549.6551724137931;569.4078947368422;543.2692307692306;548.0555555555555;569.125;600.5585106382979;639.5061728395062;684.4262295081968;734.4117647058824;815.3001715265866;871.875;904.357541899441;970.5526770293607;1040.2777777777776;1113.4389140271492;1189.9645390070923;1269.7991967871487;1352.8992395437263;1478.0591497227356;1566.426690079017;1702.2945205479452;1844.0155945419106;1991.598694942903;1933.2849891225528;2088.584995251662;2250.342897130861;2300.2496714848885;2354.860681114551;999640.0
21,57.0;56.0;55.0;54.0;53.0;51.0;51.0;51.0;51.0;51.0;51.0;51.0;51.0;51.0;52.0;51.0;50.0;51.0;51.0;51.0;51.0;51.0,560.0;550.0;540.0;530.0;450.4166666666667;472.66666666666663;526.7500000000001;598.6666666666666;683.75;780.0000000000001;886.4166666666666;1002.4444444444443;1127.7499999999998;1354.466019417476;1492.0704845814978;1532.7272727272725;1693.016431924883;1861.9736842105256;2039.5679012345681;2225.7751937984494;2420.5769230769233
13,55.0;54.0;53.0;51.0;51.0;51.0;51.0;51.0;51.0;51.0;51.0;51.0;52.0;51.0,540.0;530.0;394.61538461538464;460.0;567.741935483871;702.0000000000001;858.5714285714286;1035.8620689655172;1233.134328358209;1450.0000000000002;1686.235294117647;2238.048780487804;2492.608695652174
2,51.0;50.0;52.0,500.0;999980.0
2,52.0;51.0;52.0,510.0;999980.0
1,51.0;52.0,999990.0
1,57.0;57.0,999990.0
1,51.0;52.0,999990.0
