numPlayed,heuristicList,remainingTime
37,60.0;59.0;57.0;57.0;57.0;55.0;54.0;53.0;53.0;51.0;51.0;51.0;51.0;51.0;51.0;51.0;52.0;51.0;50.0;51.0;51.0;51.0;51.0;51.0;51.0;52.0;51.0;52.0;52.0;51.0;50.0;51.0;51.0;51.0;51.0;51.0;51.0;52.0,590.0;381.1111111111111;514.5454545454545;705.0;624.1935483870968;583.8461538461538;558.2500000000001;583.4567901234568;550.7142857142858;557.0;582.4932249322494;619.8630136986301;665.7692307692307;718.4722222222222;776.9767441860465;873.7391304347825;939.6383957922419;974.6853146853146;1052.0711974110031;1133.6345381526103;1219.281690140845;1308.9417989417989;1402.5602660016623;1500.0943396226412;1652.4741081703107;1756.229985443959;1922.8846153846157;2097.6569037656905;2209.0978441127695;2254.428044280442;2375.3886925795055;2500.06779661017;2628.4446254071663;2760.5015673981193;2896.2235649546833;3035.5976676384835;3270.3398409255246
13,63.0;62.0;62.0;62.0;62.0;61.0;60.0;59.0;58.0;57.0;56.0;55.0;54.0;2.147483647E9,620.0;1236.6666666666667;2060.0;3090.0;2145.0;1540.909090909091;1222.439024390244;1036.4705882352941;916.4423076923076;832.6666666666666;770.5314009661836;722.1739130434783;999870.0
5,52.0;51.0;50.0;51.0;51.0;51.0,510.0;500.0;1260.0;2530.0;4437.5
1,65.0;65.0,999990.0
1,52.0;52.0,999990.0
1,51.0;52.0,999990.0
1,57.0;57.0,999990.0
1,51.0;52.0,999990.0
1,62.0;62.0,999990.0
1,51.0;52.0,999990.0
1,65.0;65.0,999990.0
