numPlayed,heuristicList,remainingTime
17,61.0;60.0;59.0;57.0;57.0;57.0;55.0;54.0;53.0;53.0;51.0;51.0;51.0;51.0;51.0;51.0;51.0;52.0,6000.0;5900.0;4407.6923076923085;5145.454545454546;6354.8387096774195;5946.153846153846;5687.5;5496.551724137931;5694.078947368421;5432.692307692308;5480.555555555555;5691.250000000001;6005.585106382979;6395.061728395061;6844.262295081968;7344.117647058823;8153.001715265866
11,57.0;56.0;55.0;54.0;53.0;51.0;51.0;51.0;51.0;51.0;51.0;2.147483647E9,5600.0;5500.0;5400.0;5300.0;4504.166666666667;4726.666666666666;5267.5;5986.666666666667;6837.5;7800.0;998900.0
7,55.0;54.0;53.0;51.0;51.0;51.0;51.0;51.0,5400.0;5300.0;3946.1538461538466;4600.0;5677.41935483871;7020.000000000001;8585.714285714284
2,51.0;50.0;52.0,5000.0;999800.0
2,52.0;51.0;52.0,5100.0;999800.0
1,51.0;52.0,999900.0
1,57.0;57.0,999900.0
1,51.0;52.0,999900.0
