numPlayed,heuristicList,remainingTime
28,60.0;59.0;57.0;57.0;57.0;55.0;54.0;53.0;53.0;51.0;51.0;51.0;51.0;51.0;51.0;51.0;52.0;51.0;50.0;51.0;51.0;51.0;51.0;51.0;51.0;52.0;51.0;52.0;2.147483647E9,5900.0;3811.1111111111113;5145.454545454546;7050.0;6241.935483870968;5838.461538461538;5582.5;5834.567901234569;5507.142857142859;5570.0;5824.9322493224945;6198.6301369863;6657.692307692308;7184.722222222223;7769.767441860464;8737.391304347824;9396.383957922424;9746.853146853146;10520.711974110032;11336.345381526107;12192.816901408452;13089.41798941799;14025.602660016624;15000.94339622642;16524.741081703112;17562.29985443959;19228.846153846156;997200.0
4,52.0;51.0;50.0;51.0;51.0,5100.0;5000.0;12600.0;25300.0
3,63.0;62.0;62.0;62.0,6200.0;12366.666666666666;20600.0
1,65.0;65.0,999900.0
1,52.0;52.0,999900.0
1,51.0;52.0,999900.0
1,57.0;57.0,999900.0
1,51.0;52.0,999900.0
1,62.0;62.0,999900.0
1,51.0;52.0,999900.0
1,65.0;65.0,999900.0
