numPlayed,heuristicList,remainingTime
12,59.0;57.0;57.0;57.0;55.0;54.0;53.0;53.0;51.0;51.0;51.0;51.0;2.147483647E9,2850.0;5666.666666666666;9433.333333333332;6925.0;6129.032258064516;5730.7692307692305;6050.684931506848;5612.121212121212;5689.7959183673465;6000.000000000001;6449.019607843137;998800.0
6,54.0;53.0;51.0;51.0;51.0;51.0;51.0,5300.0;3411.1111111111113;4600.0;6300.0;8388.888888888889;10838.461538461537
5,65.0;64.0;63.0;62.0;62.0;62.0,6400.0;6300.0;6200.0;7699.999999999999;9772.727272727272
4,64.0;63.0;62.0;62.0;62.0,6300.0;6200.0;8814.285714285714;12320.000000000002
4,53.0;51.0;51.0;51.0;51.0,2550.0;5066.666666666666;8433.333333333332;12649.999999999996
1,50.0;52.0,999900.0
1,50.0;52.0,999900.0
1,51.0;52.0,999900.0
1,51.0;52.0,999900.0
1,65.0;65.0,999900.0
1,51.0;52.0,999900.0
