numPlayed,heuristicList,remainingTime
32,62.0;61.0;60.0;59.0;57.0;57.0;57.0;55.0;54.0;53.0;53.0;51.0;51.0;51.0;51.0;51.0;51.0;51.0;52.0;51.0;50.0;51.0;51.0;51.0;51.0;51.0;51.0;52.0;51.0;52.0;48.0;52.0;2.147483647E9,6100.0;6000.0;5900.0;4783.333333333333;5214.912280701755;6053.846153846153;5792.5;5600.0;5442.857142857142;5597.0873786407765;5377.777777777777;5411.764705882353;5586.486486486487;5853.0239099859355;6186.691312384472;6573.684210526315;7005.679012345678;7693.922651933703;8185.353535353535;8483.33333333333;9057.127771911299;9661.341222879682;10295.035460992909;10957.491289198606;11648.14814814815;12366.5626625065;13417.624810892588;14181.29496402878;15315.815255423367;15094.458438287154;16298.398028342577;996800.0
13,56.0;55.0;54.0;53.0;51.0;51.0;51.0;51.0;51.0;51.0;51.0;51.0;51.0;52.0,5500.0;5400.0;5300.0;4283.333333333333;4662.280701754386;5407.692307692308;6363.636363636363;7483.333333333332;8747.872340425532;10148.148148148148;11679.234972677596;13338.235294117647;16643.79562043796
4,52.0;51.0;50.0;51.0;51.0,5100.0;5000.0;12600.0;25300.0
2,51.0;50.0;52.0,5000.0;999800.0
2,52.0;51.0;52.0,5100.0;999800.0
1,51.0;52.0,999900.0
1,51.0;52.0,999900.0
1,62.0;62.0,999900.0
1,65.0;65.0,999900.0
1,51.0;52.0,999900.0
1,62.0;62.0,999900.0
