numPlayed,heuristicList,remainingTime
3,6.0;5.0;4.0;2.147483647E9,50.0;40.0;999970.0
2,6.0;5.0;5.0,50.0;96.66666666666666
1,5.0;5.0,999990.0
1,5.0;5.0,999990.0
1,6.0;5.0,50.0
1,6.0;5.0,50.0
1,6.0;5.0,50.0
1,6.0;5.0,50.0
1,6.0;5.0,50.0
1,6.0;5.0,50.0
1,6.0;5.0,50.0
