numPlayed,heuristicList,remainingTime
31,5.0;4.0;3.0;2.0;2.0;2.0;2.0;2.0;2.0;2.0;1.0;1.0;1.0;1.0;1.0;1.0;1.0;1.0;1.0;1.0;1.0;1.0;1.0;1.0;1.0;1.0;1.0;1.0;1.0;1.0;1.0;1.0,400.0;300.0;200.0;200.0000000000001;227.27272727272725;271.42857142857133;329.4117647058822;400.0;482.60869565217376;370.9677419354839;305.55555555555566;263.82978723404267;236.3636363636365;218.5185185185187;207.7464788732393;202.53164556962042;201.9157088122604;205.2631578947371;212.13592233009695;222.22222222222217;235.294117647059;251.18110236220446;269.75308641975334;290.90909090909054;314.5695364238413;340.67085953878404;369.16167664670684;400.00000000000045;433.151183970856;468.58638743455504;506.281407035176
11,6.0;5.0;3.0;2.0;2.0;2.0;2.0;2.0;2.0;1.0;1.0;2.147483647E9,500.0;211.11111111111114;135.71428571428567;127.27272727272725;138.8888888888889;163.1578947368423;197.82608695652175;241.9753086419753;177.46478873239425;136.36363636363626;998900.0
9,5.0;4.0;2.0;2.0;2.0;2.0;2.0;2.0;2.0;2.0,400.0;144.4444444444444;145.4545454545455;175.0;222.22222222222229;284.61538461538464;361.2903225806451;451.85185185185173;556.0975609756099
8,5.0;3.0;2.0;2.0;2.0;2.0;2.0;2.0;2.0,150.0;122.22222222222229;150.0;200.0;268.5185185185185;354.5454545454545;457.6923076923076;577.7777777777778
2,5.0;4.0;4.0,400.0;766.6666666666666
1,6.0;5.0,500.0
1,6.0;5.0,500.0
1,4.0;4.0,999900.0
