numPlayed,heuristicList,remainingTime
1,5.0;4.0,40.0
1,7.0;6.0,60.0
1,8.0;5.0,16.666666666666668
1,8.0;5.0,16.666666666666668
1,5.0;5.0,999990.0
1,8.0;5.0,16.666666666666668
1,5.0;5.0,999990.0
1,8.0;5.0,16.666666666666668
1,7.0;6.0,60.0
1,8.0;5.0,16.666666666666668
1,6.0;2.147483647E9,999990.0
