numPlayed,heuristicList,remainingTime
3,7.0;5.0;4.0;2.147483647E9,25.0;25.555555555555557;999970.0
2,8.0;5.0;5.0,16.666666666666668;30.0
1,6.0;5.0,50.0
1,5.0;5.0,999990.0
1,6.0;5.0,50.0
1,5.0;5.0,999990.0
1,6.0;5.0,50.0
1,6.0;5.0,50.0
1,6.0;5.0,50.0
1,9.0;7.0,35.0
1,6.0;5.0,50.0
