numPlayed,heuristicList,remainingTime
5,6.0;5.0;4.0;2.0;1.0;1.0,50.0;40.0;17.692307692307693;7.692307692307693;3.418803418803421
4,8.0;5.0;5.0;5.0;5.0,16.666666666666668;30.0;48.888888888888886;73.33333333333331
1,5.0;5.0,999990.0
1,6.0;5.0,50.0
1,6.0;5.0,50.0
1,6.0;5.0,50.0
1,6.0;5.0,50.0
1,6.0;5.0,50.0
