numPlayed,heuristicList,remainingTime
2,11.0;8.0;2.147483647E9,26.66666666666667;999980.0
1,7.0;7.0,999990.0
1,8.0;8.0,999990.0
1,7.0;6.0,60.0
1,8.0;8.0,999990.0
1,8.0;8.0,999990.0
1,8.0;8.0,999990.0
1,7.0;7.0,999990.0
1,5.0;5.0,999990.0
1,8.0;8.0,999990.0
1,8.0;8.0,999990.0
