numPlayed,heuristicList,remainingTime
3,6.0;5.0;5.0;2.147483647E9,50.0;96.66666666666666;999970.0
1,12.0;11.0,110.0
1,7.0;7.0,999990.0
1,7.0;7.0,999990.0
1,8.0;8.0,999990.0
1,8.0;8.0,999990.0
1,8.0;8.0,999990.0
1,7.0;7.0,999990.0
1,8.0;8.0,999990.0
1,8.0;8.0,999990.0
1,12.0;11.0,110.0
