numPlayed,heuristicList,remainingTime
88,32.0;29.0;29.0;29.0;28.0;26.0;25.0;26.0;26.0;28.0;27.0;25.0;25.0;28.0;25.0;24.0;23.0;22.0;23.0;24.0;24.0;25.0;25.0;25.0;26.0;24.0;23.0;22.0;23.0;24.0;24.0;24.0;26.0;25.0;24.0;23.0;22.0;24.0;25.0;25.0;26.0;24.0;23.0;22.0;24.0;26.0;26.0;27.0;25.0;25.0;27.0;25.0;27.0;28.0;25.0;24.0;23.0;22.0;25.0;26.0;24.0;23.0;22.0;23.0;24.0;24.0;26.0;24.0;23.0;22.0;23.0;24.0;26.0;25.0;24.0;24.0;25.0;24.0;26.0;26.0;26.0;28.0;27.0;25.0;27.0;27.0;27.0;25.0;2.147483647E9,966.6666666666667;1900.0;3155.555555555556;3475.0;2808.080808080808;2528.5714285714284;2916.6666666666665;3387.878787878788;4883.720930232558;5989.36170212766;5792.741935483871;5854.545454545455;7934.48275862069;7857.303370786516;7373.893805309734;6731.034482758621;6071.428571428572;6012.442396313364;6339.958158995816;6698.595146871006;7413.577981651375;8164.788732394365;8952.227862380147;10240.000000000002;10598.591549295774;10527.450980392157;10132.72058823529;10256.1797752809;10809.090909090908;11381.632653061224;11973.560975609756;13523.127899271043;14655.882352941175;15261.797752808987;15332.898928468;14949.921259842522;15652.547528517112;16917.95259707514;18243.03987960873;20317.9012345679;21041.586121437424;21064.34540389972;20486.624203821655;21304.785478547856;23582.061068702293;26070.68062827225;29836.44166086756;31719.278779472952;33673.53144436767;38589.7435897436;40776.232523914645;46870.047543581604;56855.845323741;59492.88256227757;59151.55331654074;56277.016742770174;51774.36412315931;54365.33333333335;59520.54826076941;59696.169088507275;57567.35688185141;53791.99417758371;52557.88667687596;53308.01186943619;54085.61151079135;58773.61111111112;59482.22008649686;58232.038542607654;55421.812913907284;54686.81318681318;55683.339721476936;60205.22565320665;63082.90937996819;64020.51679586564;64979.19818456884;68010.18237082068;68964.05883079964;74439.21719109747;80394.67196819086;86885.5885588559;101393.64348226623;114718.00000000004;119327.23475355057;136024.36882546652;156371.13402061854;181652.66485998192;187958.09072444143;991200.0
5,28.0;27.0;25.0;25.0;28.0;28.0,2700.0;1677.7777777777778;2236.3636363636365;13100.000000000002;999500.0
3,32.0;29.0;29.0;32.0,966.6666666666667;1900.0;999700.0
3,32.0;29.0;29.0;32.0,966.6666666666667;1900.0;999700.0
1,26.0;28.0,999900.0
1,29.0;29.0,999900.0
1,29.0;29.0,999900.0
1,29.0;29.0,999900.0
