numPlayed,heuristicList,remainingTime
3,11.0;9.0;6.0;2.147483647E9,450.0;246.66666666666663;999700.0
1,10.0;10.0,999900.0
1,10.0;10.0,999900.0
1,10.0;10.0,999900.0
1,10.0;10.0,999900.0
1,10.0;10.0,999900.0
1,10.0;9.0,900.0
1,10.0;9.0,900.0
