numPlayed,heuristicList,remainingTime
2,11.0;6.0;2.147483647E9,120.0;999800.0
1,10.0;9.0,900.0
1,10.0;10.0,999900.0
1,10.0;9.0,900.0
1,10.0;9.0,900.0
1,12.0;9.0,300.0
1,10.0;9.0,900.0
1,10.0;7.0,233.33333333333337
1,10.0;7.0,233.33333333333337
1,11.0;9.0,450.0
1,10.0;8.0,400.0
