numPlayed,heuristicList,remainingTime
4,12.0;6.0;4.0;2.0;1.0,100.0;83.33333333333331;37.5;-7.692307692307679
1,10.0;9.0,900.0
1,10.0;9.0,900.0
1,10.0;10.0,999900.0
1,10.0;10.0,999900.0
1,10.0;9.0,900.0
1,10.0;10.0,999900.0
1,11.0;9.0,450.0
1,11.0;9.0,450.0
1,12.0;9.0,300.0
1,9.0;7.0,350.0
