numPlayed,heuristicList,remainingTime
5,11.0;9.0;6.0;4.0;2.0;1.0,450.0;246.66666666666663;162.5;78.26086956521738;13.698630136986253
1,11.0;11.0,999900.0
1,13.0;11.0,550.0
1,13.0;12.0,1200.0
1,14.0;13.0,1300.0
1,14.0;13.0,1300.0
1,13.0;11.0,550.0
1,13.0;12.0,1200.0
1,13.0;11.0,550.0
1,13.0;12.0,1200.0
1,13.0;12.0,1200.0
