numPlayed,heuristicList,remainingTime
4,13.0;11.0;9.0;6.0;2.147483647E9,550.0;450.0;273.9130434782609;999600.0
1,13.0;11.0,550.0
1,11.0;11.0,999900.0
1,13.0;11.0,550.0
1,14.0;13.0,1300.0
1,13.0;11.0,550.0
1,13.0;12.0,1200.0
1,14.0;13.0,1300.0
