numPlayed,heuristicList,remainingTime
72,63.0;63.0;63.0;63.0;61.0;59.0;56.0;56.0;56.0;56.0;55.0;54.0;54.0;54.0;54.0;53.0;51.0;52.0;51.0;51.0;51.0;52.0;52.0;51.0;49.0;49.0;49.0;49.0;46.0;47.0;46.0;47.0;47.0;47.0;47.0;48.0;47.0;47.0;47.0;47.0;45.0;44.0;44.0;44.0;44.0;45.0;45.0;44.0;45.0;45.0;44.0;40.0;41.0;39.0;38.0;35.0;35.0;33.0;35.0;32.0;31.0;31.0;31.0;30.0;28.0;27.0;24.0;23.0;23.0;21.0;19.0;19.0;2.147483647E9,999900.0;999800.0;999700.0;15450.0;8096.153846153846;5222.580645161292;4835.714285714285;4973.134328358209;5334.705882352943;5527.777777777778;5604.761904761905;5839.999999999999;6177.519379844961;6590.090090090089;6827.51937984496;6717.419354838708;6939.46251768034;7035.960591133005;7208.396946564884;7438.356164383562;7887.974683544304;8365.546218487394;8684.554099203291;8684.29752066116;8753.889234598631;8877.676882330685;9045.070422535213;8814.285714285714;8809.087066779373;8728.702993092862;8825.364120781529;8953.791887125222;9109.279307145067;9288.262638001162;9602.737831858409;9814.53214845792;10043.904856293359;10289.354686764014;10549.663375224416;10595.870206489675;10561.046549799752;10560.576923076922;10589.283847360168;10643.119165293792;10816.236626809317;11002.740138512496;11104.802867383512;11319.008264462811;11543.737574552684;11682.318104906935;11464.24753533674;11377.992364697959;11154.23377899428;10895.978710821999;10467.466691002008;10110.133106768619;9687.964713295529;9446.364578705761;9081.432415648935;8721.750321750324;8414.668113582926;8150.992401043441;7882.730473751601;7573.856470823739;7270.064990995224;6905.968577196523;6558.869179600888;6255.762158269681;5936.144491095987;5605.65243943815;5314.496594295444;992800.0
1,63.0;63.0,999900.0
1,63.0;63.0,999900.0
1,63.0;63.0,999900.0
1,63.0;63.0,999900.0
1,63.0;63.0,999900.0
1,63.0;63.0,999900.0
1,63.0;63.0,999900.0
