numPlayed,heuristicList,remainingTime
8,35.0;29.0;25.0;20.0;18.0;16.0;13.0;4.0;1.0,483.33333333333337;493.33333333333337;406.1224489795918;390.6976744186047;377.19298245614027;330.30303030303014;165.3374233128834;49.0934449093445
2,35.0;27.0;26.0,337.5;551.8518518518517
1,35.0;32.0,1066.6666666666667
1,35.0;30.0,600.0
1,35.0;30.0,600.0
1,35.0;30.0,600.0
1,35.0;30.0,600.0
1,35.0;31.0,775.0
1,35.0;35.0,999900.0
1,35.0;30.0,600.0
1,35.0;35.0,999900.0
