numPlayed,heuristicList,remainingTime
7,35.0;25.0;23.0;22.0;22.0;20.0;11.0;2.147483647E9,250.0;361.1111111111112;490.2439024390243;675.8620689655172;758.8235294117646;461.4457831325301;999300.0
2,35.0;30.0;28.0,600.0;785.7142857142857
2,35.0;30.0;30.0,600.0;1166.6666666666667
2,35.0;30.0;28.0,600.0;785.7142857142857
2,34.0;30.0;30.0,750.0;1466.6666666666663
1,35.0;35.0,999900.0
1,35.0;33.0,1650.0
1,35.0;33.0,1650.0
