numPlayed,heuristicList,remainingTime
3,35.0;29.0;27.0;26.0,483.33333333333337;658.3333333333331;858.6206896551723
3,35.0;30.0;28.0;2.147483647E9,600.0;785.7142857142857;999700.0
2,35.0;31.0;29.0,775.0;955.5555555555557
2,35.0;30.0;28.0,600.0;785.7142857142857
2,35.0;30.0;28.0,600.0;785.7142857142857
1,35.0;35.0,999900.0
1,35.0;35.0,999900.0
1,35.0;35.0,999900.0
1,35.0;35.0,999900.0
1,35.0;35.0,999900.0
1,35.0;35.0,999900.0
