numPlayed,heuristicList,remainingTime
77,34.0;32.0;29.0;28.0;28.0;27.0;28.0;28.0;28.0;28.0;28.0;29.0;29.0;29.0;29.0;28.0;27.0;26.0;26.0;25.0;24.0;26.0;26.0;26.0;27.0;28.0;25.0;24.0;22.0;25.0;24.0;23.0;22.0;23.0;22.0;24.0;24.0;23.0;25.0;24.0;21.0;22.0;22.0;20.0;21.0;21.0;22.0;22.0;21.0;22.0;24.0;20.0;16.0;15.0;17.0;16.0;15.0;15.0;16.0;16.0;16.0;15.0;15.0;15.0;15.0;16.0;15.0;16.0;16.0;14.0;12.0;10.0;10.0;10.0;11.0;11.0;11.0;2.147483647E9,1600.0;1166.6666666666667;1314.2857142857142;1687.5;1913.1944444444443;2541.3793103448284;3263.2352941176478;4078.6324786324785;4987.5;5989.7959183673465;7975.945017182132;10366.666666666666;13205.263157894735;16536.879432624115;17430.555555555555;16208.695652173912;14136.036036036036;13091.379310344826;11680.536912751679;10267.361111111111;10535.981308411214;10869.49152542373;11256.330749354007;12285.074626865673;14067.796610169491;13726.048565121411;12960.511363636364;11525.581395348838;11759.203444564047;11620.622568093386;11200.690846286701;10598.787878787878;10452.657004830913;10107.196029776675;10364.516129032256;10639.822024471634;10673.962655601657;11252.371342078708;11574.072289156627;11143.356643356645;11041.11111111111;10982.978723404256;10549.134948096886;10395.661512027493;10286.166365280289;10388.927137119907;10507.471264367818;10468.217054263565;10621.724052514242;11131.41650422352;10949.554285714283;10194.313967861559;9455.241985394234;9088.915662650603;8673.716012084593;8226.572880031263;7851.216197852971;7617.866258295047;7418.825935282088;7248.691695108078;7029.909948542025;6840.779782417732;6676.845444059976;6534.52750868214;6472.287925244562;6361.30165634934;6323.104780299369;6293.699281542358;6160.860230974238;5938.069855519705;5641.414741474147;5378.531355192619;5144.141962914846;4975.296680186271;4822.832525578891;4684.7328244274795;992300.0
9,34.0;33.0;32.0;32.0;32.0;32.0;32.0;32.0;32.0;32.0,3300.0;3200.0;4528.571428571428;6320.000000000001;8500.0;11050.0;13963.157894736842;17236.36363636364;20867.999999999996
6,35.0;34.0;33.0;32.0;33.0;33.0;34.0,3400.0;3300.0;3200.0;5366.666666666667;8083.333333333334;18420.000000000004
5,34.0;33.0;32.0;33.0;33.0;34.0,3300.0;3200.0;8100.0;16300.0;999500.0
5,34.0;33.0;32.0;33.0;33.0;34.0,3300.0;3200.0;8100.0;16300.0;999500.0
2,33.0;32.0;33.0,3200.0;999800.0
2,33.0;32.0;33.0,3200.0;999800.0
1,32.0;33.0,999900.0
