numPlayed,heuristicList,remainingTime
11,27.0;23.0;21.0;18.0;16.0;15.0;14.0;13.0;12.0;12.0;10.0;2.147483647E9,57.5;68.8888888888889;61.72413793103449;57.77777777777777;58.33333333333334;59.33333333333333;59.69325153374234;59.06542056074767;61.47169811320754;57.73809523809524;999890.0
1,25.0;25.0,999990.0
1,25.0;24.0,240.0
1,26.0;24.0,120.0
1,24.0;23.0,230.0
1,27.0;24.0,80.0
1,24.0;23.0,230.0
1,24.0;23.0,230.0
1,26.0;23.0,76.66666666666667
1,24.0;24.0,999990.0
1,24.0;24.0,999990.0
