numPlayed,heuristicList,remainingTime
12,25.0;22.0;19.0;15.0;14.0;13.0;12.0;11.0;10.0;9.0;8.0;7.0;2.147483647E9,73.33333333333334;63.33333333333334;46.36363636363636;45.51724137931035;46.59090909090908;47.41935483870968;47.365269461077844;46.23853211009174;44.028776978417255;40.80459770114942;36.666666666666686;999880.0
6,24.0;19.0;17.0;16.0;15.0;14.0;13.0,38.0;47.14285714285715;58.076923076923066;66.66666666666666;72.22222222222223;74.88888888888889
1,24.0;24.0,999990.0
1,26.0;24.0,120.0
1,26.0;24.0,120.0
1,25.0;24.0,240.0
1,27.0;24.0,80.0
1,24.0;23.0,230.0
