numPlayed,heuristicList,remainingTime
2,16.0;11.0;10.0,22.0;31.111111111111114
2,16.0;11.0;10.0,22.0;31.111111111111114
2,17.0;11.0;10.0,18.333333333333336;26.19047619047619
2,16.0;11.0;2.147483647E9,22.0;999980.0
1,13.0;10.0,33.333333333333336
1,12.0;10.0,50.0
1,16.0;11.0,22.0
1,11.0;10.0,100.0
1,15.0;11.0,27.5
1,11.0;10.0,100.0
1,11.0;10.0,100.0
