numPlayed,heuristicList,remainingTime
2,16.0;11.0;2.147483647E9,22.0;999980.0
1,10.0;10.0,999990.0
1,13.0;10.0,33.333333333333336
1,15.0;13.0,65.0
1,11.0;10.0,100.0
1,15.0;12.0,40.0
1,16.0;11.0,22.0
1,16.0;11.0,22.0
1,11.0;10.0,100.0
1,11.0;10.0,100.0
1,11.0;10.0,100.0
