numPlayed,heuristicList,remainingTime
3,12.0;8.0;6.0;2.147483647E9,20.0;18.888888888888886;999970.0
1,10.0;8.0,40.0
1,16.0;15.0,150.0
1,13.0;10.0,33.333333333333336
1,15.0;11.0,27.5
1,16.0;12.0,30.0
1,14.0;13.0,130.0
1,11.0;10.0,100.0
1,11.0;10.0,100.0
1,14.0;10.0,25.0
1,15.0;12.0,40.0
