numPlayed,heuristicList,remainingTime
9,16.0;12.0;8.0;6.0;4.0;3.0;2.0;1.0;0.0;1.0,30.0;20.0;15.882352941176471;10.666666666666664;6.410256410256409;1.875;-3.2558139534883708;-9.047619047619051;-12.247191011235941
2,14.0;10.0;10.0,25.0;46.66666666666667
2,15.0;11.0;10.0,27.5;38.0
1,13.0;10.0,33.333333333333336
1,15.0;13.0,65.0
1,16.0;15.0,150.0
1,15.0;12.0,40.0
1,13.0;10.0,33.333333333333336
