numPlayed,heuristicList,remainingTime
24,20.0;16.0;15.0;14.0;12.0;10.0;9.0;8.0;7.0;7.0;7.0;7.0;7.0;7.0;7.0;7.0;7.0;7.0;7.0;7.0;7.0;7.0;7.0;7.0;7.0,40.0;58.0;70.52631578947368;65.55555555555556;55.55555555555556;50.0;45.294117647058826;40.43478260869567;38.92241379310346;39.285714285714306;40.914634146341456;43.51063829787236;46.91037735849059;51.01694915254237;55.769230769230745;61.12676056338029;67.06168831168833;73.5542168674699;80.58988764044943;88.15789473684208;96.25;104.85981308411215;113.98230088495569;123.61344537815137
23,21.0;18.0;16.0;15.0;14.0;13.0;12.0;10.0;9.0;8.0;8.0;8.0;8.0;8.0;8.0;8.0;8.0;8.0;8.0;8.0;8.0;8.0;8.0;8.0,60.0;63.33333333333333;72.5;78.82352941176471;81.76100628930817;81.7948717948718;71.7948717948718;64.06504065040653;57.0;54.3478260869565;54.11646586345381;55.463917525773184;57.97297297297297;61.41333333333333;65.64748201438849;70.58823529411768;76.17764471057882;82.37569060773484;89.15384615384625;96.49122807017545;104.37219730941706;112.78481012658227;121.71978751660026
20,19.0;17.0;16.0;15.0;14.0;13.0;10.0;9.0;8.0;7.0;7.0;7.0;7.0;6.0;4.0;4.0;4.0;3.0;2.0;1.0;1.0,85.0;105.55555555555556;113.84615384615384;115.0;112.08333333333331;82.43243243243245;68.17391304347825;58.3739837398374;50.13513513513513;46.428571428571445;45.12820512820514;45.353535353535335;42.86937901498928;34.87632508833923;29.17293233082708;24.921465968586404;18.996212121212125;11.775147928994073;3.5818337617823772;-3.333333333333343
18,21.0;17.0;16.0;15.0;14.0;13.0;11.0;10.0;9.0;9.0;9.0;9.0;9.0;9.0;9.0;9.0;9.0;9.0;9.0,42.5;62.0;75.78947368421053;83.75;87.0;77.00000000000003;70.0;63.703703703703695;62.60869565217391;64.2857142857143;67.77777777777774;72.63157894736844;78.60465116279067;85.55555555555554;93.39622641509436;102.06896551724134;111.53439153439155;121.76470588235298
1,20.0;19.0,190.0
1,18.0;18.0,999990.0
1,16.0;15.0,150.0
1,16.0;15.0,150.0
