numPlayed,heuristicList,remainingTime
19,21.0;18.0;16.0;15.0;14.0;13.0;11.0;10.0;9.0;9.0;9.0;9.0;9.0;9.0;9.0;9.0;9.0;9.0;9.0;2.147483647E9,60.0;63.33333333333333;72.5;78.82352941176471;81.76100628930817;72.85714285714289;66.55737704918033;60.793650793650784;59.85981308411215;61.53846153846155;64.94553376906319;69.6590909090909;75.45226130653268;82.19219219219221;89.79591836734699;98.20895522388054;107.39404352806417;117.32484076433116;999810.0
19,18.0;16.0;15.0;14.0;13.0;12.0;10.0;9.0;8.0;8.0;8.0;8.0;8.0;8.0;8.0;8.0;8.0;8.0;8.0;8.0,80.0;98.88888888888889;106.15384615384613;106.66666666666666;103.33333333333331;85.29411764705881;74.07766990291262;65.02283105022832;62.38095238095238;62.931034482758605;65.46666666666667;69.43396226415095;74.54293628808864;80.62706270627064;87.58389261744966;95.34693877551018;103.87116948092557;113.125;123.08562197092084
18,19.0;15.0;14.0;13.0;12.0;10.0;9.0;8.0;8.0;8.0;8.0;8.0;8.0;8.0;8.0;8.0;8.0;8.0;8.0,37.5;54.0;65.26315789473685;71.25;63.03030303030303;57.61904761904762;52.5;52.30769230769229;54.6875;58.7719298245614;64.16666666666666;70.66666666666671;78.1547619047619;86.55913978494624;95.83333333333334;105.94594594594594;116.875;128.60465116279073
16,18.0;15.0;13.0;12.0;10.0;9.0;8.0;8.0;8.0;8.0;8.0;8.0;8.0;8.0;8.0;8.0;8.0,50.0;51.33333333333334;57.5;51.57894736842104;48.63387978142076;45.55555555555556;47.058823529411754;50.99099099099098;56.610169491525426;63.592233009708735;71.77304964539007;81.06060606060603;91.39931740614335;102.75362318840578;115.09971509971507;128.4210526315789
2,20.0;18.0;18.0,90.0;176.66666666666666
1,19.0;19.0,999990.0
1,19.0;18.0,180.0
1,20.0;19.0,190.0
1,20.0;19.0,190.0
1,19.0;18.0,180.0
1,16.0;15.0,150.0
