numPlayed,heuristicList,remainingTime
41,26.0;23.0;19.0;16.0;14.0;13.0;12.0;11.0;10.0;9.0;8.0;7.0;6.0;6.0;6.0;6.0;6.0;6.0;6.0;6.0;6.0;6.0;6.0;6.0;6.0;6.0;6.0;6.0;6.0;6.0;6.0;5.0;4.0;4.0;4.0;4.0;4.0;3.0;2.0;1.0;0.0;1.0,76.66666666666667;54.76190476190477;46.76470588235294;43.22580645161291;43.15789473684211;43.43283582089552;43.16666666666667;42.051282051282044;40.0;37.02702702702706;33.19383259911896;28.581818181818193;25.55727554179566;23.58490566037736;22.374701670644384;21.755888650963612;21.621359223301;21.900532859680254;22.545008183306066;23.520485584218477;24.801980198019834;26.37086092715228;28.212951432129557;30.317273795534675;32.67519466073418;35.27983104540658;38.1256281407035;41.208053691275154;44.52337305224563;48.06848112379288;48.46569646569645;45.80343213728548;43.547557840616946;41.64469118667597;40.05261427162117;38.73750000000001;34.537691401649;27.74104683195594;18.718934153215514;7.8747628083490895;0.5785799168152721
7,24.0;19.0;17.0;16.0;15.0;14.0;13.0;13.0,38.0;47.14285714285715;58.076923076923066;66.66666666666666;72.22222222222223;74.88888888888889;82.56410256410257
1,26.0;24.0,120.0
1,25.0;25.0,999990.0
1,25.0;25.0,999990.0
1,25.0;23.0,115.0
1,25.0;25.0,999990.0
1,24.0;23.0,230.0
