numPlayed,heuristicList,remainingTime
19,26.0;23.0;19.0;16.0;14.0;13.0;12.0;11.0;10.0;9.0;8.0;7.0;6.0;6.0;6.0;6.0;6.0;6.0;6.0;2.147483647E9,76.66666666666667;54.76190476190477;46.76470588235294;43.22580645161291;43.15789473684211;43.43283582089552;43.16666666666667;42.051282051282044;40.0;37.02702702702706;33.19383259911896;28.581818181818193;25.55727554179566;23.58490566037736;22.374701670644384;21.755888650963612;21.621359223301;21.900532859680254;999810.0
7,24.0;19.0;17.0;16.0;15.0;14.0;13.0;13.0,38.0;47.14285714285715;58.076923076923066;66.66666666666666;72.22222222222223;74.88888888888889;82.56410256410257
7,24.0;20.0;17.0;16.0;15.0;14.0;13.0;13.0,50.0;48.0952380952381;56.29629629629629;63.63636363636361;68.68686868686869;71.27659574468086;78.60655737704917
1,27.0;24.0,80.0
1,24.0;24.0,999990.0
1,24.0;23.0,230.0
1,24.0;24.0,999990.0
1,24.0;23.0,230.0
1,26.0;24.0,120.0
1,25.0;24.0,240.0
1,24.0;24.0,999990.0
