numPlayed,heuristicList,remainingTime
29,27.0;23.0;21.0;18.0;16.0;15.0;14.0;13.0;12.0;12.0;10.0;9.0;8.0;7.0;6.0;5.0;4.0;3.0;3.0;3.0;3.0;3.0;3.0;3.0;3.0;3.0;3.0;3.0;3.0;2.147483647E9,57.5;68.8888888888889;61.72413793103449;57.77777777777777;58.33333333333334;59.33333333333333;59.69325153374234;59.06542056074767;61.47169811320754;57.73809523809524;53.333333333333314;48.28125;42.63327948303714;36.45045045045043;29.79452054794521;22.723735408560316;15.291005291005291;9.267935578330906;4.208469055374593;-0.1564945226916734;-3.9989321943406537;-7.4338883447600494;-10.541233227800433;-13.378151260504211;-15.9866614358572;-18.39833210694141;-20.637339799099408;-22.722513089005247;999710.0
6,24.0;20.0;17.0;16.0;15.0;14.0;13.0,50.0;48.0952380952381;56.29629629629629;63.63636363636361;68.68686868686869;71.27659574468086
6,24.0;20.0;17.0;16.0;15.0;14.0;13.0,50.0;48.0952380952381;56.29629629629629;63.63636363636361;68.68686868686869;71.27659574468086
1,26.0;23.0,76.66666666666667
1,26.0;24.0,120.0
1,26.0;24.0,120.0
1,24.0;23.0,230.0
1,25.0;23.0,115.0
1,24.0;24.0,999990.0
1,25.0;24.0,240.0
1,24.0;23.0,230.0
