numPlayed,heuristicList,remainingTime
2,0.0;0.0;2.147483647E9,999990.0;999980.0
1,0.0;2.147483647E9,999990.0
1,0.0;0.0,999990.0
1,0.0;0.0,999990.0
1,0.0;0.0,999990.0
1,0.0;0.0,999990.0
1,0.0;0.0,999990.0
1,0.0;0.0,999990.0
1,0.0;0.0,999990.0
1,0.0;0.0,999990.0
1,0.0;0.0,999990.0
