numPlayed,heuristicList,remainingTime
25,20.0;17.0;16.0;15.0;14.0;11.0;10.0;10.0;10.0;10.0;8.0;6.0;6.0;6.0;6.0;6.0;6.0;6.0;6.0;6.0;6.0;6.0;6.0;6.0;5.0;1.0,566.6666666666667;783.3333333333334;912.4999999999998;971.4285714285713;736.3636363636365;636.3636363636363;630.5785123966944;664.9350649350649;723.5294117647059;675.0;562.2222222222222;498.46153846153834;461.2903225806451;440.7407407407409;431.70731707317054;431.304347826087;437.7777777777778;450.00000000000045;467.2131147540981;488.8888888888887;514.647887323943;544.2105263157896;577.3662551440325;572.9071537290715;423.00066093853275
6,24.0;17.0;15.0;15.0;15.0;15.0;14.0,242.85714285714283;314.8148148148149;462.0689655172414;660.0;905.2287581699345;1052.941176470588
4,19.0;16.0;15.0;14.0;14.0,533.3333333333334;733.3333333333334;850.0;1100.0
3,21.0;17.0;17.0;16.0,425.0;816.6666666666666;1033.3333333333335
2,18.0;16.0;16.0,800.0;1566.6666666666667
1,17.0;16.0,1600.0
1,17.0;16.0,1600.0
1,17.0;16.0,1600.0
1,17.0;16.0,1600.0
1,18.0;17.0,1700.0
1,17.0;17.0,999900.0
