numPlayed,heuristicList,remainingTime
21,21.0;17.0;16.0;16.0;14.0;13.0;12.0;12.0;12.0;12.0;12.0;10.0;10.0;9.0;8.0;7.0;7.0;7.0;7.0;7.0;6.0;2.147483647E9,425.0;620.0;943.7499999999998;920.0;904.7619047619048;878.3783783783783;933.3333333333333;1030.1075268817206;1155.7046979865768;1304.5977011494251;1250.9803921568628;1249.2537313432836;1192.9878048780488;1101.6583747927034;989.8167006109979;921.3793103448279;880.0697558545094;857.2559366754613;847.9338842975208;802.6499302649927;997900.0
6,20.0;17.0;16.0;15.0;14.0;14.0;14.0,566.6666666666667;783.3333333333334;912.4999999999998;971.4285714285713;1150.0;1392.307692307692
4,21.0;17.0;17.0;16.0;16.0,425.0;816.6666666666666;1033.3333333333335;1381.8181818181818
4,20.0;17.0;16.0;16.0;15.0,566.6666666666667;783.3333333333334;1176.923076923077;1327.2727272727275
4,20.0;16.0;16.0;16.0;16.0,400.0;766.6666666666666;1266.6666666666667;1900.0
1,17.0;16.0,1600.0
1,17.0;16.0,1600.0
1,17.0;16.0,1600.0
1,17.0;17.0,999900.0
1,17.0;16.0,1600.0
1,17.0;16.0,1600.0
