numPlayed,heuristicList,remainingTime
14,21.0;17.0;16.0;15.0;15.0;14.0;14.0;14.0;14.0;13.0;14.0;13.0;13.0;13.0;2.147483647E9,425.0;620.0;757.8947368421054;1000.0;1111.111111111111;1300.0;1540.0;1822.2222222222222;1909.3457943925237;2283.333333333333;2429.166666666667;2616.6666666666665;2836.979166666667;998600.0
12,21.0;17.0;16.0;16.0;16.0;14.0;14.0;14.0;14.0;14.0;14.0;14.0;14.0,425.0;620.0;943.7499999999998;1363.6363636363635;1285.087719298246;1388.888888888889;1570.0;1801.5503875968993;2073.5294117647063;2381.35593220339;2722.6368159203985;3095.999999999999
8,18.0;16.0;16.0;14.0;14.0;14.0;14.0;14.0;14.0,800.0;1566.6666666666667;1183.3333333333333;1360.0;1666.666666666667;2055.555555555555;2513.6363636363635;3035.8974358974365
2,17.0;16.0;16.0,1600.0;3166.6666666666665
2,17.0;16.0;16.0,1600.0;3166.6666666666665
1,16.0;16.0,999900.0
1,17.0;17.0,999900.0
1,17.0;17.0,999900.0
