numPlayed,heuristicList,remainingTime
47,9.0;7.0;6.0;5.0;5.0;5.0;4.0;3.0;3.0;3.0;2.0;2.0;2.0;2.0;2.0;2.0;2.0;2.0;2.0;2.0;2.0;2.0;2.0;2.0;2.0;2.0;2.0;2.0;2.0;2.0;2.0;2.0;2.0;2.0;1.0;1.0;1.0;1.0;1.0;1.0;1.0;1.0;1.0;1.0;1.0;1.0;1.0;1.0,350.0;388.8888888888888;369.23076923076917;440.0;549.3827160493827;520.0;420.0;383.33333333333326;375.0;300.0;254.375;225.26315789473688;206.81818181818198;196.0;191.07142857142844;190.9677419354839;195.0;202.7027027027027;213.75;227.90697674418607;245.0;264.8979591836742;287.5;312.727272727273;340.51724137931024;370.8196721311474;403.59375000000045;438.8059701492539;476.42857142857156;516.4383561643845;558.8157894736842;603.5443037974687;650.6097560975604;584.6153846153857;526.7229254571025;475.494071146245;429.83271375464574;388.8888888888887;351.9933554817271;318.61198738170424;288.3133133133124;260.74498567335286;235.6164383561645;212.68591426071725;191.7506297229238;172.6392251815987;155.20590520590576
3,7.0;6.0;5.0;5.0,600.0;500.0;671.4285714285713
3,7.0;6.0;5.0;5.0,600.0;500.0;671.4285714285713
2,6.0;5.0;5.0,500.0;966.6666666666665
1,8.0;7.0,700.0
1,8.0;7.0,700.0
1,8.0;7.0,700.0
1,8.0;7.0,700.0
