numPlayed,heuristicList,remainingTime
17,7.0;6.0;6.0;6.0;5.0;5.0;5.0;5.0;5.0;5.0;5.0;5.0;5.0;5.0;5.0;5.0;5.0;2.147483647E9,60.0;116.66666666666666;193.33333333333334;130.0;132.05128205128204;147.7777777777778;170.43478260869566;198.09523809523807;230.0;265.78947368421046;305.27131782945736;348.3333333333333;394.9056603773586;444.9425287356322;498.41269841269855;555.2941176470589;999830.0
6,9.0;8.0;8.0;8.0;8.0;8.0;8.0,80.0;156.66666666666666;260.0;390.0;546.6666666666666;729.9999999999999
6,9.0;8.0;8.0;8.0;8.0;8.0;8.0,80.0;156.66666666666666;260.0;390.0;546.6666666666666;729.9999999999999
1,9.0;9.0,999990.0
1,5.0;5.0,999990.0
1,8.0;8.0,999990.0
1,8.0;8.0,999990.0
1,8.0;8.0,999990.0
1,8.0;8.0,999990.0
1,6.0;6.0,999990.0
1,5.0;5.0,999990.0
