numPlayed,heuristicList,remainingTime
10,14.0;13.0;12.0;11.0;11.0;10.0;9.0;9.0;9.0;9.0;2.147483647E9,130.0;120.0;110.0;132.49999999999997;128.3950617283951;115.45454545454547;118.19672131147541;127.52136752136752;140.84210526315786;999900.0
9,8.0;7.0;6.0;6.0;6.0;5.0;5.0;5.0;5.0;5.0,70.0;60.0;81.42857142857142;111.99999999999997;98.14814814814815;102.30769230769232;113.23529411764704;128.2539682539683;146.39999999999998
4,11.0;10.0;9.0;9.0;9.0,100.0;90.0;124.28571428571428;171.99999999999994
3,13.0;12.0;11.0;11.0,120.0;110.0;152.85714285714286
2,12.0;11.0;11.0,110.0;216.66666666666666
1,6.0;6.0,999990.0
1,9.0;9.0,999990.0
1,9.0;9.0,999990.0
1,8.0;8.0,999990.0
1,6.0;6.0,999990.0
1,8.0;8.0,999990.0
