numPlayed,heuristicList,remainingTime
22,14.0;13.0;12.0;11.0;11.0;10.0;9.0;9.0;9.0;9.0;9.0;9.0;8.0;8.0;8.0;8.0;8.0;8.0;8.0;8.0;8.0;8.0;2.147483647E9,130.0;120.0;110.0;132.49999999999997;128.3950617283951;115.45454545454547;118.19672131147541;127.52136752136752;140.84210526315786;157.1428571428571;175.94315245478037;175.69620253164555;180.05347593582889;187.5308641975309;197.34693877551024;209.0510948905109;222.3652365236524;237.1084337349398;253.15789473684208;270.42735042735046;288.854415274463;999780.0
5,6.0;5.0;5.0;5.0;5.0;5.0,50.0;96.66666666666666;160.0;240.0;336.6666666666667
4,9.0;8.0;8.0;8.0;8.0,80.0;156.66666666666666;260.0;390.0
4,9.0;8.0;8.0;8.0;8.0,80.0;156.66666666666666;260.0;390.0
4,9.0;8.0;8.0;8.0;8.0,80.0;156.66666666666666;260.0;390.0
4,9.0;8.0;8.0;8.0;8.0,80.0;156.66666666666666;260.0;390.0
1,5.0;5.0,999990.0
1,8.0;8.0,999990.0
