numPlayed,heuristicList,remainingTime
39,9.0;8.0;7.0;6.0;6.0;6.0;5.0;5.0;5.0;5.0;5.0;5.0;5.0;5.0;5.0;5.0;5.0;5.0;5.0;5.0;5.0;5.0;5.0;5.0;5.0;5.0;5.0;5.0;5.0;5.0;5.0;5.0;5.0;5.0;5.0;5.0;5.0;5.0;1.0;1.0,80.0;70.0;60.0;70.0;86.36363636363635;80.58823529411765;83.69565217391303;91.03448275862067;101.14285714285714;113.41463414634146;127.5531914893617;143.39622641509436;160.84745762711862;179.8461538461538;200.35211267605638;222.33766233766238;245.78313253012044;270.6741573033708;296.99999999999994;324.7524752475248;353.9252336448599;384.5132743362832;416.51260504201684;449.9200000000001;484.73282442748086;520.948905109489;558.5664335664336;597.5838926174497;638.0000000000001;679.8136645962733;723.0239520958085;767.6300578034682;813.6312849162011;861.0270270270269;909.8167539267017;960.0000000000002;1011.5763546798032;712.2222222222222;545.6811989100817
7,10.0;9.0;9.0;9.0;9.0;9.0;9.0;9.0,90.0;176.66666666666666;293.3333333333333;440.0;616.6666666666666;823.3333333333333;1060.0
1,8.0;8.0,999990.0
1,9.0;9.0,999990.0
1,6.0;6.0,999990.0
1,6.0;6.0,999990.0
1,8.0;8.0,999990.0
1,9.0;9.0,999990.0
1,11.0;11.0,999990.0
1,8.0;8.0,999990.0
1,5.0;5.0,999990.0
