numPlayed,heuristicList,remainingTime
67,70.0;69.0;68.0;67.0;66.0;66.0;65.0;64.0;63.0;62.0;62.0;62.0;61.0;60.0;59.0;56.0;55.0;56.0;56.0;55.0;54.0;53.0;54.0;55.0;55.0;55.0;55.0;52.0;51.0;50.0;49.0;48.0;47.0;46.0;45.0;44.0;43.0;42.0;41.0;40.0;40.0;40.0;40.0;40.0;40.0;40.0;39.0;38.0;39.0;39.0;39.0;39.0;36.0;35.0;34.0;33.0;33.0;33.0;34.0;34.0;34.0;34.0;34.0;34.0;34.0;34.0;33.0;2.147483647E9,690.0;680.0;670.0;660.0;764.4444444444445;789.1304347826087;779.1304347826087;757.3333333333333;732.8571428571428;752.2222222222224;794.3333333333331;809.8529411764706;807.7744807121662;795.128205128205;727.7777777777778;678.8235294117648;673.2254047322539;679.1144708423326;678.3426966292135;672.6829268292682;663.5385704175515;674.3964421855146;701.1507009345794;730.5513513513516;762.323943661972;796.2652869238004;797.1428571428571;792.2530864197529;782.8382147838217;769.9747952110899;754.5599544289375;737.319587628866;718.8276506305467;699.5294616362864;679.7648872615148;659.7893258426967;639.7916666666667;619.9091175608326;600.2391508800215;585.0694444444445;573.4807138744961;564.7990543735226;558.5191900876398;554.254835039818;551.7056137523504;547.2896248732679;541.2302788844621;539.963680387409;539.8753781875812;540.8303546879297;542.7172341264627;536.732352207533;529.3522953501667;520.7488789237668;511.0815979600509;502.976575121163;496.2278761061948;493.01869417073385;490.68524406759684;489.1387356809505;488.30380470280875;488.1160674481414;488.5201912858661;489.4683581432864;490.9190307328606;490.7193751712796;999330.0
5,70.0;68.0;67.0;66.0;66.0;66.0,340.0;445.55555555555554;506.1538461538462;654.0;845.6790123456792
5,70.0;68.0;67.0;66.0;66.0;66.0,340.0;445.55555555555554;506.1538461538462;654.0;845.6790123456792
4,70.0;69.0;68.0;67.0;67.0,690.0;680.0;670.0;832.5
4,70.0;69.0;68.0;67.0;67.0,690.0;680.0;670.0;832.5
4,70.0;69.0;68.0;67.0;67.0,690.0;680.0;670.0;832.5
1,70.0;70.0,999990.0
1,70.0;70.0,999990.0
