numPlayed,heuristicList,remainingTime
6,26.0;24.0;22.0;21.0;21.0;21.0;22.0,1200.0;1100.0;1217.6470588235293;1553.846153846154;2000.0;3005.2631578947376
4,23.0;22.0;20.0;19.0;2.147483647E9,2200.0;1344.4444444444446;1350.0;999600.0
4,23.0;21.0;19.0;19.0;21.0,1050.0;950.0;1314.2857142857144;3233.3333333333335
3,22.0;20.0;19.0;20.0,1000.0;1255.5555555555554;2742.857142857143
3,21.0;19.0;19.0;21.0,950.0;1866.6666666666665;999700.0
3,21.0;19.0;18.0;19.0,950.0;1188.888888888889;2600.0
1,24.0;23.0,2300.0
1,24.0;23.0,2300.0
