numPlayed,heuristicList,remainingTime
33,73.0;71.0;70.0;69.0;69.0;69.0;69.0;68.0;67.0;66.0;66.0;65.0;64.0;63.0;62.0;61.0;60.0;60.0;59.0;58.0;59.0;60.0;59.0;58.0;59.0;60.0;57.0;58.0;58.0;58.0;58.0;58.0;58.0;58.0,3550.0;4655.555555555556;5292.307692307692;6840.0;8845.67901234568;11229.411764705883;11856.25;11504.761904761903;10838.613861386137;10969.69696969697;10709.195402298848;10280.701754385966;9805.084745762711;9338.297872340427;8902.542372881355;8504.109589041094;8369.731800766285;8187.167070217918;7978.051282051283;8086.956521739128;8434.653465346535;8650.819672131147;8753.846153846154;9071.921182266007;9583.333333333334;9632.705061082022;9892.590799031477;10184.684684684684;10505.122807017542;10850.98814229249;11220.037243947858;11610.516431924883;12021.035058430716
10,73.0;71.0;70.0;69.0;69.0;69.0;69.0;68.0;67.0;66.0;2.147483647E9,3550.0;4655.555555555556;5292.307692307692;6840.0;8845.67901234568;11229.411764705883;11856.25;11504.761904761903;10838.613861386137;999000.0
7,73.0;71.0;70.0;69.0;69.0;69.0;69.0;69.0,3550.0;4655.555555555556;5292.307692307692;6840.0;8845.67901234568;11229.411764705883;13965.853658536585
6,73.0;72.0;71.0;70.0;70.0;70.0;70.0,7200.0;7100.0;7000.0;8700.0;11045.454545454544;13871.428571428572
1,73.0;73.0,999900.0
1,73.0;73.0,999900.0
1,73.0;73.0,999900.0
1,73.0;73.0,999900.0
