numPlayed,heuristicList,remainingTime
5,5.0;4.0;2.0;1.0;0.0;1.0,40.0;14.444444444444443;6.4285714285714235;-1.53846153846154;-2.020202020202028
1,6.0;5.0,50.0
1,6.0;5.0,50.0
1,5.0;4.0,40.0
1,6.0;5.0,50.0
1,7.0;6.0,60.0
1,7.0;6.0,60.0
1,5.0;4.0,40.0
