numPlayed,heuristicList,remainingTime
13,5.0;3.0;2.0;1.0;1.0;1.0;1.0;1.0;1.0;1.0;1.0;1.0;1.0;1.0,150.0;122.22222222222229;61.53846153846155;40.0;30.864197530864203;29.41176470588232;34.146341463414615;44.44444444444446;60.0;80.64516129032268;106.28019323671492;136.84210526315792;172.28915662650616
4,5.0;3.0;2.0;2.0;2.0,150.0;122.22222222222229;150.0;200.0
3,5.0;2.0;2.0;2.0,66.66666666666669;100.0;155.55555555555554
2,5.0;3.0;2.147483647E9,150.0;999800.0
2,4.0;2.0;2.0,100.0;166.66666666666663
1,6.0;4.0,200.0
1,6.0;4.0,200.0
1,5.0;4.0,400.0
