numPlayed,heuristicList,remainingTime
6,6.0;4.0;1.0;1.0;1.0;1.0;1.0,200.0;46.66666666666663;16.66666666666663;5.6843418860808015E-14;-9.803921568627402;-14.28571428571422
6,6.0;4.0;2.0;2.0;2.0;2.0;2.0,200.0;100.0;99.99999999999994;120.0;153.84615384615392;200.0
5,5.0;3.0;2.0;2.0;2.0;2.0,150.0;122.22222222222229;150.0;200.0;268.5185185185185
3,4.0;2.0;2.0;2.0,100.0;166.66666666666663;266.66666666666663
1,5.0;4.0,400.0
1,6.0;4.0,200.0
1,5.0;4.0,400.0
1,6.0;4.0,200.0
1,6.0;4.0,200.0
1,6.0;5.0,500.0
1,6.0;5.0,500.0
