numPlayed,heuristicList,remainingTime
12,4.0;3.0;2.0;2.0;1.0;1.0;1.0;1.0;1.0;1.0;1.0;0.0;1.0,30.0;20.0;24.285714285714278;14.285714285714278;11.111111111111114;10.0;10.0;10.793650793650798;12.24489795918366;14.285714285714292;2.9729729729729826;6.5
4,4.0;3.0;2.0;2.0;2.0,30.0;20.0;24.285714285714278;32.0
2,4.0;3.0;3.0,30.0;56.66666666666667
1,4.0;3.0,30.0
1,4.0;3.0,30.0
1,4.0;3.0,30.0
1,4.0;3.0,30.0
1,5.0;4.0,40.0
