numPlayed,heuristicList,remainingTime
97,80.0;80.0;80.0;80.0;80.0;80.0;80.0;77.0;76.0;76.0;76.0;76.0;76.0;76.0;76.0;76.0;76.0;76.0;76.0;76.0;76.0;76.0;76.0;76.0;76.0;76.0;76.0;76.0;76.0;76.0;76.0;76.0;76.0;76.0;76.0;76.0;76.0;76.0;76.0;75.0;71.0;71.0;71.0;70.0;68.0;69.0;69.0;68.0;69.0;68.0;69.0;69.0;69.0;69.0;69.0;69.0;69.0;70.0;69.0;69.0;69.0;70.0;69.0;69.0;69.0;70.0;68.0;69.0;70.0;69.0;70.0;68.0;69.0;70.0;68.0;70.0;68.0;70.0;70.0;68.0;69.0;70.0;70.0;70.0;70.0;68.0;70.0;68.0;69.0;69.0;69.0;70.0;69.0;70.0;70.0;70.0;70.0;2.147483647E9,999900.0;999800.0;999700.0;999600.0;999500.0;999400.0;31500.0;18613.333333333336;16029.113924050635;15518.518518518522;15820.194647201948;16554.216867469873;17566.666666666668;18783.333333333336;20164.031620553364;21685.10638297872;23331.725616291536;25094.11764705882;26965.582655826558;28941.373534338356;31018.032786885247;33192.98245614035;35464.26116838487;37830.35019455253;40290.05524861878;42842.42424242423;45486.68885191348;48222.22222222222;51048.50784016186;53965.11627906976;56971.68758716875;60067.91778373546;63253.54838709677;66528.35820895525;69892.15686274509;73344.7795823666;76886.08305274973;80515.9420289855;80805.2631578947;70279.6052631579;63268.90581717451;58339.47368421052;53470.04632012351;47901.76657978568;44749.99999999999;42374.948805460765;39928.81596272662;38598.89012208657;37057.63993948563;36305.51659654045;35727.777777777774;35292.533659730725;34975.52742616033;34757.98045602606;34625.12846865365;34565.20325203251;34910.460577673715;34949.35992855016;35039.72881998767;35175.92592592592;35670.06319115324;35869.33839022335;36103.70865758755;36370.11009604123;36969.443496073734;36980.06108202443;37328.36954229066;37995.559210526306;38379.06004182017;39079.704510108866;39200.646370023416;39644.54959053685;40398.92272079772;40577.74909654105;41364.65182937111;41576.72596703117;42394.17493862739;43222.70227808327;43468.05576717965;44029.55909338888;44900.70190831321;45782.547441058065;46675.057138144715;47578.194965929644;47868.905119361596;48798.60630270751;49112.01789071109;49754.705957068465;50408.77269426291;51073.97460937501;52066.98771972069;52748.58650287424;53764.286963109735;54790.44058437824;55827.04063286586;56874.0807174888;990300.0
1,80.0;80.0,999900.0
1,80.0;80.0,999900.0
1,80.0;80.0,999900.0
1,80.0;80.0,999900.0
1,80.0;80.0,999900.0
1,80.0;80.0,999900.0
1,80.0;80.0,999900.0
