numPlayed,heuristicList,remainingTime
1,21.0;11.0,110.0
1,21.0;16.0,320.0
1,21.0;20.0,2000.0
1,21.0;13.0,162.5
1,21.0;13.0,162.5
1,21.0;17.0,425.0
1,20.0;13.0,185.71428571428567
1,20.0;15.0,300.0
1,22.0;11.0,100.0
1,20.0;2.147483647E9,999900.0
0,20.0,
