numPlayed,heuristicList,remainingTime
1,21.0;14.0,199.99999999999994
1,20.0;12.0,150.0
1,20.0;15.0,300.0
1,21.0;10.0,90.9090909090909
1,20.0;18.0,900.0
1,20.0;10.0,100.0
1,20.0;18.0,900.0
1,20.0;16.0,400.0
1,21.0;8.0,61.53846153846152
1,21.0;2.147483647E9,999900.0
0,21.0,
