numPlayed,heuristicList,remainingTime
2,20.0;8.0;2.0,66.66666666666669;11.111111111111114
1,20.0;16.0,400.0
1,22.0;16.0,266.6666666666667
1,20.0;14.0,233.33333333333337
1,21.0;16.0,320.0
1,20.0;14.0,233.33333333333337
1,22.0;10.0,83.33333333333334
1,20.0;12.0,150.0
