numPlayed,heuristicList,remainingTime
1,21.0;12.0,133.33333333333334
1,21.0;10.0,90.9090909090909
1,21.0;19.0,950.0
1,20.0;7.0,53.84615384615384
1,21.0;12.0,133.33333333333334
1,21.0;11.0,110.0
1,21.0;10.0,90.9090909090909
1,21.0;16.0,320.0
1,21.0;9.0,75.0
1,19.0;2.147483647E9,999900.0
0,21.0,
