numPlayed,heuristicList,remainingTime
63,80.0;80.0;80.0;80.0;80.0;79.0;76.0;76.0;76.0;76.0;76.0;76.0;76.0;76.0;76.0;76.0;76.0;76.0;76.0;76.0;76.0;76.0;76.0;76.0;76.0;76.0;76.0;76.0;76.0;76.0;76.0;76.0;76.0;76.0;76.0;76.0;76.0;76.0;75.0;68.0;66.0;66.0;67.0;67.0;65.0;65.0;64.0;65.0;65.0;65.0;66.0;64.0;64.0;65.0;65.0;64.0;66.0;66.0;66.0;65.0;65.0;64.0;66.0;2.147483647E9,999900.0;999800.0;999700.0;999600.0;55633.333333333336;15557.142857142859;12641.176470588236;12338.738738738739;12869.072164948451;13816.666666666668;15033.333333333334;16453.012048192777;18041.798941798945;19780.50314465409;21657.44680851064;23665.116279069764;25798.457888493474;28053.94736842105;30429.05198776759;32921.904761904756;35531.099195710456;38255.555555555555;41094.43118536197;44047.05882352943;47112.903225806454;50291.53005464482;53582.58317025441;56985.76779026218;60500.83782166367;64127.586206896536;67865.83747927031;71715.44195953141;75676.27118644066;79748.2142857143;83931.17505995203;88225.06963788302;92629.82456140351;92420.86450540318;69695.33450704222;54361.29032258064;45615.63136456212;40790.58219178081;37388.4047267356;33843.98148148148;31270.534729878724;28980.890179003392;27559.4165033747;26451.939825811558;25581.183088368733;25132.319819819826;24342.69942466179;23712.3595505618;23401.171171171183;23167.03995927717;22822.601839684627;22890.50007599939;22990.559249972746;23119.427616461253;23114.115341173343;23143.510577472844;23052.628234226053;23296.541652062166;993700.0
1,80.0;80.0,999900.0
1,80.0;80.0,999900.0
1,80.0;80.0,999900.0
1,80.0;80.0,999900.0
1,80.0;80.0,999900.0
1,80.0;80.0,999900.0
1,80.0;80.0,999900.0
