numPlayed,heuristicList,remainingTime
28,30.0;27.0;23.0;24.0;24.0;24.0;23.0;24.0;22.0;24.0;22.0;24.0;23.0;24.0;24.0;20.0;19.0;16.0;14.0;13.0;10.0;10.0;10.0;7.0;8.0;9.0;9.0;7.0;2.147483647E9,900.0;661.9047619047618;1031.818181818182;1506.6666666666667;2083.3333333333335;2392.307692307692;3191.525423728813;3193.4959349593496;4196.551724137931;4267.857142857143;5480.869565217391;6163.076923076923;7671.969696969696;9385.572139303484;7533.163265306122;6224.8175182481755;4720.347394540943;3652.8169014084506;2976.3297872340427;2342.704149933066;1962.2580645161283;1710.7816711590303;1415.1548877759233;1237.9674017257908;1134.0425531914893;1053.3282325937262;937.7557980900406;997200.0
14,31.0;25.0;23.0;24.0;24.0;24.0;23.0;24.0;24.0;23.0;22.0;24.0;23.0;24.0;24.0,416.66666666666674;558.3333333333333;969.5652173913043;1493.3333333333333;2130.6306306306305;2484.0;3362.4999999999995;4374.193548387097;4800.0;4735.2941176470595;6055.238095238095;6726.666666666669;8354.098360655738;10198.924731182797
14,31.0;26.0;23.0;24.0;24.0;24.0;23.0;24.0;24.0;24.0;24.0;24.0;23.0;23.0;24.0,520.0;566.6666666666666;933.3333333333333;1400.0;1966.6666666666665;2292.5925925925926;3075.409836065574;3972.5490196078426;4984.0;6109.756097560976;7349.812734082396;7644.444444444443;8076.377952755905;9623.232323232322
14,31.0;26.0;25.0;24.0;24.0;24.0;23.0;24.0;24.0;24.0;24.0;24.0;24.0;24.0;24.0,520.0;811.1111111111111;1054.5454545454547;1425.0;1888.8888888888891;2141.379310344828;2800.0;3547.3684210526317;4383.529411764705;5308.510638297872;6322.330097087378;7425.0;8616.528925619834;9896.923076923078
12,27.0;26.0;25.0;25.0;24.0;24.0;24.0;23.0;24.0;22.0;24.0;24.0;24.0,2600.0;2500.0;3528.5714285714284;3428.571428571428;3944.4444444444443;4700.0;4600.0;5766.666666666667;5141.666666666666;6552.631578947369;8149.166666666666;9933.333333333332
9,28.0;23.0;24.0;24.0;24.0;23.0;22.0;24.0;24.0;24.0,460.0;1150.0;2100.0;3314.285714285714;3621.212121212121;3433.333333333333;5250.0;7600.0;10549.999999999998
7,27.0;24.0;22.0;23.0;24.0;24.0;24.0;24.0,800.0;873.3333333333333;1564.2857142857144;3228.5714285714284;5750.0;9300.0;14049.999999999998
5,25.0;24.0;24.0;23.0;24.0;24.0,2400.0;4766.666666666666;3850.0;7800.0;13750.0
