numPlayed,heuristicList,remainingTime
4,12.0;9.0;6.0;5.0;2.147483647E9,30.0;20.0;18.333333333333336;999960.0
1,13.0;12.0,120.0
1,13.0;12.0,120.0
1,12.0;9.0,30.0
1,12.0;9.0,30.0
1,13.0;12.0,120.0
1,14.0;13.0,130.0
1,13.0;12.0,120.0
