numPlayed,heuristicList,remainingTime
93,9.0;8.0;8.0;7.0;7.0;7.0;7.0;8.0;8.0;7.0;7.0;8.0;8.0;8.0;8.0;8.0;8.0;8.0;8.0;8.0;8.0;8.0;8.0;8.0;8.0;8.0;8.0;8.0;8.0;8.0;8.0;8.0;8.0;9.0;9.0;9.0;9.0;9.0;9.0;9.0;9.0;9.0;9.0;9.0;9.0;8.0;8.0;8.0;8.0;8.0;8.0;8.0;7.0;6.0;7.0;7.0;6.0;6.0;6.0;7.0;7.0;6.0;7.0;7.0;7.0;7.0;7.0;7.0;7.0;7.0;7.0;7.0;7.0;7.0;7.0;7.0;7.0;7.0;7.0;6.0;7.0;7.0;7.0;7.0;7.0;7.0;7.0;8.0;8.0;8.0;8.0;8.0;7.0;2.147483647E9,80.0;156.66666666666666;118.33333333333334;136.0;166.66666666666669;205.55555555555554;392.0;726.6666666666665;651.6666666666665;641.6666666666666;1086.4912280701753;1920.0000000000007;3798.888888888889;10663.333333333334;999850.0;999840.0;999830.0;999820.0;999810.0;999800.0;999790.0;999780.0;999770.0;999760.0;999750.0;999740.0;999730.0;999720.0;999710.0;999700.0;999690.0;999680.0;999670.0;999660.0;999650.0;999640.0;999630.0;999620.0;999610.0;999600.0;999590.0;999580.0;999570.0;999560.0;999550.0;999540.0;999530.0;999520.0;999510.0;999500.0;999490.0;999480.0;999470.0;999460.0;999450.0;999440.0;117420.00000000048;19668.823529411766;14622.321116928439;11847.967479674799;8329.364640883981;7559.230769230767;6974.68085106383;6518.473282442747;6154.757785467127;5859.936708860759;5617.84256559767;5417.027027027027;5249.156171284635;5108.0188679245275;4988.891352549889;4888.1171548117145;4802.821782178217;4730.714285714285;4669.94633273703;4619.010238907849;4576.663947797717;4541.874999999999;4231.783439490444;4223.919963619828;4220.105332455564;4219.974554707379;4223.210256410258;4229.535160905841;4238.705950317735;4250.50822122571;4505.77142857143;4775.384615384618;5060.265556876734;5361.407766990291;5679.88847583643;5651.874003189792;999070.0
15,9.0;8.0;8.0;7.0;7.0;7.0;7.0;8.0;8.0;7.0;7.0;8.0;8.0;8.0;8.0;8.0,80.0;156.66666666666666;118.33333333333334;136.0;166.66666666666669;205.55555555555554;392.0;726.6666666666665;651.6666666666665;641.6666666666666;1086.4912280701753;1920.0000000000007;3798.888888888889;10663.333333333334;999850.0
8,8.0;7.0;7.0;7.0;7.0;7.0;7.0;7.0;8.0,70.0;136.66666666666666;226.66666666666669;340.0;476.66666666666663;636.6666666666669;820.0;999920.0
5,8.0;7.0;7.0;7.0;7.0;8.0,70.0;136.66666666666666;226.66666666666669;340.0;999950.0
1,7.0;7.0,999990.0
1,8.0;8.0,999990.0
1,8.0;8.0,999990.0
1,8.0;8.0,999990.0
1,8.0;8.0,999990.0
1,8.0;8.0,999990.0
1,8.0;8.0,999990.0
