numPlayed,heuristicList,remainingTime
48,35.0;33.0;31.0;29.0;29.0;27.0;26.0;25.0;25.0;25.0;25.0;25.0;22.0;21.0;21.0;21.0;21.0;20.0;20.0;20.0;20.0;19.0;18.0;18.0;18.0;18.0;18.0;18.0;17.0;17.0;16.0;16.0;15.0;16.0;15.0;16.0;16.0;13.0;13.0;13.0;11.0;10.0;10.0;9.0;9.0;7.0;5.0;0.0;1.0,165.0;155.0;145.0;176.25;173.76543209876544;174.8780487804878;175.89743589743588;188.07017543859655;206.47058823529414;229.2792792792793;255.6679636835279;244.7560975609756;233.17961165048547;230.32258064516128;232.75862068965517;238.79518072289153;239.40740740740745;243.25635103926095;249.53464322647363;257.7403245942572;260.2941176470589;258.09595202398805;258.4776725304466;260.86313193588165;264.86409966024917;270.2094240837696;276.7039922103213;278.23899371069183;281.13149847094803;279.53846153846143;279.4646680942185;275.4150197628459;278.04139635464935;276.54377880184325;281.11837327523597;286.3636363636364;277.83169973703093;271.1185284082479;265.8980228928199;253.73364126250965;239.82231698649605;228.11221122112204;214.83550114766638;203.47123157394196;187.7623762376238;168.75607385811463;140.2513517463101;118.34670947030509
10,35.0;33.0;31.0;29.0;28.0;27.0;27.0;27.0;27.0;26.0;26.0,165.0;155.0;145.0;153.33333333333331;162.28070175438594;185.3846153846154;216.36363636363637;253.33333333333326;274.0;301.11111111111114
1,35.0;35.0,999990.0
1,35.0;34.0,340.0
1,35.0;34.0,340.0
1,35.0;34.0,340.0
1,35.0;35.0,999990.0
1,35.0;34.0,340.0
1,35.0;35.0,999990.0
1,35.0;35.0,999990.0
1,35.0;35.0,999990.0
