numPlayed,heuristicList,remainingTime
31,35.0;33.0;30.0;29.0;27.0;25.0;25.0;25.0;25.0;25.0;24.0;23.0;23.0;23.0;22.0;22.0;22.0;22.0;22.0;22.0;22.0;23.0;22.0;23.0;22.0;22.0;21.0;21.0;20.0;19.0;16.0;2.147483647E9,165.0;120.66666666666666;136.1904761904762;133.99999999999997;126.32850241545893;136.53061224489795;154.33070866141733;177.0940170940171;203.8378378378378;220.53571428571433;228.5644768856448;241.6049382716049;258.2620320855615;265.8295281582953;277.19123505976097;291.44876325088353;308.0687830687831;326.71469740634006;347.1635883905012;369.2619626926196;405.9190751445086;430.30107526881727;470.64814814814815;497.1868978805395;525.1358695652174;538.5507246376811;553.975155279503;556.0227272727273;546.9085848854635;504.78841870824067;999690.0
16,35.0;34.0;31.0;30.0;30.0;30.0;29.0;29.0;29.0;28.0;28.0;28.0;27.0;27.0;27.0;26.0;27.0,340.0;156.66666666666666;165.55555555555557;208.57142857142853;266.6666666666667;294.44444444444446;337.0;389.45736434108534;408.3783783783784;439.7058823529412;479.39958592132496;488.6868686868686;508.936170212766;536.6666666666666;538.8888888888888;580.0
8,34.0;33.0;31.0;30.0;30.0;30.0;30.0;30.0;30.0,330.0;207.77777777777777;213.57142857142856;267.2727272727273;340.55555555555554;428.9473684210527;531.0869565217391;646.4197530864199
1,35.0;35.0,999990.0
1,35.0;35.0,999990.0
1,35.0;35.0,999990.0
1,35.0;35.0,999990.0
1,35.0;35.0,999990.0
