numPlayed,heuristicList,remainingTime
5,8.0;5.0;5.0;5.0;5.0;2.147483647E9,166.66666666666669;300.0;488.8888888888889;733.3333333333333;999500.0
2,6.0;5.0;5.0,500.0;966.6666666666665
2,6.0;5.0;5.0,500.0;966.6666666666665
2,6.0;5.0;5.0,500.0;966.6666666666665
2,6.0;5.0;5.0,500.0;966.6666666666665
2,6.0;5.0;5.0,500.0;966.6666666666665
2,6.0;5.0;5.0,500.0;966.6666666666665
1,5.0;5.0,999900.0
