numPlayed,heuristicList,remainingTime
4,8.0;5.0;5.0;5.0;5.0,166.66666666666669;300.0;488.8888888888889;733.3333333333333
3,6.0;5.0;2.0;1.0,500.0;116.66666666666663;44.44444444444446
2,6.0;5.0;5.0,500.0;966.6666666666665
2,6.0;5.0;5.0,500.0;966.6666666666665
1,5.0;5.0,999900.0
1,5.0;5.0,999900.0
1,6.0;5.0,500.0
1,5.0;5.0,999900.0
1,5.0;5.0,999900.0
1,6.0;5.0,500.0
1,6.0;5.0,500.0
