numPlayed,heuristicList,remainingTime
14,20.0;19.0;17.0;18.0;17.0;15.0;17.0;14.0;14.0;13.0;11.0;9.0;7.0;4.0;2.0,190.0;114.44444444444446;216.25;239.99999999999994;181.11111111111111;259.41176470588243;208.81355932203388;199.68253968253975;184.32203389830505;153.48837209302323;121.82795698924733;93.67816091954023;65.13347022587268;42.45667686034659
7,24.0;23.0;21.0;21.0;19.0;20.0;19.0;20.0,230.0;141.11111111111111;187.27272727272725;160.0;208.33333333333331;225.6521739130435;295.8490566037736
6,24.0;22.0;20.0;21.0;20.0;19.0;20.0,110.0;100.0;182.72727272727272;217.77777777777777;220.0;294.44444444444446
2,22.0;20.0;21.0,100.0;410.0
2,20.0;19.0;20.0,190.0;999980.0
1,21.0;21.0,999990.0
1,24.0;24.0,999990.0
1,25.0;25.0,999990.0
1,19.0;20.0,999990.0
1,27.0;26.0,260.0
1,24.0;24.0,999990.0
