numPlayed,heuristicList,remainingTime
23,25.0;24.0;24.0;24.0;24.0;24.0;24.0;24.0;22.0;22.0;22.0;22.0;21.0;21.0;21.0;21.0;19.0;16.0;17.0;15.0;15.0;15.0;14.0;2.147483647E9,240.0;476.66666666666663;793.3333333333334;1189.9999999999998;1666.6666666666667;2223.3333333333335;2860.0;1154.4444444444446;908.780487804878;843.1034482758621;837.9555555555556;753.0769230769231;724.2857142857143;722.7572016460905;737.17277486911;651.4285714285716;506.5750915750915;456.28820960698704;391.9152542372882;354.016620498615;330.4918032786885;305.55555555555554;999770.0
1,24.0;24.0,999990.0
1,24.0;24.0,999990.0
1,19.0;20.0,999990.0
1,24.0;24.0,999990.0
1,24.0;24.0,999990.0
1,24.0;24.0,999990.0
1,24.0;24.0,999990.0
