numPlayed,heuristicList,remainingTime
19,24.0;23.0;22.0;22.0;22.0;21.0;21.0;21.0;21.0;20.0;17.0;16.0;16.0;15.0;15.0;14.0;14.0;12.0;10.0;2.147483647E9,230.0;220.0;310.0;432.0;409.25925925925924;446.9230769230769;508.52941176470586;585.3968253968254;561.864406779661;391.5094339622642;308.31300813008124;275.4954954954955;246.6894197952219;233.5897435897436;217.77777777777771;210.14925373134326;190.73170731707313;165.6650246305419;999810.0
4,21.0;20.0;19.0;20.0;20.0,200.0;190.0;485.0;979.9999999999999
1,21.0;21.0,999990.0
1,20.0;20.0,999990.0
1,24.0;24.0,999990.0
1,25.0;25.0,999990.0
1,20.0;20.0,999990.0
1,20.0;21.0,999990.0
1,24.0;24.0,999990.0
1,24.0;24.0,999990.0
1,26.0;26.0,999990.0
