numPlayed,heuristicList,remainingTime
20,17.0;13.0;14.0;14.0;15.0;14.0;14.0;13.0;12.0;11.0;11.0;11.0;12.0;10.0;10.0;10.0;11.0;10.0;10.0;9.0;2.147483647E9,325.0;877.7777777777776;1662.4999999999998;4666.666666666666;5388.888888888889;6433.333333333333;5090.909090909091;3800.0;2923.8805970149256;2648.9361702127662;2581.818181818182;2920.588235294118;2673.446327683616;2570.948012232416;2548.262548262548;2783.0985915492956;2815.950920245399;2882.608695652174;2785.780885780886;998000.0
16,17.0;15.0;13.0;14.0;15.0;15.0;13.0;13.0;13.0;13.0;13.0;13.0;13.0;13.0;12.0;13.0;13.0,750.0;650.0;1190.9090909090908;2760.0;5518.518518518519;3780.0;3545.1612903225805;3663.4920634920636;3939.6226415094334;4312.500000000001;4756.888888888888;5260.46511627907;5816.494845360826;5573.224043715847;6268.939393939394;7008.450704225352
7,15.0;12.0;13.0;13.0;12.0;12.0;13.0;13.0,400.0;1233.3333333333333;2500.0;2400.0;2744.4444444444443;4842.857142857143;7969.230769230768
7,15.0;12.0;13.0;13.0;12.0;13.0;12.0;13.0,400.0;1233.3333333333333;2500.0;2400.0;4300.0;4200.0;6860.0
5,14.0;13.0;13.0;12.0;13.0;13.0,1300.0;2566.6666666666665;2016.6666666666665;4133.333333333333;7333.333333333334
4,16.0;13.0;14.0;14.0;15.0,433.33333333333337;1333.3333333333333;2700.0;14199.999999999996
3,15.0;13.0;14.0;14.0,650.0;2700.0;6850.0
1,13.0;14.0,999900.0
