numPlayed,heuristicList,remainingTime
9,7.0;7.0;7.0;6.0;6.0;6.0;5.0;4.0;2.0;1.0,999900.0;999800.0;2100.0;1999.9999999999995;2277.777777777778;1655.5555555555557;1132.3529411764705;610.1010101010099;336.448598130841
1,7.0;7.0,999900.0
1,7.0;7.0,999900.0
1,7.0;7.0,999900.0
1,7.0;7.0,999900.0
1,7.0;7.0,999900.0
1,7.0;7.0,999900.0
1,7.0;7.0,999900.0
1,7.0;7.0,999900.0
1,7.0;7.0,999900.0
1,7.0;7.0,999900.0
