numPlayed,heuristicList,remainingTime
6,41.0;38.0;38.0;38.0;38.0;38.0;2.147483647E9,1266.6666666666667;2500.0;4155.555555555556;6233.333333333334;8733.333333333332;999400.0
6,41.0;38.0;38.0;38.0;38.0;38.0;38.0,1266.6666666666667;2500.0;4155.555555555556;6233.333333333334;8733.333333333332;11655.555555555553
3,39.0;38.0;38.0;38.0,3800.0;7566.666666666667;12600.0
3,39.0;38.0;38.0;38.0,3800.0;7566.666666666667;12600.0
1,38.0;38.0,999900.0
1,38.0;38.0,999900.0
1,38.0;38.0,999900.0
1,38.0;38.0,999900.0
