numPlayed,heuristicList,remainingTime
7,39.0;36.0;32.0;30.0;29.0;27.0;27.0;27.0,1200.0;919.0476190476188;954.8387096774193;1076.9230769230771;1106.425702811245;1243.8596491228066;1438.620689655172
5,39.0;34.0;34.0;31.0;29.0;29.0,680.0;1326.6666666666665;1287.5;1252.1739130434783;1431.3725490196077
3,39.0;36.0;34.0;2.147483647E9,1200.0;1353.3333333333333;999700.0
2,41.0;38.0;38.0,1266.6666666666667;2500.0
1,38.0;38.0,999900.0
1,38.0;38.0,999900.0
1,38.0;38.0,999900.0
1,39.0;38.0,3800.0
1,38.0;38.0,999900.0
1,38.0;38.0,999900.0
1,39.0;38.0,3800.0
