numPlayed,heuristicList,remainingTime
1,6.0;4.0,200.0
1,8.0;5.0,166.66666666666669
1,6.0;4.0,200.0
1,6.0;3.0,100.0
1,6.0;4.0,200.0
1,9.0;4.0,80.0
1,6.0;5.0,500.0
1,9.0;5.0,125.0
1,7.0;2.147483647E9,999900.0
0,6.0,
0,9.0,
