numPlayed,heuristicList,remainingTime
10,5.0;5.0;4.0;4.0;4.0;4.0;4.0;4.0;4.0;4.0;2.147483647E9,999900.0;833.3333333333333;974.9999999999998;1266.6666666666667;1645.833333333333;2100.0;2625.0;3219.047619047619;3881.25;999000.0
1,4.0;4.0,999900.0
1,4.0;4.0,999900.0
1,2.0;2.0,999900.0
1,4.0;4.0,999900.0
1,3.0;3.0,999900.0
1,3.0;3.0,999900.0
1,3.0;3.0,999900.0
