numPlayed,heuristicList,remainingTime
4,4.0;3.0;3.0;3.0;3.0,300.0;566.6666666666666;933.3333333333333;1400.0
3,6.0;5.0;5.0;2.147483647E9,500.0;966.6666666666665;999700.0
3,5.0;4.0;4.0;4.0,400.0;766.6666666666666;1266.6666666666667
1,3.0;3.0,999900.0
1,5.0;5.0,999900.0
1,4.0;4.0,999900.0
1,3.0;3.0,999900.0
1,3.0;3.0,999900.0
1,2.0;2.0,999900.0
1,4.0;4.0,999900.0
1,3.0;3.0,999900.0
