numPlayed,heuristicList,remainingTime
7,7.0;6.0;5.0;5.0;5.0;4.0;4.0;2.147483647E9,600.0;500.0;671.4285714285713;920.0;787.037037037037;807.6923076923078;999300.0
1,3.0;3.0,999900.0
1,2.0;2.0,999900.0
1,2.0;2.0,999900.0
1,4.0;4.0,999900.0
1,4.0;4.0,999900.0
1,4.0;4.0,999900.0
1,3.0;3.0,999900.0
1,4.0;4.0,999900.0
1,2.0;2.0,999900.0
1,4.0;4.0,999900.0
