numPlayed,heuristicList,remainingTime
6,3.0;2.0;2.0;2.0;2.0;1.0;1.0,200.0;366.66666666666663;600.0;900.0;450.0;350.0
4,7.0;6.0;5.0;5.0;5.0,600.0;500.0;671.4285714285713;920.0
1,2.0;2.0,999900.0
1,2.0;2.0,999900.0
1,4.0;4.0,999900.0
1,2.0;2.0,999900.0
1,3.0;3.0,999900.0
1,3.0;3.0,999900.0
1,4.0;4.0,999900.0
1,3.0;3.0,999900.0
1,3.0;3.0,999900.0
