numPlayed,heuristicList,remainingTime
8,26.0;21.0;20.0;20.0;20.0;20.0;20.0;20.0;20.0,42.0;64.44444444444444;99.47368421052633;144.6153846153846;199.4949494949495;264.0;338.08510638297867;421.7283950617285
7,25.0;20.0;19.0;20.0;19.0;20.0;20.0;2.147483647E9,40.0;61.111111111111114;116.25;151.66666666666669;240.74074074074076;351.33333333333326;999930.0
7,25.0;20.0;19.0;19.0;19.0;19.0;20.0;20.0,40.0;61.111111111111114;94.21052631578948;136.9230769230769;188.88888888888889;301.764705882353;448.0
7,23.0;19.0;18.0;18.0;18.0;18.0;18.0;18.0,47.5;70.0;106.875;154.5454545454545;212.5;280.5882352941177;358.75000000000006
6,26.0;21.0;20.0;21.0;20.0;21.0;21.0,42.0;64.44444444444444;122.5;160.0;253.7037037037037;369.9999999999999
6,23.0;19.0;18.0;19.0;18.0;19.0;19.0,47.5;70.0;136.9230769230769;173.99999999999997;282.57575757575756;419.99999999999994
6,23.0;19.0;18.0;19.0;18.0;19.0;19.0,47.5;70.0;136.9230769230769;173.99999999999997;282.57575757575756;419.99999999999994
5,22.0;20.0;20.0;20.0;19.0;19.0,100.0;196.66666666666666;326.66666666666663;316.66666666666663;363.88888888888886
