numPlayed,heuristicList,remainingTime
3,5.0;2.0;1.0;2.147483647E9,66.66666666666669;33.333333333333286;999700.0
1,4.0;3.0,300.0
1,4.0;3.0,300.0
1,4.0;2.0,100.0
1,4.0;2.0,100.0
1,3.0;2.0,200.0
1,4.0;3.0,300.0
1,3.0;2.0,200.0
1,4.0;3.0,300.0
1,4.0;2.0,100.0
1,4.0;2.0,100.0
