numPlayed,heuristicList,remainingTime
5,4.0;2.0;1.0;1.0;1.0;1.0,100.0;55.55555555555557;50.0;57.14285714285717;74.07407407407413
1,4.0;3.0,300.0
1,4.0;2.0,100.0
1,4.0;2.0,100.0
1,4.0;2.0,100.0
1,4.0;2.0,100.0
1,5.0;3.0,150.0
1,4.0;2.0,100.0
