numPlayed,heuristicList,remainingTime
32,27.0;25.0;24.0;23.0;22.0;22.0;22.0;19.0;18.0;16.0;16.0;16.0;16.0;16.0;16.0;16.0;14.0;11.0;11.0;11.0;9.0;8.0;8.0;8.0;7.0;7.0;7.0;7.0;7.0;7.0;6.0;4.0;2.0,125.0;158.88888888888889;175.38461538461536;181.66666666666666;213.33333333333331;256.9565217391305;212.69230769230768;188.2485875706214;159.375;150.0;149.05251141552515;152.79999999999995;159.63235294117646;168.74105865522176;179.67557251908397;176.41693811074924;156.71523178807945;144.375;136.49951783992287;122.76956759715381;109.2887323943662;99.42046855733668;92.00840643274853;83.43414634146347;76.66959578207377;71.25233146815873;66.87316715542522;63.317535545023645;60.431865828092214;55.820721769499414;47.565263718700066;36.41521598968404
1,27.0;27.0,999990.0
1,27.0;27.0,999990.0
1,27.0;26.0,260.0
1,26.0;26.0,999990.0
1,26.0;26.0,999990.0
1,28.0;27.0,270.0
1,26.0;26.0,999990.0
