numPlayed,heuristicList,remainingTime
22,26.0;24.0;21.0;20.0;18.0;18.0;18.0;18.0;18.0;16.0;13.0;13.0;12.0;11.0;10.0;8.0;9.0;9.0;8.0;7.0;7.0;6.0;2.147483647E9,120.0;84.66666666666667;93.33333333333333;89.0;100.56497175141246;118.71794871794873;141.44329896907217;168.04597701149427;167.45098039215685;140.90909090909088;130.18583042973287;119.78142076502732;109.56331877729258;99.45626477541373;85.28571428571428;79.80487804878047;76.49999999999997;71.4100185528757;64.9230769230769;60.15325670498083;53.949044585987224;999780.0
7,28.0;25.0;23.0;22.0;20.0;20.0;20.0;20.0,83.33333333333334;91.33333333333333;107.5;104.21052631578948;118.75;140.81081081081084;168.15217391304347
4,27.0;24.0;23.0;22.0;22.0,80.0;113.33333333333334;135.0;176.66666666666669
4,26.0;24.0;23.0;22.0;22.0,120.0;152.22222222222223;167.69230769230768;213.99999999999997
1,27.0;26.0,260.0
1,26.0;25.0,250.0
1,26.0;26.0,999990.0
1,27.0;26.0,260.0
1,26.0;25.0,250.0
1,27.0;26.0,260.0
1,27.0;26.0,260.0
