numPlayed,heuristicList,remainingTime
53,9.0;8.0;7.0;6.0;6.0;6.0;6.0;6.0;6.0;6.0;6.0;6.0;6.0;6.0;6.0;6.0;6.0;5.0;4.0;4.0;4.0;4.0;4.0;4.0;4.0;4.0;4.0;4.0;4.0;4.0;4.0;4.0;4.0;4.0;4.0;4.0;4.0;4.0;4.0;4.0;4.0;4.0;4.0;4.0;4.0;4.0;4.0;4.0;4.0;4.0;4.0;4.0;4.0;2.147483647E9,800.0;700.0;600.0;700.0;863.6363636363635;1071.428571428571;1317.6470588235295;1600.0;1917.3913043478256;2269.230769230769;2655.172413793103;3074.999999999999;3528.5714285714284;4015.789473684211;4536.585365853659;5090.909090909092;4630.33033033033;3718.421052631579;3219.170984455959;2917.3789173789173;2726.181818181817;2603.7974683544307;2527.637721755368;2484.422110552764;2465.8314350797264;2466.3888888888887;2482.341650671785;2511.032028469751;2550.52515201769;2599.378881987577;2656.4963503649633;2721.0284664830115;2792.3076923076924;2869.80198019802;2953.08205732234;3041.7977528089887;3135.660580021482;3234.4307270233194;3337.9072063178683;3445.920303605313;3558.325722983257;3675.000000000001;3795.8368734069663;3920.7443897099074;4049.64257347101;4182.461538461539;4319.139945314442;4459.623733719247;4603.865073787772;4751.821493624771;4903.455149501662;5058.732212160412;994700.0
6,7.0;6.0;6.0;6.0;6.0;6.0;6.0,600.0;1166.6666666666665;1933.3333333333335;2900.0;4066.666666666667;5433.333333333333
1,6.0;6.0,999900.0
1,4.0;4.0,999900.0
1,6.0;6.0,999900.0
1,4.0;4.0,999900.0
1,4.0;4.0,999900.0
1,4.0;4.0,999900.0
1,6.0;6.0,999900.0
1,6.0;6.0,999900.0
1,4.0;4.0,999900.0
