numPlayed,heuristicList,remainingTime
40,9.0;8.0;7.0;6.0;6.0;6.0;6.0;6.0;6.0;6.0;6.0;6.0;6.0;6.0;6.0;6.0;6.0;6.0;6.0;5.0;4.0;4.0;4.0;4.0;4.0;4.0;4.0;4.0;4.0;4.0;4.0;4.0;4.0;4.0;4.0;4.0;4.0;4.0;4.0;4.0;2.147483647E9,800.0;700.0;600.0;700.0;863.6363636363635;1071.428571428571;1317.6470588235295;1600.0;1917.3913043478256;2269.230769230769;2655.172413793103;3074.999999999999;3528.5714285714284;4015.789473684211;4536.585365853659;5090.909090909092;5678.723404255319;6300.000000000001;5700.0;4564.7058823529405;3929.7674418604656;3536.923076923077;3280.327868852459;3108.5714285714294;2993.670886075948;2919.090909090909;2874.432989690721;2852.830188679245;2849.565217391305;2861.290322580645;2885.563909774436;2920.5633802816883;2964.9006622516554;3017.500000000001;3077.5147928994083;3144.269662921348;3217.2192513368973;3295.918367346939;3380.0;996000.0
16,6.0;5.0;4.0;4.0;4.0;4.0;4.0;4.0;4.0;4.0;4.0;4.0;4.0;4.0;4.0;4.0;4.0,500.0;400.0;528.5714285714286;720.0;961.5384615384617;1250.0;1584.2105263157896;1963.6363636363635;2387.999999999999;2857.142857142857;3370.967741935484;3929.411764705882;4532.4324324324325;5180.000000000001;5872.093023255814;6608.695652173914
1,4.0;4.0,999900.0
1,4.0;4.0,999900.0
1,6.0;6.0,999900.0
1,4.0;4.0,999900.0
1,6.0;6.0,999900.0
1,4.0;4.0,999900.0
1,6.0;6.0,999900.0
1,4.0;4.0,999900.0
1,4.0;4.0,999900.0
