numPlayed,heuristicList,remainingTime
58,6.0;6.0;6.0;6.0;6.0;6.0;6.0;4.0;4.0;4.0;4.0;4.0;4.0;4.0;4.0;4.0;4.0;4.0;4.0;4.0;4.0;4.0;4.0;4.0;4.0;4.0;4.0;4.0;4.0;4.0;4.0;4.0;4.0;4.0;4.0;4.0;4.0;4.0;4.0;4.0;4.0;4.0;4.0;4.0;4.0;4.0;4.0;4.0;4.0;4.0;4.0;4.0;4.0;4.0;4.0;4.0;4.0;2.0;2.147483647E9,999900.0;999800.0;999700.0;999600.0;999500.0;999400.0;3099.9999999999995;1980.9523809523807;1671.4285714285716;1571.428571428571;1560.9523809523807;1600.0000000000005;1671.4285714285716;1766.666666666667;1880.9523809523807;2011.428571428571;2156.2770562770565;2314.2857142857147;2484.6153846153848;2666.666666666666;2860.0;3064.2857142857147;3279.2717086834737;3504.7619047619037;3740.601503759398;3986.666666666667;4242.857142857143;4509.090909090911;4785.3002070393395;5071.42857142857;5367.428571428571;5673.260073260073;5988.888888888889;6314.285714285716;6649.42528735632;6994.285714285716;7348.847926267283;7713.095238095237;8087.012987012986;8470.588235294119;8863.809523809523;9266.666666666666;9679.15057915058;10101.25313283208;10532.967032967032;10974.285714285716;11425.203252032523;11885.714285714283;12355.813953488374;12835.497835497834;13324.761904761905;13823.602484472056;14332.016210739614;14850.0;15377.551020408162;15914.666666666668;13667.14975845411;994200.0
1,4.0;4.0,999900.0
1,6.0;6.0,999900.0
1,6.0;6.0,999900.0
1,4.0;4.0,999900.0
1,4.0;4.0,999900.0
1,6.0;6.0,999900.0
1,4.0;4.0,999900.0
