numPlayed,heuristicList,remainingTime
49,8.0;7.0;6.0;6.0;6.0;6.0;6.0;6.0;6.0;6.0;6.0;6.0;6.0;5.0;4.0;4.0;4.0;4.0;4.0;4.0;4.0;4.0;4.0;4.0;4.0;4.0;4.0;4.0;4.0;4.0;4.0;4.0;4.0;4.0;4.0;4.0;4.0;4.0;4.0;4.0;4.0;4.0;4.0;4.0;4.0;4.0;4.0;3.0;2.0;1.0,700.0;600.0;814.2857142857142;1120.0;1500.0;1950.0;2468.421052631579;3054.5454545454545;3707.999999999999;4428.571428571428;5216.129032258064;6070.588235294117;4940.000000000001;3500.0;2881.818181818182;2560.0;2380.0;2279.9999999999995;2230.434782608696;2215.3846153846152;2225.51724137931;2255.0;2300.0;2357.894736842105;2426.829268292684;2505.454545454545;2592.765957446807;2688.000000000002;2790.566037735849;2900.0;3015.9322033898297;3138.064516129032;3266.1538461538466;3400.0;3539.436619718309;3684.3243243243232;3834.545454545455;3990.0;4150.6024096385545;4316.279069767441;4486.966292134832;4662.608695652174;4843.157894736843;5028.571428571429;5218.811881188121;5413.846153846156;5244.195762458969;4781.9645732689205;4138.700564971752
9,5.0;4.0;4.0;4.0;4.0;4.0;4.0;4.0;4.0;4.0,400.0;766.6666666666666;1266.6666666666667;1900.0;2666.6666666666665;3566.666666666667;4600.0;5766.666666666666;7066.666666666665
1,4.0;4.0,999900.0
1,4.0;4.0,999900.0
1,4.0;4.0,999900.0
1,6.0;6.0,999900.0
1,6.0;6.0,999900.0
1,6.0;6.0,999900.0
1,6.0;6.0,999900.0
1,4.0;4.0,999900.0
1,6.0;6.0,999900.0
