numPlayed,heuristicList,remainingTime
23,16.0;13.0;12.0;11.0;10.0;10.0;10.0;10.0;8.0;8.0;8.0;8.0;6.0;5.0;4.0;4.0;4.0;4.0;4.0;4.0;4.0;4.0;4.0;2.147483647E9,433.33333333333337;583.3333333333333;662.5;685.7142857142858;800.0;961.5384615384612;1159.375;1049.2753623188405;1035.0000000000005;1067.5675675675675;1129.166666666667;996.4912280701756;847.4402730375427;694.9820788530469;597.560975609756;531.3207547169809;484.783798576902;451.74418604651146;428.55280312907416;412.9235618597322;403.3513513513517;398.8047808764941;997700.0
10,18.0;16.0;13.0;12.0;11.0;10.0;10.0;10.0;10.0;10.0;10.0,800.0;526.6666666666665;552.3809523809523;577.7777777777779;583.3333333333335;647.3684210526317;743.75;864.3678160919542;1005.8823529411766;1166.6666666666665
1,3.0;3.0,999900.0
1,10.0;10.0,999900.0
1,3.0;3.0,999900.0
1,9.0;9.0,999900.0
1,3.0;3.0,999900.0
1,10.0;10.0,999900.0
