numPlayed,heuristicList,remainingTime
25,13.0;12.0;11.0;10.0;10.0;10.0;8.0;7.0;6.0;6.0;6.0;6.0;6.0;6.0;6.0;6.0;6.0;6.0;6.0;6.0;5.0;4.0;3.0;2.0;1.0;1.0,1200.0;1100.0;1000.0;1199.9999999999998;1499.9999999999998;1180.0;958.4615384615386;783.6734693877552;721.3740458015268;707.3170731707316;720.3045685279187;751.3043478260868;795.8174904942966;851.3513513513508;916.4133738601827;990.0552486187844;1071.645569620253;1160.7476635514017;1257.0498915401304;1254.2153047989623;1167.8571428571431;1022.8070175438597;843.0469074304683;646.9344608879492;495.86776859504107
4,12.0;11.0;10.0;10.0;10.0,1100.0;1000.0;1385.7142857142858;1920.0
2,10.0;9.0;9.0,900.0;1766.6666666666667
1,3.0;3.0,999900.0
1,10.0;10.0,999900.0
1,3.0;3.0,999900.0
1,10.0;10.0,999900.0
1,9.0;9.0,999900.0
1,3.0;3.0,999900.0
1,10.0;10.0,999900.0
1,3.0;3.0,999900.0
