numPlayed,heuristicList,remainingTime
30,9.0;8.0;7.0;6.0;5.0;4.0;3.0;3.0;3.0;3.0;3.0;3.0;3.0;3.0;3.0;3.0;3.0;3.0;3.0;3.0;3.0;3.0;3.0;3.0;3.0;3.0;3.0;3.0;3.0;3.0;2.147483647E9,800.0;700.0;600.0;500.0;400.0;300.0;263.63636363636374;253.0612244897959;257.1428571428571;271.42857142857133;293.7888198757764;323.07692307692287;358.62068965517255;400.0000000000002;446.9387755102041;499.24812030075236;556.7944250871078;619.4805194805199;687.2340425531916;760.0;837.7358490566044;920.408163265306;1007.9903147699756;1100.4608294930877;1197.802197802198;1300.0;1407.0422535211264;1518.9189189189183;1635.6215213358073;997000.0
2,11.0;10.0;10.0,1000.0;1966.6666666666665
1,3.0;3.0,999900.0
1,3.0;3.0,999900.0
1,9.0;9.0,999900.0
1,3.0;3.0,999900.0
1,9.0;9.0,999900.0
1,10.0;10.0,999900.0
1,3.0;3.0,999900.0
1,3.0;3.0,999900.0
1,10.0;10.0,999900.0
