numPlayed,heuristicList,remainingTime
21,19.0;18.0;15.0;16.0;15.0;13.0;13.0;13.0;13.0;13.0;13.0;13.0;13.0;13.0;13.0;13.0;13.0;13.0;13.0;12.0;12.0;12.0,1800.0;766.6666666666666;1266.6666666666667;1460.0;1223.6842105263158;1257.1428571428569;1381.0810810810813;1556.521739130435;1770.0;2015.6250000000005;2290.4109589041095;2592.6829268292686;2921.4285714285716;3276.0;3655.963302752294;4061.016949152541;4490.944881889764;4945.588235294117;5011.326860841425;5125.2408477842;5276.50130548303
11,23.0;16.0;16.0;16.0;16.0;16.0;16.0;15.0;16.0;16.0;17.0;2.147483647E9,228.57142857142856;423.80952380952374;695.2380952380951;1042.857142857143;1466.6666666666667;1966.666666666667;2162.4999999999995;2825.8064516129034;3577.941176470589;5218.75;998900.0
10,23.0;16.0;16.0;16.0;16.0;16.0;16.0;16.0;16.0;17.0;17.0,228.57142857142856;423.80952380952374;695.2380952380951;1042.857142857143;1466.6666666666667;1966.666666666667;2542.857142857143;3195.238095238095;4683.333333333335;6615.384615384615
8,20.0;16.0;16.0;16.0;16.0;16.0;16.0;16.0;16.0,400.0;766.6666666666666;1266.6666666666667;1900.0;2666.6666666666665;3566.666666666667;4600.0;5766.666666666666
1,16.0;16.0,999900.0
1,16.0;16.0,999900.0
1,16.0;16.0,999900.0
1,16.0;16.0,999900.0
1,16.0;16.0,999900.0
1,16.0;16.0,999900.0
1,16.0;16.0,999900.0
