numPlayed,heuristicList,remainingTime
43,20.0;15.0;16.0;16.0;16.0;16.0;16.0;16.0;16.0;16.0;16.0;16.0;16.0;17.0;17.0;17.0;16.0;15.0;13.0;13.0;13.0;13.0;13.0;13.0;13.0;13.0;13.0;13.0;13.0;12.0;11.0;12.0;12.0;12.0;12.0;12.0;11.0;11.0;11.0;10.0;8.0;6.0;5.0;1.0,300.0;750.0;1372.7272727272727;2171.4285714285716;3147.058823529412;4300.000000000001;5630.434782608695;7138.46153846154;8824.137931034482;10687.499999999998;12728.571428571428;14947.368421052633;25814.2857142857;50114.81481481482;138437.5;94514.28571428568;41780.18018018018;18224.999999999996;12736.129032258064;10376.947040498442;9123.076923076926;8389.156626506025;7943.137254901962;7674.666666666664;7524.557956777997;7458.215962441314;7454.066985645935;7497.959183673471;7222.523686477174;6733.183856502243;6652.808988764045;6616.135084427768;6614.310494362531;6640.967741935483;6691.40919366993;6533.793103448277;6421.487603305784;6345.283018867922;6110.979547900968;5600.0;4932.17821782178;4313.906810035842;3489.873798076923
1,16.0;16.0,999900.0
1,16.0;16.0,999900.0
1,16.0;16.0,999900.0
1,16.0;16.0,999900.0
1,16.0;16.0,999900.0
1,16.0;16.0,999900.0
1,16.0;16.0,999900.0
