numPlayed,heuristicList,remainingTime
34,20.0;16.0;16.0;16.0;16.0;16.0;16.0;16.0;16.0;17.0;17.0;16.0;15.0;13.0;13.0;13.0;13.0;13.0;13.0;13.0;13.0;13.0;13.0;13.0;13.0;13.0;13.0;11.0;12.0;12.0;11.0;11.0;10.0;7.0;2.147483647E9,400.0;766.6666666666666;1266.6666666666667;1900.0;2666.6666666666665;3566.666666666667;4600.0;5766.666666666666;9633.333333333332;16045.454545454544;16303.571428571431;12365.217391304346;7511.111111111113;5958.706467661692;5266.85393258427;4929.729729729731;4776.190476190476;4732.258064516129;4760.7344632768345;4840.871021775544;4960.180995475113;5110.699588477366;5287.106918238994;5485.714285714285;5703.88349514563;5939.677744209466;5621.447368421052;5650.602409638552;5708.703703703704;5556.0;5456.0;5199.999999999998;4521.052631578948;996600.0
10,20.0;16.0;16.0;16.0;16.0;16.0;15.0;16.0;17.0;17.0;17.0,400.0;766.6666666666666;1266.6666666666667;1900.0;2666.6666666666665;2766.6666666666665;3818.181818181818;6647.619047619047;11386.956521739132;19722.22222222222
1,16.0;16.0,999900.0
1,16.0;16.0,999900.0
1,16.0;16.0,999900.0
1,16.0;16.0,999900.0
1,16.0;16.0,999900.0
1,16.0;16.0,999900.0
1,16.0;16.0,999900.0
1,16.0;16.0,999900.0
1,16.0;16.0,999900.0
