numPlayed,heuristicList,remainingTime
4,3.0;2.0;1.0;0.0;1.0,20.0;10.0;0.0;3.3333333333333286
3,2.0;1.0;1.0;1.0,10.0;16.666666666666664;26.666666666666664
3,2.0;1.0;1.0;1.0,10.0;16.666666666666664;26.666666666666664
3,2.0;1.0;1.0;1.0,10.0;16.666666666666664;26.666666666666664
1,3.0;3.0,999990.0
1,3.0;2.0,20.0
1,4.0;3.0,30.0
1,3.0;2.0,20.0
1,3.0;2.0,20.0
1,3.0;2.0,20.0
1,3.0;2.0,20.0
