numPlayed,heuristicList,remainingTime
6,3.0;2.0;1.0;1.0;1.0;1.0;1.0,20.0;10.0;9.999999999999993;12.0;15.384615384615387;20.0
3,3.0;2.0;1.0;2.147483647E9,20.0;10.0;999970.0
1,4.0;3.0,30.0
1,4.0;3.0,30.0
1,4.0;3.0,30.0
1,4.0;3.0,30.0
1,3.0;3.0,999990.0
1,4.0;3.0,30.0
1,4.0;3.0,30.0
1,3.0;2.0,20.0
1,3.0;2.0,20.0
