numPlayed,heuristicList,remainingTime
25,25.0;21.0;21.0;19.0;19.0;20.0;17.0;17.0;17.0;16.0;16.0;13.0;11.0;11.0;11.0;11.0;11.0;11.0;11.0;11.0;12.0;11.0;12.0;12.0;12.0;2.147483647E9,525.0;1016.6666666666665;1044.4444444444446;1300.0;1959.5959595959594;1728.5714285714284;1763.2911392405063;1900.6535947712418;1914.1791044776114;2006.0240963855426;1730.1587301587306;1430.0;1280.9290953545233;1204.1499330655956;1168.6541737649063;1159.7633136094673;1169.629629629629;1193.6768149882896;1229.056203605514;1326.086956521739;1375.226860254084;1487.3504273504277;1605.7889068389877;1730.4747320061251;997500.0
19,25.0;21.0;20.0;20.0;20.0;18.0;16.0;14.0;14.0;13.0;14.0;14.0;13.0;13.0;13.0;14.0;14.0;13.0;13.0;13.0,525.0;780.0;1193.7499999999998;1727.2727272727275;1653.508771929825;1396.9696969696968;1147.2222222222222;1093.3333333333333;1035.8208955223884;1111.5702479338843;1210.1295641931683;1249.9999999999995;1313.3676092544988;1394.720965309201;1569.7916666666665;1757.528957528958;1865.1541593949983;1985.3503184713377;2116.983894582723
5,25.0;21.0;21.0;21.0;20.0;21.0,525.0;1016.6666666666665;1683.3333333333333;1960.0;3021.7391304347825
4,24.0;21.0;20.0;20.0;20.0,700.0;983.3333333333333;1484.6153846153848;2133.3333333333335
4,24.0;21.0;21.0;20.0;21.0,700.0;1366.6666666666667;1641.6666666666667;2857.142857142857
4,24.0;21.0;20.0;21.0;21.0,700.0;983.3333333333333;2000.0;3366.666666666666
3,22.0;19.0;19.0;19.0,633.3333333333334;1233.3333333333335;2044.4444444444448
1,2.147483647E9;2.147483647E9,999900.0
