numPlayed,heuristicList,remainingTime
57,8.0;7.0;7.0;7.0;7.0;7.0;7.0;7.0;7.0;7.0;7.0;7.0;7.0;7.0;7.0;7.0;7.0;7.0;7.0;7.0;7.0;7.0;7.0;7.0;7.0;7.0;7.0;7.0;7.0;7.0;5.0;5.0;5.0;5.0;5.0;5.0;5.0;5.0;5.0;5.0;5.0;5.0;5.0;5.0;5.0;5.0;5.0;5.0;5.0;5.0;5.0;5.0;5.0;6.0;6.0;5.0;3.0;2.0,700.0;1366.6666666666665;2266.6666666666665;3400.0;4766.666666666667;6366.666666666666;8200.0;10266.666666666666;12566.666666666664;15100.0;17866.666666666668;20866.666666666668;24099.999999999996;27566.66666666667;31266.666666666664;35200.0;39366.666666666664;43766.66666666666;48400.0;53266.666666666664;58366.66666666667;63700.0;69266.66666666667;75066.66666666667;81100.0;87366.66666666666;93866.66666666667;100599.99999999999;107566.66666666666;36900.0;23403.973509933774;17730.817610062895;14638.461538461539;12714.37125748503;11418.565400843883;10499.999999999996;9826.112185686656;9320.299884659746;8935.211267605637;8640.000000000002;8413.710030661408;8241.60583941606;8113.023782559458;8020.056497175141;7956.7164179104475;7918.386491557223;7901.449275362316;7903.030303030302;7920.816653322658;7952.926208651403;7997.8118161925595;8054.189944134081;8551.157407407405;9064.640883977898;9110.853739245533;8309.21312771847;7319.655891553701
29,8.0;7.0;7.0;7.0;7.0;7.0;7.0;7.0;7.0;7.0;7.0;7.0;7.0;7.0;7.0;7.0;7.0;7.0;7.0;7.0;7.0;7.0;7.0;7.0;7.0;7.0;7.0;7.0;7.0;7.0,700.0;1366.6666666666665;2266.6666666666665;3400.0;4766.666666666667;6366.666666666666;8200.0;10266.666666666666;12566.666666666664;15100.0;17866.666666666668;20866.666666666668;24099.999999999996;27566.66666666667;31266.666666666664;35200.0;39366.666666666664;43766.66666666666;48400.0;53266.666666666664;58366.66666666667;63700.0;69266.66666666667;75066.66666666667;81100.0;87366.66666666666;93866.66666666667;100599.99999999999;107566.66666666666
29,8.0;7.0;7.0;7.0;7.0;7.0;7.0;7.0;7.0;7.0;7.0;7.0;7.0;7.0;7.0;7.0;7.0;7.0;7.0;7.0;7.0;7.0;7.0;7.0;7.0;7.0;7.0;7.0;7.0;7.0,700.0;1366.6666666666665;2266.6666666666665;3400.0;4766.666666666667;6366.666666666666;8200.0;10266.666666666666;12566.666666666664;15100.0;17866.666666666668;20866.666666666668;24099.999999999996;27566.66666666667;31266.666666666664;35200.0;39366.666666666664;43766.66666666666;48400.0;53266.666666666664;58366.66666666667;63700.0;69266.66666666667;75066.66666666667;81100.0;87366.66666666666;93866.66666666667;100599.99999999999;107566.66666666666
1,7.0;7.0,999900.0
1,7.0;7.0,999900.0
1,7.0;7.0,999900.0
1,7.0;7.0,999900.0
1,7.0;7.0,999900.0
