numPlayed,heuristicList,remainingTime
3,24.0;14.0;9.0;2.0,140.0;108.88888888888886;22.535211267605632
1,24.0;17.0,242.85714285714283
1,24.0;18.0,300.0
1,24.0;18.0,300.0
1,24.0;19.0,380.0
1,24.0;18.0,300.0
1,24.0;19.0,380.0
1,24.0;18.0,300.0
