numPlayed,heuristicList,remainingTime
92,24.0;23.0;22.0;22.0;22.0;22.0;22.0;22.0;23.0;23.0;23.0;23.0;24.0;23.0;21.0;19.0;19.0;18.0;18.0;18.0;18.0;18.0;18.0;18.0;18.0;19.0;19.0;19.0;19.0;19.0;19.0;19.0;19.0;19.0;19.0;19.0;20.0;20.0;20.0;20.0;20.0;20.0;20.0;20.0;20.0;20.0;20.0;20.0;21.0;21.0;21.0;21.0;21.0;21.0;21.0;21.0;21.0;21.0;21.0;21.0;21.0;21.0;21.0;22.0;22.0;22.0;20.0;21.0;19.0;19.0;19.0;18.0;17.0;16.0;16.0;16.0;16.0;17.0;17.0;19.0;19.0;18.0;15.0;15.0;13.0;13.0;14.0;15.0;15.0;15.0;16.0;17.0;2.147483647E9,230.0;220.0;310.0;432.0;580.7692307692307;755.0;954.2105263157896;1883.8095238095234;4080.0;12350.0;999890.0;999880.0;999870.0;63210.0;2641.9642857142853;1565.090909090909;1089.8158379373847;893.3333333333335;792.3529411764707;735.7021996615902;703.4623655913978;686.2686567164179;679.1378363536518;679.1740412979351;714.0883977900552;750.8484848484849;789.375;829.6055684454759;871.4904552129224;914.9895178197064;960.0699999999999;1006.7049075844491;1054.8717948717951;1104.5518453427062;1155.7291666666667;1252.1608040201004;1353.081395348837;1458.5447556287756;1568.6029411764705;1683.3063209076176;1802.7036441586283;1926.8421052631575;2055.767405063291;2189.5238095238096;2328.154205607477;2471.7001545595053;2620.201942740286;2891.1216429699834;3187.394136807818;3511.624649859945;3866.7621527777783;4256.157989228007;4683.636926889714;5153.5838150289;5671.050000000001;6241.884961884961;6872.900432900433;7572.076749435664;8348.824685534595;9214.320987654319;10181.943005181345;11267.838328792006;13777.061611374407;17266.76691729323;22426.759474091246;21867.142857142848;24841.90140845071;20941.242078580468;18306.677316293943;16415.28925619835;13772.575250836118;11199.578947368422;9035.755494505494;7649.172310007525;6687.021072796934;5981.996672212978;5618.212889393365;5318.813324080501;5367.627404657441;5418.659658344283;5319.825327510917;4840.813503043718;4461.404773744405;3981.748586341888;3610.2821801314267;3373.596986817325;3229.9604417339706;3105.8423493044843;2997.8311266307774;2947.18897856944;2945.584503239742;999080.0
11,24.0;23.0;22.0;22.0;22.0;22.0;22.0;22.0;23.0;23.0;23.0;23.0,230.0;220.0;310.0;432.0;580.7692307692307;755.0;954.2105263157896;1883.8095238095234;4080.0;12350.0;999890.0
5,24.0;22.0;22.0;23.0;23.0;24.0,110.0;216.66666666666666;743.3333333333334;2260.0;999950.0
3,23.0;22.0;22.0;24.0,220.0;436.66666666666663;999970.0
3,23.0;22.0;22.0;23.0,220.0;436.66666666666663;999970.0
1,18.0;18.0,999990.0
1,19.0;19.0,999990.0
1,19.0;19.0,999990.0
