numPlayed,heuristicList,remainingTime
4,12.0;9.0;7.0;6.0;2.147483647E9,300.0;273.3333333333333;275.0;999600.0
2,9.0;6.0;6.0,200.0;366.66666666666674
1,9.0;8.0,800.0
1,10.0;9.0,900.0
1,11.0;10.0,1000.0
1,12.0;10.0,500.0
1,12.0;11.0,1100.0
1,12.0;10.0,500.0
1,11.0;9.0,450.0
1,10.0;9.0,900.0
1,11.0;10.0,1000.0
