numPlayed,heuristicList,remainingTime
6,10.0;6.0;4.0;4.0;4.0;4.0;4.0,150.0;122.22222222222229;150.0;200.0;268.5185185185185;354.5454545454545
2,12.0;9.0;2.147483647E9,300.0;999800.0
1,9.0;7.0,350.0
1,12.0;9.0,300.0
1,12.0;10.0,500.0
1,12.0;9.0,300.0
1,13.0;10.0,333.33333333333337
1,10.0;9.0,900.0
