numPlayed,heuristicList,remainingTime
3,11.0;8.0;6.0;2.147483647E9,266.6666666666667;233.33333333333331;999700.0
2,10.0;7.0;6.0,233.33333333333337;283.33333333333337
2,10.0;7.0;6.0,233.33333333333337;283.33333333333337
1,11.0;10.0,1000.0
1,13.0;10.0,333.33333333333337
1,12.0;9.0,300.0
1,9.0;7.0,350.0
1,12.0;10.0,500.0
1,12.0;11.0,1100.0
1,13.0;10.0,333.33333333333337
1,8.0;6.0,300.0
