numPlayed,heuristicList,remainingTime
6,12.0;9.0;7.0;6.0;4.0;2.0;1.0,300.0;273.3333333333333;275.0;199.9999999999999;103.53535353535358;28.0
2,9.0;6.0;6.0,200.0;366.66666666666674
1,10.0;8.0,400.0
1,12.0;10.0,500.0
1,12.0;10.0,500.0
1,12.0;9.0,300.0
1,12.0;10.0,500.0
1,11.0;9.0,450.0
1,13.0;12.0,1200.0
1,12.0;10.0,500.0
1,10.0;9.0,900.0
