numPlayed,heuristicList,remainingTime
7,9.0;6.0;6.0;4.0;4.0;4.0;4.0;4.0,20.0;36.66666666666667;26.66666666666667;28.33333333333333;33.33333333333333;40.47619047619048;49.41176470588235
4,11.0;9.0;7.0;6.0;2.147483647E9,45.0;35.0;33.529411764705884;999960.0
2,10.0;8.0;7.0,40.0;45.55555555555556
1,12.0;10.0,50.0
1,12.0;10.0,50.0
1,12.0;10.0,50.0
1,12.0;10.0,50.0
1,13.0;12.0,120.0
1,12.0;10.0,50.0
1,12.0;10.0,50.0
1,10.0;9.0,90.0
