numPlayed,heuristicList,remainingTime
7,12.0;10.0;9.0;7.0;6.0;4.0;4.0;2.147483647E9,50.0;58.8888888888889;44.375;38.66666666666667;26.851851851851862;23.33333333333333;999930.0
5,10.0;8.0;7.0;6.0;6.0;6.0,40.0;45.55555555555556;44.61538461538461;54.0;67.90123456790124
1,11.0;10.0,100.0
1,13.0;12.0,120.0
1,9.0;8.0,80.0
1,12.0;11.0,110.0
1,12.0;11.0,110.0
1,13.0;12.0,120.0
1,10.0;9.0,90.0
1,11.0;10.0,100.0
1,8.0;7.0,70.0
