numPlayed,heuristicList,remainingTime
7,9.0;6.0;6.0;4.0;4.0;4.0;4.0;4.0,20.0;36.66666666666667;26.66666666666667;28.33333333333333;33.33333333333333;40.47619047619048;49.41176470588235
3,11.0;9.0;7.0;2.147483647E9,45.0;35.0;999970.0
1,9.0;8.0,80.0
1,10.0;9.0,90.0
1,12.0;10.0,50.0
1,11.0;10.0,100.0
1,12.0;10.0,50.0
1,12.0;11.0,110.0
1,12.0;11.0,110.0
1,10.0;9.0,90.0
1,11.0;10.0,100.0
