numPlayed,heuristicList,remainingTime
19,20.0;16.0;16.0;15.0;15.0;13.0;13.0;13.0;12.0;12.0;10.0;9.0;9.0;9.0;9.0;9.0;9.0;9.0;9.0;2.147483647E9,400.0;766.6666666666666;966.6666666666667;1290.9090909090908;1170.940170940171;1242.8571428571431;1390.4109589041095;1409.5238095238096;1495.1219512195125;1345.2380952380954;1194.9404761904761;1130.0;1110.416666666667;1119.0476190476197;1147.3214285714284;1190.4761904761904;1245.654761904762;1311.0389610389602;998100.0
10,24.0;17.0;15.0;15.0;15.0;14.0;14.0;13.0;13.0;13.0;13.0,242.85714285714283;314.8148148148149;462.0689655172414;660.0;791.6666666666667;966.6666666666667;1053.6842105263158;1181.9209039548023;1340.4255319148942;1524.3902439024396
6,23.0;16.0;14.0;15.0;15.0;15.0;16.0,228.57142857142856;292.5925925925926;503.8461538461538;776.4705882352941;1111.111111111111;1772.7272727272725
4,21.0;17.0;17.0;17.0;16.0,425.0;816.6666666666666;1350.0;1560.0
1,18.0;17.0,1700.0
1,17.0;16.0,1600.0
1,17.0;16.0,1600.0
1,17.0;17.0,999900.0
1,17.0;16.0,1600.0
1,17.0;17.0,999900.0
1,17.0;16.0,1600.0
