numPlayed,heuristicList,remainingTime
10,20.0;17.0;16.0;14.0;14.0;14.0;14.0;14.0;14.0;14.0;14.0,566.6666666666667;783.3333333333334;731.578947368421;880.0;1101.6260162601627;1376.923076923077;1700.0;2068.4684684684685;2481.176470588235;2937.5
9,19.0;16.0;16.0;14.0;14.0;14.0;14.0;14.0;14.0;14.0,533.3333333333334;1033.3333333333335;933.3333333333335;1116.6666666666665;1393.939393939394;1738.095238095238;2141.176470588235;2600.0;3113.04347826087
9,18.0;17.0;16.0;15.0;14.0;14.0;14.0;14.0;14.0;14.0,1700.0;1600.0;1500.0;1400.0;1577.7777777777778;1860.0000000000005;2212.0;2622.2222222222226;3085.7142857142853
5,17.0;16.0;15.0;15.0;15.0;2.147483647E9,1600.0;1500.0;2100.0;2920.0;999500.0
4,18.0;17.0;16.0;16.0;16.0,1700.0;1600.0;2242.857142857143;3120.000000000001
2,17.0;16.0;16.0,1600.0;3166.6666666666665
2,17.0;16.0;16.0,1600.0;3166.6666666666665
2,17.0;16.0;16.0,1600.0;3166.6666666666665
