numPlayed,heuristicList,remainingTime
1,5.0;4.0,400.0
1,4.0;1.0,33.33333333333334
1,8.0;4.0,100.0
1,8.0;5.0,166.66666666666669
1,5.0;2.147483647E9,999900.0
0,5.0,
0,6.0,
0,5.0,
0,5.0,
0,5.0,
0,5.0,
