numPlayed,heuristicList,remainingTime
1,8.0;5.0,166.66666666666669
1,6.0;4.0,200.0
1,5.0;2.147483647E9,999900.0
0,6.0,
0,8.0,
0,5.0,
0,4.0,
0,8.0,
