numPlayed,heuristicList,remainingTime
1,6.0;2.0,50.0
1,8.0;5.0,166.66666666666669
1,5.0;0.0,0.0
1,5.0;0.0,0.0
1,8.0;2.0,33.33333333333334
1,5.0;2.147483647E9,999900.0
0,5.0,
0,5.0,
0,5.0,
0,8.0,
0,5.0,
