numPlayed,heuristicList,remainingTime
2,6.0;5.0;5.0,500.0;966.6666666666665
2,6.0;5.0;2.147483647E9,500.0;999800.0
1,6.0;5.0,500.0
1,6.0;5.0,500.0
1,6.0;5.0,500.0
1,6.0;5.0,500.0
1,6.0;5.0,500.0
1,5.0;5.0,999900.0
