numPlayed,heuristicList,remainingTime
39,24.0;20.0;19.0;20.0;18.0;18.0;16.0;16.0;16.0;16.0;14.0;13.0;12.0;10.0;10.0;10.0;11.0;11.0;11.0;10.0;10.0;10.0;9.0;8.0;8.0;8.0;8.0;8.0;8.0;8.0;9.0;9.0;9.0;9.0;9.0;9.0;9.0;9.0;8.0;2.147483647E9,50.0;74.0;144.6153846153846;148.33333333333334;173.33333333333331;156.20689655172418;160.74074074074073;174.10256410256417;192.75590551181114;181.76470588235298;168.43749999999994;154.34482758620692;132.3821989528796;120.60478199718705;114.22261484098937;116.63551401869154;120.43639740018574;125.36523929471036;125.6692913385827;127.3035230352304;130.0092678405931;128.39464882943145;123.1487025948104;119.56639566395665;117.26485148514848;115.98329536826117;115.53797468354429;115.79567779960695;116.65747549019608;122.26596675415573;128.21786310517524;134.50385740888538;141.1162079510703;148.04842259721204;155.29501645510106;162.8513238289205;170.71335078534037;173.7120266333751;999610.0
28,20.0;19.0;17.0;16.0;15.0;12.0;11.0;10.0;11.0;11.0;11.0;11.0;11.0;11.0;11.0;11.0;10.0;10.0;10.0;9.0;8.0;8.0;8.0;8.0;8.0;8.0;8.0;9.0;9.0,190.0;114.44444444444446;113.57142857142856;113.84615384615384;83.96226415094338;72.32558139534882;65.0;70.54852320675107;78.31578947368419;87.83783783783784;98.88451443569554;111.32867132867128;125.09433962264151;140.13333333333333;156.41361256544502;163.3488372093023;171.77824267782432;181.4828897338403;181.9898819561551;174.99999999999994;171.02998696219032;169.25058548009372;169.1392136025504;170.35019455252916;172.64573991031392;175.85690515806982;187.63074484944525;199.93948562783658
9,24.0;21.0;19.0;18.0;16.0;16.0;16.0;16.0;17.0;16.0,70.0;75.33333333333333;87.5;83.15789473684211;93.75;110.54054054054055;131.6304347826087;173.0718954248366;199.09090909090907
5,27.0;21.0;21.0;21.0;21.0;20.0,35.0;66.66666666666667;110.0;165.0;193.33333333333331
4,25.0;20.0;20.0;21.0;21.0,40.0;76.66666666666667;164.16666666666669;285.71428571428567
2,22.0;20.0;22.0,100.0;999980.0
2,22.0;20.0;21.0,100.0;410.0
1,2.147483647E9;2.147483647E9,999990.0
