numPlayed,heuristicList,remainingTime
72,23.0;18.0;16.0;13.0;12.0;11.0;10.0;9.0;8.0;7.0;6.0;5.0;4.0;4.0;4.0;4.0;4.0;4.0;4.0;4.0;4.0;4.0;3.0;3.0;3.0;3.0;3.0;3.0;3.0;3.0;3.0;3.0;3.0;3.0;3.0;3.0;3.0;3.0;3.0;3.0;3.0;3.0;3.0;3.0;3.0;3.0;3.0;3.0;3.0;3.0;3.0;3.0;3.0;3.0;3.0;3.0;3.0;3.0;3.0;3.0;3.0;3.0;3.0;3.0;3.0;3.0;3.0;3.0;3.0;3.0;3.0;3.0;2.147483647E9,36.0;44.28571428571429;39.6875;40.74074074074072;41.9753086419753;42.28070175438596;41.36363636363636;39.20792079207921;35.907335907335906;31.595092024539866;26.4108910891089;20.485829959514177;16.25;13.086053412462917;10.667539267015712;8.805620608899318;7.3834745762711975;6.324951644100565;5.578291814946624;5.107084019769388;4.884969325153378;2.485875706214699;0.4013961605584768;-1.4146341463414558;-2.9965753424658033;-4.370529327610853;-5.556680161943348;-6.5708812260535865;-7.425757575757586;-8.131487889273387;-8.696369636963652;-9.12723449001055;-9.42975830815709;-9.608695652173878;-9.668059424326884;-9.611260053619219;-9.441214470284251;-9.160432252701582;-8.771084337349407;-8.275058275058313;-7.6740030097818135;-6.969365426695845;-6.162420382165635;-5.25429553264604;-4.245991983967997;-3.1384015594541665;-1.932321315623085;-0.6284658040664794;0.7725225225225927;2.270064440539045;3.863636363636374;5.552763819095617;7.337015821058344;9.216000000000008;11.189358372456923;13.256763654925862;15.417916041979083;17.672540381791464;20.020383693045687;22.461212976022466;24.994813278008337;27.620985979194984;30.339547270306298;33.15032679738556;36.053166452717164;39.047919293820996;42.13444857496904;45.31262687779122;48.58233532934128;51.9434628975265;55.39590575511784;999280.0
24,23.0;18.0;16.0;14.0;12.0;11.0;10.0;9.0;8.0;7.0;6.0;6.0;6.0;6.0;6.0;6.0;6.0;6.0;6.0;6.0;6.0;6.0;6.0;6.0;6.0,36.0;44.28571428571429;46.20689655172414;43.84615384615384;43.54166666666666;42.98245614035088;41.548387096774206;39.08496732026144;35.61068702290076;31.212121212121218;28.83584589614739;27.725321888412026;27.509363295880178;27.98449612403101;29.029850746268664;30.569105691056905;32.55169561621176;34.94279176201377;37.71762208067943;40.858085808580825;44.35064935064935;48.1849912739965;52.353102690829246;56.84867394695789
1,21.0;18.0,60.0
1,22.0;20.0,100.0
1,18.0;18.0,999990.0
1,18.0;18.0,999990.0
1,20.0;17.0,56.66666666666667
1,19.0;18.0,180.0
