numPlayed,heuristicList,remainingTime
5,10.0;5.0;5.0;5.0;5.0;5.0,100.0;166.66666666666669;266.66666666666674;400.0;566.6666666666667
5,6.0;5.0;4.0;2.0;1.0;1.0,500.0;400.0;176.92307692307696;76.92307692307696;34.18803418803418
2,6.0;5.0;5.0,500.0;966.6666666666665
2,6.0;5.0;5.0,500.0;966.6666666666665
2,6.0;5.0;5.0,500.0;966.6666666666665
1,5.0;5.0,999900.0
1,5.0;5.0,999900.0
1,5.0;5.0,999900.0
