numPlayed,heuristicList,remainingTime
25,55.0;54.0;52.0;51.0;50.0;49.0;48.0;47.0;46.0;45.0;44.0;43.0;42.0;42.0;42.0;42.0;42.0;42.0;42.0;43.0;42.0;39.0;38.0;39.0;41.0;39.0,5400.0;3477.777777777778;3635.714285714286;3830.7692307692314;3968.9922480620153;4051.515151515151;4090.625;4097.512437810945;4080.6629834254145;4046.2184873949573;3998.583877995643;3940.932642487047;4008.7982832618027;4154.700854700855;4355.431309904154;4598.300283286118;4875.784563189143;5183.140877598151;5656.957928802587;6005.952380952381;5951.822916666668;5843.854324734446;5927.629477526809;6285.861182519278;6415.343915343916
5,60.0;59.0;56.0;55.0;56.0;56.0,5900.0;2816.6666666666665;3044.444444444445;4566.666666666667;6400.0
4,65.0;64.0;63.0;62.0;2.147483647E9,6400.0;6300.0;6200.0;999600.0
4,59.0;56.0;55.0;56.0;56.0,1866.6666666666667;2733.333333333333;5500.0;9200.0
3,56.0;55.0;54.0;55.0,5500.0;5400.0;13600.0
1,70.0;69.0,6900.0
1,67.0;66.0,6600.0
1,70.0;70.0,999900.0
