numPlayed,heuristicList,remainingTime
42,50.0;49.0;48.0;47.0;46.0;45.0;44.0;43.0;42.0;42.0;42.0;42.0;42.0;42.0;42.0;43.0;42.0;39.0;38.0;39.0;41.0;39.0;36.0;35.0;35.0;35.0;35.0;34.0;33.0;32.0;31.0;30.0;30.0;30.0;31.0;31.0;30.0;29.0;28.0;27.0;26.0;26.0;2.147483647E9,4900.0;4800.0;4700.0;4600.0;4500.0;4400.0;4300.0;4200.0;4373.076923076924;4687.5;5094.736842105263;5572.727272727272;6109.999999999998;6700.0;7690.476190476189;8349.238578680204;7973.305670816044;7548.9795918367345;7591.555555555555;8222.53000923361;8349.938347718864;7854.865424430642;7377.826340326339;7083.812405446291;6910.0;6820.2224870878035;6668.50770047796;6473.345935727788;6249.59349593496;6008.6142322097385;5758.7704644169735;5580.056292722156;5454.3555921956595;5435.845213849287;5441.03232946012;5403.4346103038315;5329.690048939641;5226.194067370538;5098.815949851994;4952.748312439731;4838.70566582102;995800.0
12,62.0;61.0;60.0;59.0;56.0;55.0;56.0;56.0;55.0;54.0;55.0;55.0;55.0,6100.0;6000.0;5900.0;4057.142857142857;3787.581699346405;4511.764705882353;5394.117647058823;5903.030303030303;6127.083333333333;6988.095238095238;7940.625;8979.629629629628
2,55.0;54.0;57.0,5400.0;999800.0
2,56.0;55.0;56.0,5500.0;999800.0
2,56.0;55.0;55.0,5500.0;10966.666666666666
1,70.0;70.0,999900.0
1,56.0;56.0,999900.0
1,55.0;55.0,999900.0
1,55.0;55.0,999900.0
1,55.0;56.0,999900.0
1,54.0;56.0,999900.0
