numPlayed,heuristicList,remainingTime
7,12.0;9.0;6.0;4.0;3.0;2.0;0.0;1.0,30.0;20.0;13.703703703703702;9.565217391304344;5.0;-2.830188679245275;-6.2222222222222285
1,10.0;9.0,90.0
1,10.0;9.0,90.0
1,10.0;10.0,999990.0
1,10.0;10.0,999990.0
1,10.0;9.0,90.0
1,10.0;10.0,999990.0
1,11.0;9.0,45.0
