numPlayed,heuristicList,remainingTime
36,11.0;10.0;10.0;10.0;10.0;10.0;10.0;10.0;10.0;10.0;10.0;10.0;10.0;9.0;9.0;10.0;10.0;9.0;9.0;9.0;9.0;9.0;9.0;8.0;7.0;6.0;6.0;6.0;6.0;6.0;6.0;6.0;6.0;6.0;6.0;2.0;1.0,1000.0;1966.6666666666665;3266.6666666666665;4899.999999999998;6866.666666666667;9166.666666666668;11799.999999999998;14766.666666666668;18066.666666666668;21700.0;25666.666666666668;29966.666666666664;16850.0;13206.666666666668;16576.923076923074;20547.368421052633;16895.061728395063;15128.571428571428;14205.813953488372;13738.562091503274;13549.15254237288;13544.776119402986;11646.242774566474;9288.135593220339;7222.222222222223;6062.4595469255655;5331.599999999999;4838.095238095238;4490.138067061143;4238.219895287959;4053.2863849765254;3917.163120567375;3817.898832684825;3747.311827956989;3067.708333333333;2467.9104477611954
13,11.0;10.0;10.0;10.0;10.0;10.0;10.0;10.0;10.0;10.0;10.0;10.0;10.0;10.0,1000.0;1966.6666666666665;3266.6666666666665;4899.999999999998;6866.666666666667;9166.666666666668;11799.999999999998;14766.666666666668;18066.666666666668;21700.0;25666.666666666668;29966.666666666664;34599.99999999999
13,11.0;10.0;10.0;10.0;10.0;10.0;10.0;10.0;10.0;10.0;10.0;10.0;10.0;10.0,1000.0;1966.6666666666665;3266.6666666666665;4899.999999999998;6866.666666666667;9166.666666666668;11799.999999999998;14766.666666666668;18066.666666666668;21700.0;25666.666666666668;29966.666666666664;34599.99999999999
13,11.0;10.0;10.0;10.0;10.0;10.0;10.0;10.0;10.0;10.0;10.0;10.0;10.0;10.0,1000.0;1966.6666666666665;3266.6666666666665;4899.999999999998;6866.666666666667;9166.666666666668;11799.999999999998;14766.666666666668;18066.666666666668;21700.0;25666.666666666668;29966.666666666664;34599.99999999999
13,11.0;10.0;10.0;10.0;10.0;10.0;10.0;10.0;10.0;10.0;10.0;10.0;10.0;10.0,1000.0;1966.6666666666665;3266.6666666666665;4899.999999999998;6866.666666666667;9166.666666666668;11799.999999999998;14766.666666666668;18066.666666666668;21700.0;25666.666666666668;29966.666666666664;34599.99999999999
12,11.0;10.0;10.0;10.0;10.0;10.0;10.0;10.0;10.0;10.0;10.0;10.0;10.0,1000.0;1966.6666666666665;3266.6666666666665;4899.999999999998;6866.666666666667;9166.666666666668;11799.999999999998;14766.666666666668;18066.666666666668;21700.0;25666.666666666668;29966.666666666664
1,10.0;10.0,999900.0
1,10.0;10.0,999900.0
