numPlayed,heuristicList,remainingTime
19,11.0;10.0;10.0;10.0;10.0;10.0;10.0;10.0;10.0;10.0;10.0;10.0;10.0;10.0;10.0;10.0;10.0;10.0;10.0;2.147483647E9,1000.0;1966.6666666666665;3266.6666666666665;4899.999999999998;6866.666666666667;9166.666666666668;11799.999999999998;14766.666666666668;18066.666666666668;21700.0;25666.666666666668;29966.666666666664;34599.99999999999;39566.66666666668;44866.666666666664;50500.0;56466.66666666667;62766.66666666665;998100.0
19,11.0;10.0;10.0;10.0;10.0;10.0;10.0;10.0;10.0;10.0;10.0;10.0;10.0;10.0;10.0;10.0;10.0;10.0;10.0;10.0,1000.0;1966.6666666666665;3266.6666666666665;4899.999999999998;6866.666666666667;9166.666666666668;11799.999999999998;14766.666666666668;18066.666666666668;21700.0;25666.666666666668;29966.666666666664;34599.99999999999;39566.66666666668;44866.666666666664;50500.0;56466.66666666667;62766.66666666665;69400.0
19,11.0;10.0;10.0;10.0;10.0;10.0;10.0;10.0;10.0;10.0;10.0;10.0;10.0;10.0;10.0;10.0;10.0;10.0;10.0;10.0,1000.0;1966.6666666666665;3266.6666666666665;4899.999999999998;6866.666666666667;9166.666666666668;11799.999999999998;14766.666666666668;18066.666666666668;21700.0;25666.666666666668;29966.666666666664;34599.99999999999;39566.66666666668;44866.666666666664;50500.0;56466.66666666667;62766.66666666665;69400.0
18,11.0;10.0;10.0;10.0;10.0;10.0;10.0;10.0;10.0;10.0;10.0;10.0;10.0;10.0;10.0;10.0;10.0;10.0;10.0,1000.0;1966.6666666666665;3266.6666666666665;4899.999999999998;6866.666666666667;9166.666666666668;11799.999999999998;14766.666666666668;18066.666666666668;21700.0;25666.666666666668;29966.666666666664;34599.99999999999;39566.66666666668;44866.666666666664;50500.0;56466.66666666667;62766.66666666665
18,11.0;10.0;10.0;10.0;10.0;10.0;10.0;10.0;10.0;10.0;10.0;10.0;10.0;10.0;10.0;10.0;10.0;10.0;10.0,1000.0;1966.6666666666665;3266.6666666666665;4899.999999999998;6866.666666666667;9166.666666666668;11799.999999999998;14766.666666666668;18066.666666666668;21700.0;25666.666666666668;29966.666666666664;34599.99999999999;39566.66666666668;44866.666666666664;50500.0;56466.66666666667;62766.66666666665
1,10.0;10.0,999900.0
1,10.0;10.0,999900.0
1,10.0;10.0,999900.0
1,10.0;10.0,999900.0
1,10.0;10.0,999900.0
1,10.0;10.0,999900.0
