numPlayed,heuristicList,remainingTime
35,7.0;6.0;5.0;5.0;4.0;3.0;3.0;3.0;3.0;3.0;2.0;2.0;2.0;2.0;2.0;2.0;2.0;2.0;2.0;2.0;2.0;2.0;2.0;2.0;1.0;1.0;1.0;1.0;1.0;1.0;1.0;1.0;1.0;1.0;1.0;1.0,600.0;500.0;671.4285714285713;571.4285714285716;423.0769230769232;394.73684210526324;406.0;438.70967741935465;486.4864864864867;416.6666666666665;379.09604519773984;360.0;353.0864197530866;355.072463768116;364.0776699029125;378.94736842105226;398.9333333333334;423.52941176470586;452.38095238095275;485.23206751054886;521.8934911242609;562.2222222222222;606.1082024432808;525.233644859813;458.8607594936707;403.33333333333394;356.1837455830387;315.68627450980375;280.59777102330327;250.0;223.19999999999982;199.66499162479113;178.97862232779153;160.8108108108113;144.89650249821534
7,7.0;6.0;5.0;4.0;4.0;4.0;4.0;4.0,600.0;500.0;400.0;450.0000000000001;545.4545454545453;671.4285714285711;823.5294117647059
7,7.0;6.0;5.0;4.0;4.0;4.0;4.0;4.0,600.0;500.0;400.0;450.0000000000001;545.4545454545453;671.4285714285711;823.5294117647059
3,7.0;6.0;5.0;5.0,600.0;500.0;671.4285714285713
3,7.0;6.0;5.0;5.0,600.0;500.0;671.4285714285713
2,6.0;5.0;5.0,500.0;966.6666666666665
2,6.0;5.0;5.0,500.0;966.6666666666665
1,5.0;5.0,999900.0
