numPlayed,heuristicList,remainingTime
3,10.0;5.0;5.0;5.0,10.0;16.66666666666667;26.66666666666667
3,9.0;5.0;5.0;5.0,12.5;21.666666666666657;35.0
3,10.0;5.0;5.0;5.0,10.0;16.66666666666667;26.66666666666667
3,10.0;5.0;5.0;5.0,10.0;16.66666666666667;26.66666666666667
3,9.0;5.0;5.0;5.0,12.5;21.666666666666657;35.0
2,7.0;5.0;2.147483647E9,25.0;999980.0
1,7.0;5.0,25.0
1,5.0;5.0,999990.0
1,6.0;5.0,50.0
1,5.0;5.0,999990.0
1,5.0;5.0,999990.0
