numPlayed,heuristicList,remainingTime
2,10.0;5.0;5.0,10.0;16.66666666666667
2,10.0;5.0;2.147483647E9,10.0;999980.0
1,5.0;5.0,999990.0
1,10.0;7.0,23.333333333333336
1,6.0;5.0,50.0
1,7.0;6.0,60.0
1,5.0;5.0,999990.0
1,6.0;5.0,50.0
1,6.0;5.0,50.0
1,6.0;5.0,50.0
1,5.0;5.0,999990.0
