numPlayed,heuristicList,remainingTime
6,6.0;5.0;4.0;2.0;1.0;0.0;1.0,50.0;40.0;17.692307692307693;7.692307692307693;-1.1363636363636331;-2.857142857142861
5,10.0;5.0;5.0;5.0;5.0;5.0,10.0;16.66666666666667;26.66666666666667;40.0;56.66666666666667
2,6.0;5.0;5.0,50.0;96.66666666666666
2,6.0;5.0;5.0,50.0;96.66666666666666
2,6.0;5.0;5.0,50.0;96.66666666666666
1,5.0;5.0,999990.0
1,5.0;5.0,999990.0
1,5.0;5.0,999990.0
