numPlayed,heuristicList,remainingTime
27,7.0;6.0;5.0;5.0;5.0;4.0;3.0;3.0;3.0;3.0;3.0;3.0;3.0;3.0;3.0;3.0;3.0;3.0;3.0;3.0;3.0;3.0;3.0;3.0;3.0;3.0;3.0;3.0,60.0;50.0;67.14285714285712;91.99999999999997;78.7037037037037;57.5;51.73913043478261;51.111111111111086;53.1081081081081;56.81818181818181;61.83006535947712;67.93103448275863;75.0;82.96296296296296;91.77215189873417;101.39534883720933;111.81003584229393;123.0;134.95327102803742;147.66081871345028;161.1157024793389;175.31249999999994;190.24691358024694;205.9154929577465;222.31543624161077;239.44444444444434;257.30061349693244
17,6.0;5.0;4.0;3.0;3.0;3.0;3.0;3.0;3.0;3.0;3.0;3.0;3.0;3.0;3.0;3.0;3.0;3.0,50.0;40.0;30.0;32.500000000000014;38.636363636363626;47.14285714285715;57.64705882352942;70.0;84.13043478260869;100.0;117.58620689655172;136.875;157.85714285714283;180.52631578947364;204.8780487804878;230.909090909091;258.6170212765957
11,6.0;5.0;5.0;5.0;5.0;4.0;3.0;3.0;3.0;3.0;3.0;2.147483647E9,50.0;96.66666666666666;160.0;240.0;150.0;90.0;76.1764705882353;73.04347826086956;74.48275862068968;78.57142857142858;999890.0
8,7.0;6.0;5.0;5.0;5.0;5.0;5.0;5.0;5.0,60.0;50.0;67.14285714285712;91.99999999999997;123.07692307692307;160.0;202.63157894736844;250.90909090909088
4,6.0;5.0;5.0;5.0;5.0,50.0;96.66666666666666;160.0;240.0
4,6.0;5.0;5.0;5.0;5.0,50.0;96.66666666666666;160.0;240.0
4,6.0;5.0;5.0;5.0;5.0,50.0;96.66666666666666;160.0;240.0
4,6.0;5.0;5.0;5.0;5.0,50.0;96.66666666666666;160.0;240.0
